psm_index	ion_type	ion_number	mz	predicted	observed	rt	im
0	b	1	72.04439545	-9.96578407			
0	b	2	171.11280823	-6.78214836			
0	b	3	299.17138672	-5.64968538			
0	b	4	370.20849609	-5.80670834			
0	b	5	498.26705933	-7.26933098			
0	b	6	611.35113525	-6.83925724			
0	b	7	682.38824463	-7.88830471			
0	b	8	769.42028809	-9.49629498			
0	b	9	856.45233154	-9.78057480			
0	b	10	913.47381592	-9.64888763			
0	b	11	1026.55786133	-9.63850117			
0	b	12	1127.60559082	-9.78094196			
0	b	13	1226.67395020	-9.93945122			
0	b	14	1355.71655273	-9.91095448			
0	b	15	1454.78491211	-9.87496853			
0	b	16	1569.81188965	-9.93320751			
0	b	17	1640.84899902	-9.82208443			
0	b	18	1737.90173340	-9.96578407			
0	y	1	147.11276245	-6.85093546			
0	y	2	244.16552734	-5.17160177			
0	y	3	315.20263672	-6.67822123			
0	y	4	430.22958374	-6.91548300			
0	y	5	529.29803467	-6.91899729			
0	y	6	658.34063721	-6.68656206			
0	y	7	757.40905762	-7.63417339			
0	y	8	858.45672607	-7.15856647			
0	y	9	971.54077148	-8.92080975			
0	y	10	1028.56225586	-6.83566618			
0	y	11	1115.59423828	-6.87346315			
0	y	12	1202.62622070	-5.83254766			
0	y	13	1273.66333008	-5.32869053			
0	y	14	1386.74743652	-6.60379124			
0	y	15	1514.80603027	-8.51659966			
0	y	16	1585.84313965	-8.50835514			
0	y	17	1713.90173340	-9.96578407			
0	y	18	1812.97009277	-9.96578407			
1	b	1	114.09129333	-9.93503094			
1	b	2	213.15969849	-4.88299704			
1	b	3	326.24374390	-8.68593502			
1	b	4	440.28668213	-9.58939743			
1	b	5	497.30813599	-9.56957436			
1	b	6	611.35107422	-7.55235243			
1	b	7	708.40386963	-8.69078064			
1	b	8	821.48791504	-9.20982075			
1	b	9	922.53558350	-8.76734638			
1	b	10	1035.61962891	-9.49578476			
1	b	11	1182.68811035	-9.96578407			
1	b	12	1310.74670410	-9.96578407			
1	b	13	1439.78930664	-9.96578407			
1	b	14	1567.84790039	-9.96578407			
1	b	15	1710.90612793	-9.96351624			
1	b	16	1807.95886230	-9.95470428			
1	b	17	1894.99084473	-9.96578407			
1	y	1	147.11276245	-6.64961004			
1	y	2	234.14479065	-7.67922735			
1	y	3	331.19754028	-4.63279819			
1	y	4	474.25576782	-8.22797203			
1	y	5	602.31439209	-7.71830606			
1	y	6	731.35699463	-7.06828451			
1	y	7	859.41558838	-6.56150675			
1	y	8	1006.48400879	-5.07602787			
1	y	9	1119.56811523	-7.47545862			
1	y	10	1220.61584473	-7.02614403			
1	y	11	1333.69995117	-9.64378643			
1	y	12	1430.75268555	-7.75646162			
1	y	13	1544.79565430	-9.96578407			
1	y	14	1601.81713867	-9.95861340			
1	y	15	1715.86010742	-9.95085239			
1	y	16	1828.94421387	-9.96578407			
1	y	17	1928.01257324	-9.96578407			
2	b	1	114.09129333	-9.95675659			
2	b	2	227.17535400	-7.00870275			
2	b	3	454.32748413	-9.96578407			
2	b	4	511.34893799	-9.96578407			
2	b	5	568.37042236	-9.94600010			
2	b	6	715.43884277	-9.89580631			
2	b	7	843.53381348	-9.92525482			
2	b	8	972.57641602	-9.96578407			
2	b	9	1087.60327148	-9.91032219			
2	b	10	1188.65100098	-9.94890785			
2	b	11	1317.69360352	-9.83855057			
2	b	12	1446.73620605	-9.96578407			
2	b	13	1583.79516602	-9.91988373			
2	b	14	1720.85412598	-9.95495129			
2	b	15	1833.93823242	-9.95553970			
2	y	1	175.11891174	-5.40822601			
2	y	2	288.20297241	-6.42934036			
2	y	3	425.26187134	-5.28738356			
2	y	4	562.32080078	-5.71878386			
2	y	5	691.36340332	-6.39463139			
2	y	6	820.40600586	-7.41505527			
2	y	7	921.45367432	-8.01171303			
2	y	8	1036.48059082	-7.76104689			
2	y	9	1165.52319336	-7.61485434			
2	y	10	1293.61816406	-9.49413490			
2	y	11	1440.68652344	-9.90290642			
2	y	12	1497.70800781	-9.96578407			
2	y	13	1554.72949219	-9.92189312			
2	y	14	1781.88159180	-9.96578407			
2	y	15	1894.96569824	-9.96473217			
3	b	1	130.04981995	-9.51922321			
3	b	2	201.08694458	-7.48871803			
3	b	3	288.11898804	-8.07928276			
3	b	4	417.16159058	-8.23617935			
3	b	5	488.19869995	-8.19175243			
3	b	6	741.34619141	-8.30504990			
3	b	7	854.43023682	-8.45795441			
3	b	8	953.49865723	-9.27617741			
3	b	9	1010.52014160	-9.45453739			
3	b	10	1123.60412598	-9.95632458			
3	b	11	1270.67248535	-9.95055771			
3	b	12	1399.71508789	-9.93902969			
3	b	13	1514.74206543	-9.96578407			
3	b	14	1615.78979492	-9.93488979			
3	b	15	1729.83276367	-9.86172867			
3	b	16	1842.91687012	-9.95809364			
3	b	17	2002.94763184	-9.95821667			
3	b	18	2073.98486328	-9.96578407			
3	b	19	2187.06884766	-9.96421242			
3	b	20	2324.12768555	-9.94456482			
3	b	21	2395.16479492	-9.96578407			
3	b	22	2523.25976562	-9.95124817			
3	y	1	175.11891174	-6.99838686			
3	y	2	303.21383667	-8.68690395			
3	y	3	374.25094604	-7.70960283			
3	y	4	511.30984497	-7.00346947			
3	y	5	624.39392090	-7.71158600			
3	y	6	695.43103027	-7.61852217			
3	y	7	855.46173096	-9.43642426			
3	y	8	968.54577637	-9.96578407			
3	y	9	1082.58874512	-9.85465050			
3	y	10	1183.63647461	-9.34399223			
3	y	11	1298.66345215	-9.60922337			
3	y	12	1427.70605469	-9.84201241			
3	y	13	1574.77441406	-9.69992924			
3	y	14	1687.85852051	-9.96280479			
3	y	15	1744.88000488	-9.55026817			
3	y	16	1843.94836426	-9.95546436			
3	y	17	1957.03247070	-9.90137482			
3	y	18	2210.17993164	-9.96578407			
3	y	19	2281.21704102	-9.90892410			
3	y	20	2410.25952148	-9.96118355			
3	y	21	2497.29150391	-9.94577026			
3	y	22	2568.32861328	-9.96359158			
4	b	1	100.03929901	-9.96578407			
4	b	2	213.12335205	-6.98601866			
4	b	3	342.16592407	-9.66706944			
4	b	4	498.26702881	-8.76457214			
4	b	5	629.30755615	-9.42217255			
4	b	6	686.32904053	-9.06756401			
4	b	7	757.36614990	-8.00614548			
4	b	8	871.40905762	-8.02741909			
4	b	9	1045.49169922	-7.56600380			
4	b	10	1158.57580566	-8.96483326			
4	b	11	1287.61840820	-9.53517151			
4	b	12	1443.71948242	-9.82254314			
4	b	13	1574.76000977	-9.92000389			
4	b	14	1631.78149414	-9.96578407			
4	b	15	1728.83422852	-9.96578407			
4	b	16	1799.87133789	-9.96578407			
4	b	17	1946.90673828	-9.96578407			
4	b	18	2003.92822266	-9.96578407			
4	b	19	2100.98120117	-9.96578407			
4	b	20	2172.01831055	-9.92138195			
4	b	21	2285.10229492	-9.93543720			
4	b	22	2342.12377930	-9.92578506			
4	b	23	2413.16088867	-9.95190716			
4	b	24	2470.18237305	-9.95419979			
4	b	25	2583.26635742	-9.96578407			
4	b	26	2712.30883789	-9.96578407			
4	y	1	175.11891174	-6.70084524			
4	y	2	304.16146851	-8.56268787			
4	y	3	417.24551392	-9.65722466			
4	y	4	474.26696777	-8.09157658			
4	y	5	545.30413818	-7.73933983			
4	y	6	602.32562256	-6.24072266			
4	y	7	715.40966797	-7.16476202			
4	y	8	786.44677734	-7.67794085			
4	y	9	883.49951172	-7.16366529			
4	y	10	940.52099609	-7.24052000			
4	y	11	1087.55639648	-8.64913654			
4	y	12	1158.59350586	-9.20195293			
4	y	13	1255.64624023	-9.11089134			
4	y	14	1312.66772461	-9.80972004			
4	y	15	1443.70825195	-9.96578407			
4	y	16	1599.80932617	-9.93761253			
4	y	17	1728.85192871	-9.94586372			
4	y	18	1841.93603516	-9.96578407			
4	y	19	2016.01879883	-9.96578407			
4	y	20	2130.06176758	-9.92777348			
4	y	21	2201.09887695	-9.96578407			
4	y	22	2258.12036133	-9.96578407			
4	y	23	2389.16088867	-9.96128368			
4	y	24	2545.26196289	-9.96578407			
4	y	25	2674.30444336	-9.95946598			
4	y	26	2787.38842773	-9.95774555			
5	b	1	129.10218811	-3.31625009			
5	b	2	276.17062378	-6.83219481			
5	b	3	389.25466919	-7.60737991			
5	b	4	504.28158569	-9.35126305			
5	b	5	561.30310059	-8.72325802			
5	b	6	674.38714600	-7.79805470			
5	b	7	837.45050049	-7.40504980			
5	b	8	936.51892090	-7.74451017			
5	b	9	1023.55096436	-8.43570232			
5	b	10	1152.59350586	-8.37765789			
5	y	1	147.11276245	-5.50896215			
5	y	2	276.15533447	-7.54017305			
5	y	3	363.18734741	-5.17714214			
5	y	4	462.25576782	-6.93163633			
5	y	5	625.31909180	-6.43316269			
5	y	6	738.40313721	-8.89028931			
5	y	7	795.42462158	-6.94152069			
5	y	8	910.45153809	-5.57031012			
5	y	9	1023.53558350	-4.84112167			
5	y	10	1170.60400391	-5.88004398			
6	b	1	367.23397827	-8.45562744			
6	b	2	482.26092529	-7.69828320			
6	b	3	581.32934570	-8.43179417			
6	b	4	696.35626221	-8.02318096			
6	b	5	825.39886475	-8.02927208			
6	b	6	896.43597412	-7.52201033			
6	b	7	1059.49926758	-7.65899754			
6	b	8	1190.53979492	-8.73968029			
6	b	9	1304.58276367	-8.72146893			
6	b	10	1432.67773438	-9.96578407			
6	b	11	1531.74609375	-9.96578407			
6	b	12	1660.78869629	-9.96578407			
6	b	13	1773.87280273	-9.92832470			
6	b	14	1902.91540527	-9.96578407			
6	b	15	1989.94738770	-9.96578407			
6	b	16	2127.00634766	-9.96578407			
6	b	17	2240.09033203	-9.86722469			
6	b	18	2369.13281250	-9.87528229			
6	b	19	2426.15429688	-9.96355629			
6	b	20	2539.23828125	-9.90383816			
6	b	21	2640.28588867	-9.96578407			
6	b	22	2755.31274414	-9.96578407			
6	b	23	2884.35522461	-9.96225071			
6	b	24	2997.43920898	-9.96578407			
6	b	25	3111.48217773	-9.96578407			
6	b	26	3258.55053711	-9.96578407			
6	b	27	3371.63452148	-9.96578407			
6	y	1	175.11891174	-7.16279268			
6	y	2	288.20297241	-8.04321480			
6	y	3	435.27139282	-7.34148645			
6	y	4	549.31433105	-6.76265001			
6	y	5	662.39837646	-7.50189066			
6	y	6	791.44097900	-7.28216171			
6	y	7	906.46789551	-7.76478052			
6	y	8	1007.51556396	-7.66815090			
6	y	9	1120.59960938	-9.26995564			
6	y	10	1177.62109375	-8.87630463			
6	y	11	1306.66369629	-9.31503868			
6	y	12	1419.74780273	-9.86900711			
6	y	13	1556.80676270	-9.93349648			
6	y	14	1643.83874512	-9.91677856			
6	y	15	1772.88134766	-9.90548229			
6	y	16	1885.96545410	-9.96578407			
6	y	17	2015.00805664	-9.94177341			
6	y	18	2114.07641602	-9.95110893			
6	y	19	2242.17138672	-9.96531200			
6	y	20	2356.21435547	-9.88608265			
6	y	21	2487.25488281	-9.93711758			
6	y	22	2650.31811523	-9.93961525			
6	y	23	2721.35522461	-9.95216656			
6	y	24	2850.39770508	-9.96486187			
6	y	25	2965.42456055	-9.94585037			
6	y	26	3064.49291992	-9.96578407			
6	y	27	3179.51977539	-9.96578407			
7	b	1	114.09129333	-9.94541168			
7	b	2	201.12332153	-6.18321562			
7	b	3	300.19174194	-9.36345196			
7	b	4	414.23468018	-8.40925789			
7	b	5	545.27520752	-8.50571251			
7	b	6	644.34362793	-8.75907230			
7	b	7	741.39642334	-9.92805958			
7	b	8	888.46484375	-9.30341434			
7	b	9	985.51763916	-9.96578407			
7	b	10	1141.61865234	-9.84485912			
7	b	11	1254.70275879	-9.96578407			
7	b	12	1391.76171875	-9.87001801			
7	b	13	1538.83020020	-9.73242855			
7	b	14	1685.89855957	-9.95663834			
7	b	15	1816.93908691	-9.96578407			
7	b	16	1913.99182129	-9.91891003			
7	b	17	1971.01330566	-9.95631695			
7	b	18	2118.08178711	-9.92340183			
7	b	19	2189.11889648	-9.96578407			
7	b	20	2286.17163086	-9.94345856			
7	b	21	2399.25561523	-9.92972374			
7	b	22	2500.30322266	-9.96578407			
7	b	23	2587.33520508	-9.96052074			
7	y	1	175.11891174	-7.74747849			
7	y	2	262.15093994	-9.28848267			
7	y	3	363.19860840	-8.42867947			
7	y	4	476.28268433	-9.21910286			
7	y	5	573.33544922	-5.90153933			
7	y	6	644.37255859	-7.39229059			
7	y	7	791.44097900	-8.30131817			
7	y	8	848.46246338	-7.10098362			
7	y	9	945.51525879	-5.89334011			
7	y	10	1076.55578613	-8.46688747			
7	y	11	1223.62426758	-8.98279667			
7	y	12	1370.69262695	-9.05656052			
7	y	13	1507.75158691	-9.79872131			
7	y	14	1620.83569336	-9.84326363			
7	y	15	1776.93676758	-9.96578407			
7	y	16	1873.98950195	-9.73988533			
7	y	17	2021.05786133	-9.96578407			
7	y	18	2118.11059570	-9.85726929			
7	y	19	2217.17895508	-9.96578407			
7	y	20	2348.21948242	-9.96578407			
7	y	21	2462.26245117	-9.96578407			
7	y	22	2561.33081055	-9.95698643			
7	y	23	2648.36279297	-9.96578407			
8	b	1	98.05999756	-9.96578407			
8	b	2	199.10766602	-5.50853348			
8	b	3	270.14477539	-5.75914574			
8	b	4	341.18188477	-6.85823917			
8	b	5	412.21899414	-6.43411064			
8	b	6	525.30310059	-8.20036697			
8	b	7	596.34020996	-8.99729633			
8	b	8	759.40350342	-9.85553074			
8	b	9	816.42498779	-9.92350674			
8	b	10	929.50903320	-9.96412468			
8	b	11	1044.53588867	-9.73781681			
8	b	12	1172.63085938	-9.83389854			
8	y	1	175.11891174	-5.94595289			
8	y	2	303.21383667	-5.14440870			
8	y	3	418.24078369	-9.14443493			
8	y	4	531.32489014	-9.84007168			
8	y	5	588.34637451	-6.68730927			
8	y	6	751.40966797	-6.22377539			
8	y	7	822.44677734	-4.81760883			
8	y	8	935.53082275	-5.69985723			
8	y	9	1006.56793213	-5.39250898			
8	y	10	1077.60510254	-5.79284239			
8	y	11	1148.64221191	-5.97511864			
8	y	12	1249.68994141	-8.39351463			
9	b	1	58.02870178	-9.90801525			
9	b	2	187.07128906	-5.69707060			
9	b	3	300.15536499	-6.89443684			
9	b	4	371.19247437	-7.74643040			
9	b	5	484.27651978	-8.91572189			
9	b	6	612.37152100	-9.56692123			
9	b	7	727.39843750	-8.31840134			
9	b	8	798.43554688	-8.98431492			
9	b	9	912.47845459	-9.07260036			
9	b	10	999.51049805	-9.06406021			
9	b	11	1127.60534668	-9.61481571			
9	b	12	1240.68945312	-9.90099812			
9	b	13	1327.72143555	-9.89612389			
9	b	14	1456.76403809	-9.77003956			
9	b	15	1569.84814453	-9.94999123			
9	b	16	1698.89074707	-9.94318962			
9	b	17	1769.92785645	-9.96578407			
9	b	18	1840.96496582	-9.96578407			
9	b	19	1954.04907227	-9.96578407			
9	b	20	2082.10766602	-9.96578407			
9	y	1	175.11891174	-6.77552319			
9	y	2	303.17745972	-6.91911221			
9	y	3	416.26150513	-6.86703062			
9	y	4	487.29861450	-5.99347210			
9	y	5	558.33575439	-5.25009489			
9	y	6	687.37835693	-5.52026033			
9	y	7	800.46240234	-6.77392626			
9	y	8	929.50500488	-8.29169750			
9	y	9	1016.53704834	-7.41084766			
9	y	10	1129.62109375	-8.12917709			
9	y	11	1257.71606445	-9.67565060			
9	y	12	1344.74804688	-9.84225178			
9	y	13	1458.79101562	-9.96578407			
9	y	14	1529.82812500	-9.96578407			
9	y	15	1644.85510254	-9.92950344			
9	y	16	1772.95007324	-9.96578407			
9	y	17	1886.03417969	-9.95076275			
9	y	18	1957.07128906	-9.96385574			
9	y	19	2070.15527344	-9.95395279			
9	y	20	2199.19775391	-9.96247864			
10	b	1	148.07565308	-9.96578407			
10	b	2	276.13424683	-6.03756523			
10	b	3	379.14343262	-9.40635109			
10	b	4	476.19619751	-9.80596638			
10	b	5	605.23883057	-9.90853882			
10	b	6	676.27593994	-9.76670647			
10	b	7	789.35998535	-9.81723118			
10	b	8	936.42840576	-9.96578407			
10	b	9	1064.48693848	-9.96578407			
10	b	10	1161.53967285	-9.82868195			
10	b	11	1248.57165527	-9.96578407			
10	b	12	1395.64001465	-9.96578407			
10	b	13	1508.72412109	-9.96578407			
10	b	14	1565.74560547	-9.47171402			
10	b	15	1712.78100586	-9.90615273			
10	b	16	1841.82360840	-9.91046524			
10	b	17	1928.85559082	-9.91373825			
10	b	18	2031.86474609	-9.96578407			
10	b	19	2088.88623047	-9.95421600			
10	b	20	2201.97021484	-9.95355511			
10	b	21	2339.02905273	-9.94502449			
10	b	22	2468.07153320	-9.96578407			
10	b	23	2569.11914062	-9.94679546			
10	b	24	2670.16674805	-9.96107960			
10	b	25	2817.23510742	-9.96578407			
10	b	26	2931.27807617	-9.93828487			
10	b	27	3018.31005859	-9.95244217			
10	b	28	3131.39404297	-9.96439457			
10	b	29	3278.42944336	-9.95599556			
10	y	1	147.11276245	-7.37140942			
10	y	2	294.14813232	-6.92818737			
10	y	3	407.23220825	-8.84859753			
10	y	4	494.26425171	-8.09185314			
10	y	5	608.30718994	-8.13382435			
10	y	6	755.37561035	-8.55312920			
10	y	7	856.42327881	-8.42425060			
10	y	8	957.47094727	-7.85808802			
10	y	9	1086.51354980	-7.74200296			
10	y	10	1223.57250977	-7.31647587			
10	y	11	1336.65661621	-9.66826916			
10	y	12	1393.67810059	-8.30308247			
10	y	13	1496.68725586	-9.49438286			
10	y	14	1583.71923828	-9.75169086			
10	y	15	1712.76184082	-9.56851959			
10	y	16	1859.79724121	-9.86963558			
10	y	17	1916.81872559	-9.78419399			
10	y	18	2029.90283203	-9.96578407			
10	y	19	2176.97119141	-9.96578407			
10	y	20	2264.00317383	-9.96578407			
10	y	21	2361.05590820	-9.94842243			
10	y	22	2489.11450195	-9.91412640			
10	y	23	2636.18286133	-9.93907166			
10	y	24	2749.26684570	-9.94825554			
10	y	25	2820.30395508	-9.96578407			
10	y	26	2949.34643555	-9.96241474			
10	y	27	3046.39916992	-9.93886280			
10	y	28	3149.40844727	-9.95804501			
10	y	29	3277.46704102	-9.96423817			
11	b	1	58.02870178	-9.95084763			
11	b	2	129.06581116	-8.15320492			
11	b	3	242.14987183	-5.35365820			
11	b	4	370.20846558	-7.73209333			
11	b	5	484.25140381	-7.88662624			
11	b	6	597.33551025	-7.51464844			
11	b	7	710.41955566	-8.90627193			
11	b	8	807.47235107	-9.96578407			
11	b	9	878.50946045	-9.96578407			
11	b	10	965.54150391	-9.96578407			
11	b	11	1066.58911133	-9.94516850			
11	b	12	1123.61059570	-9.96578407			
11	b	13	1208.66333008	-9.96578407			
11	b	14	1279.70043945	-9.96578407			
11	y	1	147.11276245	-7.13733101			
11	y	2	218.14988708	-8.24705029			
11	y	3	303.20266724	-9.30937862			
11	y	4	360.22412109	-7.61813021			
11	y	5	461.27178955	-7.73733711			
11	y	6	548.30383301	-6.93612146			
11	y	7	619.34094238	-8.61744213			
11	y	8	716.39367676	-2.73089242			
11	y	9	829.47772217	-4.15766668			
11	y	10	942.56176758	-6.21677065			
11	y	11	1056.60473633	-5.29995394			
11	y	12	1184.66333008	-8.53378963			
11	y	13	1297.74743652	-9.96578407			
11	y	14	1368.78454590	-9.96578407			
12	b	1	58.02870178	-9.96578407			
12	b	2	205.09712219	-6.27252340			
12	b	3	262.11859131	-5.98797941			
12	b	4	409.18701172	-7.36143398			
12	b	5	508.25543213	-8.47863770			
12	b	6	595.28747559	-9.58185101			
12	b	7	773.36169434	-9.36173439			
12	b	8	844.39880371	-9.42852497			
12	b	9	945.44647217	-9.15404797			
12	b	10	1044.51477051	-9.62810421			
12	b	11	1173.55737305	-9.75948906			
12	b	12	1302.59997559	-9.14296436			
12	b	13	1401.66833496	-9.96578407			
12	b	14	1516.69531250	-9.83395195			
12	b	15	1587.73242188	-9.88122749			
12	b	16	1658.76953125	-9.90959072			
12	b	17	1805.80493164	-9.96578407			
12	b	18	1919.84790039	-9.95554638			
12	b	19	1990.88500977	-9.94914818			
12	y	1	175.11891174	-6.63768053			
12	y	2	246.15602112	-8.74417973			
12	y	3	360.19894409	-7.36738634			
12	y	4	507.23434448	-6.44061756			
12	y	5	578.27148438	-5.78828812			
12	y	6	649.30859375	-5.02423286			
12	y	7	764.33551025	-4.73815775			
12	y	8	863.40393066	-6.33360434			
12	y	9	992.44653320	-6.91750431			
12	y	10	1121.48913574	-6.43960714			
12	y	11	1220.55749512	-8.59924889			
12	y	12	1321.60522461	-9.08632278			
12	y	13	1392.64233398	-9.46552944			
12	y	14	1570.71655273	-9.86986446			
12	y	15	1657.74853516	-9.95298958			
12	y	16	1756.81689453	-9.96578407			
12	y	17	1903.88525391	-9.96578407			
12	y	18	1960.90673828	-9.96578407			
12	y	19	2107.97509766	-9.95255375			
13	b	1	114.09129333	-9.93188763			
13	b	2	242.14987183	-4.49133587			
13	b	3	313.18698120	-6.10466146			
13	b	4	442.22958374	-8.37080479			
13	b	5	555.31372070	-9.01609039			
13	b	6	684.35632324	-9.55408096			
13	b	7	741.37780762	-9.50719738			
13	b	8	854.46185303	-9.78474331			
13	b	9	982.55682373	-9.95608711			
13	b	10	1039.57824707	-9.92555046			
13	b	11	1167.63684082	-9.88464165			
13	y	1	175.11891174	-6.49260378			
13	y	2	303.17745972	-9.41701984			
13	y	3	360.19891357	-6.35730410			
13	y	4	488.29385376	-6.61567736			
13	y	5	601.37792969	-8.56549835			
13	y	6	658.39941406	-5.14067411			
13	y	7	787.44201660	-5.62125254			
13	y	8	900.52612305	-4.82851934			
13	y	9	1029.56872559	-5.73241282			
13	y	10	1100.60583496	-3.81034803			
13	y	11	1228.66442871	-9.60949135			
14	b	1	115.05016327	-9.96578407			
14	b	2	262.11859131	-5.51852083			
14	b	3	375.20266724	-8.01026821			
14	b	4	432.22412109	-9.96578407			
14	b	5	489.24557495	-9.96578407			
14	b	6	602.32965088	-9.42243958			
14	b	7	730.42462158	-9.75775337			
14	b	8	859.46722412	-9.54905510			
14	b	9	974.49414062	-9.39732361			
14	b	10	1075.54174805	-9.78879261			
14	b	11	1204.58435059	-9.86714458			
14	b	12	1333.62695312	-9.90961838			
14	b	13	1496.69030762	-9.96578407			
14	b	14	1610.73327637	-9.96498489			
14	b	15	1723.81738281	-9.96430016			
14	y	1	175.11891174	-6.29956341			
14	y	2	288.20297241	-8.30986977			
14	y	3	402.24591064	-7.55905437			
14	y	4	565.30926514	-5.61925554			
14	y	5	694.35186768	-5.80731821			
14	y	6	823.39447021	-6.41884804			
14	y	7	924.44213867	-6.28044224			
14	y	8	1039.46899414	-6.59917545			
14	y	9	1168.51159668	-6.27895403			
14	y	10	1296.60656738	-7.56334352			
14	y	11	1409.69067383	-9.78191280			
14	y	12	1466.71215820	-9.94346237			
14	y	13	1523.73364258	-9.82651711			
14	y	14	1636.81774902	-9.96578407			
14	y	15	1783.88623047	-9.96578407			
15	b	1	130.04981995	-8.68229485			
15	b	2	267.10873413	-5.96834040			
15	b	3	364.16149902	-9.17338181			
15	b	4	550.24084473	-9.29482651			
15	b	5	679.28344727	-8.08289909			
15	b	6	778.35186768	-7.98509884			
15	b	7	925.38726807	-7.24105167			
15	b	8	1022.44000244	-9.96578407			
15	b	9	1137.46691895	-8.71110916			
15	b	10	1250.55102539	-9.14879799			
15	b	11	1410.58166504	-9.89224911			
15	b	12	1557.65002441	-9.96578407			
15	b	13	1720.71337891	-9.95808887			
15	b	14	1876.81445312	-9.96578407			
15	b	15	1991.84143066	-9.96578407			
15	b	16	2088.89428711	-9.96445847			
15	b	17	2217.93676758	-9.89050293			
15	b	18	2346.97924805	-9.92407513			
15	b	19	2460.06323242	-9.96578407			
15	b	20	2589.10571289	-9.96578407			
15	b	21	2717.20068359	-9.88371658			
15	b	22	2846.24316406	-9.96578407			
15	b	23	2975.28564453	-9.92242050			
15	b	24	3103.34423828	-9.93141079			
15	b	25	3174.38134766	-9.93806648			
15	b	26	3245.41845703	-9.96081734			
15	b	27	3316.45556641	-9.96578407			
15	b	28	3445.49804688	-9.96578407			
15	y	1	147.11276245	-7.35805464			
15	y	2	276.15533447	-8.10629749			
15	y	3	347.19244385	-7.92815495			
15	y	4	418.22955322	-8.28602695			
15	y	5	489.26666260	-8.04119396			
15	y	6	617.32525635	-8.77805233			
15	y	7	746.36785889	-8.24572277			
15	y	8	875.41046143	-7.63049412			
15	y	9	1003.50543213	-8.07275295			
15	y	10	1132.54797363	-8.73370743			
15	y	11	1245.63208008	-9.31055927			
15	y	12	1374.67468262	-9.55567360			
15	y	13	1503.71728516	-9.79277992			
15	y	14	1600.77001953	-9.35121346			
15	y	15	1715.79699707	-9.87973309			
15	y	16	1871.89807129	-9.92564774			
15	y	17	2034.96142578	-9.90146255			
15	y	18	2182.02978516	-9.96578407			
15	y	19	2342.06054688	-9.89136696			
15	y	20	2455.14453125	-9.94427586			
15	y	21	2570.17138672	-9.96229744			
15	y	22	2667.22412109	-9.83153725			
15	y	23	2814.25952148	-9.96330929			
15	y	24	2913.32788086	-9.91305542			
15	y	25	3042.37036133	-9.96578407			
15	y	26	3228.44970703	-9.95305729			
15	y	27	3325.50244141	-9.96578407			
15	y	28	3462.56127930	-9.95986366			
16	b	1	115.05016327	-9.86929321			
16	b	2	262.08554077	-5.72277403			
16	b	3	375.16958618	-6.52685213			
16	b	4	476.21725464	-7.95529175			
16	b	5	533.23876953	-9.46489906			
16	b	6	634.28643799	-8.98433018			
16	b	7	721.31848145	-9.55764675			
16	b	8	849.37707520	-9.33816433			
16	b	9	920.41418457	-9.25191879			
16	b	10	1035.44104004	-9.60018063			
16	b	11	1191.54211426	-9.68873405			
16	b	12	1262.57922363	-9.67965889			
16	b	13	1361.64758301	-8.23519897			
16	b	14	1474.73168945	-8.13470459			
16	b	15	1587.81579590	-9.00797558			
16	b	16	1686.88415527	-9.64551640			
16	b	17	1757.92126465	-9.95286465			
16	b	18	1828.95837402	-9.96578407			
16	b	19	1885.97985840	-9.96578407			
16	b	20	1985.04821777	-9.96578407			
16	b	21	2042.06970215	-9.96578407			
16	b	22	2171.11230469	-9.95237923			
16	b	23	2318.18066406	-9.96578407			
16	b	24	2447.22314453	-9.96578407			
16	b	25	2518.26025391	-9.96578407			
16	b	26	2575.28173828	-9.95436096			
16	b	27	2688.36572266	-9.96578407			
16	b	28	2775.39770508	-9.96578407			
16	y	1	147.11276245	-7.12267160			
16	y	2	234.14479065	-6.96843958			
16	y	3	347.22885132	-9.01784801			
16	y	4	404.25030518	-7.59472942			
16	y	5	475.28741455	-7.34619522			
16	y	6	604.33001709	-8.18824959			
16	y	7	751.39843750	-7.78988600			
16	y	8	880.44104004	-8.60240269			
16	y	9	937.46252441	-6.20979786			
16	y	10	1036.53088379	-8.26019001			
16	y	11	1093.55236816	-6.28585577			
16	y	12	1164.58947754	-6.87299395			
16	y	13	1235.62658691	-6.42825985			
16	y	14	1334.69494629	-7.37867928			
16	y	15	1447.77905273	-8.15435123			
16	y	16	1560.86315918	-8.77378559			
16	y	17	1659.93151855	-9.72471046			
16	y	18	1730.96862793	-9.96578407			
16	y	19	1887.06970215	-9.96578407			
16	y	20	2002.09667969	-9.89435387			
16	y	21	2073.13378906	-9.95528889			
16	y	22	2201.19238281	-9.96578407			
16	y	23	2288.22436523	-9.96578407			
16	y	24	2389.27197266	-9.96578407			
16	y	25	2446.29345703	-9.96578407			
16	y	26	2547.34106445	-9.95335579			
16	y	27	2660.42504883	-9.95067406			
16	y	28	2807.46044922	-9.96174431			
17	b	1	148.04261780	-9.64904404			
17	b	2	245.09538269	-6.34511232			
17	b	3	316.13250732	-6.68022919			
17	b	4	431.15945435	-5.60813761			
17	b	5	544.24353027	-6.11912203			
17	b	6	641.29632568	-9.61242294			
17	b	7	728.32836914	-9.71752453			
17	b	8	841.41241455	-9.67810917			
17	b	9	912.44952393	-9.59963703			
17	b	10	983.48663330	-9.87476349			
17	b	11	1098.51354980	-9.82478619			
17	b	12	1245.58190918	-9.90800953			
17	b	13	1344.65026855	-9.96578407			
17	b	14	1473.69287109	-9.96578407			
17	b	15	1560.72485352	-9.96578407			
17	y	1	147.11276245	-6.66522408			
17	y	2	234.14479065	-6.69153643			
17	y	3	363.18734741	-7.88602972			
17	y	4	462.25576782	-8.37590885			
17	y	5	609.32421875	-7.31496954			
17	y	6	724.35113525	-7.85258675			
17	y	7	795.38824463	-7.36038733			
17	y	8	866.42535400	-7.20003223			
17	y	9	979.50939941	-8.33969593			
17	y	10	1066.54138184	-7.89058208			
17	y	11	1163.59411621	-4.63311386			
17	y	12	1276.67822266	-7.67576408			
17	y	13	1391.70520020	-7.76726341			
17	y	14	1462.74230957	-8.00812531			
17	y	15	1559.79504395	-9.59939766			
18	b	1	171.11279297	-7.20977211			
18	b	2	270.18121338	-8.11884403			
18	b	3	369.24963379	-8.65574455			
18	b	4	484.27658081	-8.46340942			
18	b	5	599.30352783	-8.15379906			
18	b	6	670.34063721	-8.33466625			
18	b	7	833.40399170	-8.26353550			
18	b	8	980.43939209	-8.59600163			
18	b	9	1094.48229980	-8.63124657			
18	b	10	1222.57727051	-9.81571674			
18	b	11	1293.61437988	-9.74460220			
18	b	12	1422.65698242	-9.77958679			
18	b	13	1535.74108887	-9.52334213			
18	b	14	1664.78369141	-9.85855961			
18	b	15	1751.81567383	-9.71650219			
18	b	16	1888.87463379	-9.96307373			
18	b	17	2001.95874023	-9.83431530			
18	b	18	2131.00146484	-9.91267109			
18	b	19	2188.02294922	-9.94449425			
18	b	20	2301.10693359	-9.90417767			
18	b	21	2402.15454102	-9.96578407			
18	b	22	2517.18139648	-9.95394897			
18	b	23	2646.22387695	-9.96578407			
18	b	24	2759.30786133	-9.96578407			
18	b	25	2873.35083008	-9.96578407			
18	b	26	3020.41918945	-9.96578407			
18	b	27	3133.50317383	-9.96578407			
18	y	1	175.11891174	-7.14684391			
18	y	2	288.20297241	-8.66876221			
18	y	3	435.27139282	-8.45195198			
18	y	4	549.31433105	-7.91784000			
18	y	5	662.39837646	-8.20346832			
18	y	6	791.44097900	-7.33123159			
18	y	7	906.46789551	-7.65830326			
18	y	8	1007.51556396	-7.04304647			
18	y	9	1120.59960938	-8.37242985			
18	y	10	1177.62109375	-7.15340185			
18	y	11	1306.66369629	-6.81520987			
18	y	12	1419.74780273	-8.58919144			
18	y	13	1556.80676270	-9.26097202			
18	y	14	1643.83874512	-9.21500015			
18	y	15	1772.88134766	-9.42279148			
18	y	16	1885.96545410	-9.92953587			
18	y	17	2015.00805664	-9.72601223			
18	y	18	2086.04516602	-9.71717548			
18	y	19	2214.14013672	-9.77155590			
18	y	20	2328.18310547	-9.78665733			
18	y	21	2475.21850586	-9.85342503			
18	y	22	2638.28173828	-9.92611694			
18	y	23	2709.31884766	-9.94127464			
18	y	24	2824.34570312	-9.96578407			
18	y	25	2939.37255859	-9.88740635			
18	y	26	3038.44091797	-9.96578407			
18	y	27	3137.50927734	-9.96578407			
19	b	1	161.03793335	-9.88193893			
19	b	2	248.06996155	-9.96578407			
19	b	3	335.10198975	-9.96578407			
19	b	4	482.17041016	-9.96578407			
19	b	5	619.22937012	-9.65593910			
19	b	6	775.33050537	-9.50928211			
19	b	7	888.41455078	-9.64470387			
19	b	8	1001.49859619	-8.97878647			
19	b	9	1098.55126953	-9.75413513			
19	b	10	1155.57275391	-9.87329102			
19	b	11	1302.64123535	-9.96578407			
19	b	12	1449.67663574	-9.96578407			
19	b	13	1552.68579102	-9.96578407			
19	b	14	1680.74438477	-9.96578407			
19	b	15	1737.76586914	-9.65362740			
19	b	16	1794.78735352	-9.96578407			
19	b	17	1909.81433105	-9.45125389			
19	b	18	2056.88281250	-9.96578407			
19	b	19	2157.93041992	-9.96578407			
19	y	1	175.11891174	-7.19619942			
19	y	2	276.16656494	-9.29429817			
19	y	3	423.23498535	-6.30054760			
19	y	4	538.26196289	-9.50488281			
19	y	5	595.28344727	-9.07668972			
19	y	6	652.30493164	-8.06572723			
19	y	7	780.36352539	-8.85732555			
19	y	8	883.37274170	-9.96578407			
19	y	9	1030.40808105	-9.96578407			
19	y	10	1177.47656250	-9.96578407			
19	y	11	1234.49804688	-9.19881439			
19	y	12	1331.55078125	-8.09502506			
19	y	13	1444.63488770	-9.22862148			
19	y	14	1557.71899414	-9.41282749			
19	y	15	1713.82006836	-9.61782169			
19	y	16	1850.87902832	-9.96578407			
19	y	17	1997.94750977	-9.92294598			
19	y	18	2084.97949219	-9.96578407			
19	y	19	2172.01147461	-9.96578407			
20	b	1	190.05322266	-9.96578407			
20	b	2	287.10598755	-6.99680281			
20	b	3	358.14309692	-6.37632275			
20	b	4	472.18603516	-7.40069962			
20	b	5	600.24462891	-8.53577995			
20	b	6	715.27154541	-8.53933334			
20	b	7	816.31921387	-9.59724712			
20	b	8	929.40325928	-9.19221687			
20	b	9	1092.46655273	-9.83290863			
20	b	10	1221.50915527	-9.96578407			
20	b	11	1278.53063965	-9.81202984			
20	b	12	1391.61474609	-9.92148113			
20	b	13	1448.63623047	-9.96578407			
20	b	14	1505.65771484	-9.96578407			
20	b	15	1602.71044922	-9.96578407			
20	y	1	175.11891174	-7.83945417			
20	y	2	272.17166138	-9.16910172			
20	y	3	329.19311523	-8.42808533			
20	y	4	386.21456909	-6.68645144			
20	y	5	499.29861450	-9.38749504			
20	y	6	556.32012939	-5.78387165			
20	y	7	685.36273193	-6.50254202			
20	y	8	848.42602539	-5.02849960			
20	y	9	961.51007080	-6.81874990			
20	y	10	1062.55773926	-5.93873787			
20	y	11	1177.58471680	-5.98773336			
20	y	12	1305.64331055	-7.30181742			
20	y	13	1419.68627930	-7.23760986			
20	y	14	1490.72338867	-7.95352077			
20	y	15	1587.77612305	-9.57400990			
21	b	1	58.02870178	-9.93190861			
21	b	2	157.09710693	-6.86882734			
21	b	3	270.18118286	-6.62253332			
21	b	4	430.21188354	-9.73526382			
21	b	5	558.27050781	-9.63411236			
21	b	6	671.35455322	-9.95897579			
21	b	7	772.40222168	-9.77611732			
21	b	8	871.47064209	-9.89473343			
21	b	9	985.51354980	-9.94748974			
21	b	10	1100.54040527	-9.91766167			
21	b	11	1213.62451172	-9.93812847			
21	b	12	1310.67724609	-9.96578407			
21	b	13	1409.74560547	-9.89617443			
21	b	14	1466.76708984	-9.91038895			
21	y	1	175.11891174	-7.23210907			
21	y	2	232.14038086	-7.64625835			
21	y	3	331.20877075	-9.25909710			
21	y	4	428.26153564	-5.23157120			
21	y	5	541.34564209	-6.17401218			
21	y	6	656.37255859	-7.94551563			
21	y	7	770.41546631	-5.70827103			
21	y	8	869.48388672	-6.12478065			
21	y	9	970.53155518	-4.92260170			
21	y	10	1083.61560059	-6.18164349			
21	y	11	1211.67419434	-6.72232485			
21	y	12	1371.70483398	-9.45647144			
21	y	13	1484.78894043	-9.96578407			
21	y	14	1583.85729980	-9.95234299			
22	b	1	114.09129333	-9.96578407			
22	b	2	201.12332153	-7.17819118			
22	b	3	348.15872192	-9.23383808			
22	b	4	476.25369263	-8.93930721			
22	b	5	605.29632568	-6.84536457			
22	b	6	704.36474609	-7.33951616			
22	b	7	819.39166260	-7.69810438			
22	b	8	948.43426514	-8.34591293			
22	b	9	1076.49279785	-7.97923088			
22	b	10	1207.53332520	-8.08377743			
22	b	11	1320.61743164	-8.69464970			
22	b	12	1434.66040039	-8.67994022			
22	b	13	1533.72875977	-8.81373787			
22	b	14	1661.78735352	-9.40013981			
22	b	15	1775.83032227	-9.96578407			
22	y	1	147.11276245	-6.82516050			
22	y	2	261.15567017	-5.60458517			
22	y	3	389.21426392	-6.32164097			
22	y	4	488.28268433	-6.56812143			
22	y	5	602.32562256	-5.64650202			
22	y	6	715.40966797	-6.82397699			
22	y	7	846.45013428	-7.03997087			
22	y	8	974.50872803	-8.68059158			
22	y	9	1103.55126953	-7.69275379			
22	y	10	1218.57824707	-6.41887903			
22	y	11	1317.64660645	-6.91963816			
22	y	12	1446.68920898	-7.07298183			
22	y	13	1574.78417969	-9.22857761			
22	y	14	1721.81958008	-9.83231163			
22	y	15	1808.85156250	-9.96539021			
23	b	1	148.04261780	-9.91746235			
23	b	2	235.07464600	-8.34536266			
23	b	3	382.14306641	-9.42600632			
23	b	4	483.19073486	-9.36777020			
23	b	5	584.23846436	-9.96578407			
23	b	6	740.33953857	-8.67226124			
23	b	7	827.37158203	-9.49281597			
23	b	8	928.41925049	-9.45424652			
23	b	9	1075.48767090	-9.05002403			
23	b	10	1162.51965332	-9.19315815			
23	b	11	1263.56738281	-9.51217079			
23	b	12	1377.61035156	-9.43545628			
23	b	13	1540.67370605	-9.71110916			
23	b	14	1668.73229980	-9.96578407			
23	b	15	1755.76428223	-9.96578407			
23	b	16	1868.84838867	-9.78495312			
23	b	17	1925.86987305	-9.96578407			
23	b	18	2012.90185547	-9.96578407			
23	b	19	2111.97045898	-9.96578407			
23	b	20	2240.02905273	-9.96578407			
23	b	21	2311.06616211	-9.50605679			
23	b	22	2408.11889648	-9.92389870			
23	b	23	2495.15087891	-9.90410995			
23	b	24	2658.21411133	-9.96578407			
23	b	25	2715.23559570	-9.96578407			
23	b	26	2786.27270508	-9.82206726			
23	y	1	175.11891174	-7.15648842			
23	y	2	246.15602112	-9.45090961			
23	y	3	303.17745972	-8.21751022			
23	y	4	466.24078369	-8.69832134			
23	y	5	553.27282715	-8.71212578			
23	y	6	650.32556152	-6.20214653			
23	y	7	721.36267090	-7.34902000			
23	y	8	849.42126465	-7.49584436			
23	y	9	948.48968506	-8.20396137			
23	y	10	1035.52172852	-8.63522243			
23	y	11	1092.54321289	-7.84087563			
23	y	12	1205.62731934	-9.32717705			
23	y	13	1292.65930176	-8.73322678			
23	y	14	1420.71789551	-9.71950912			
23	y	15	1583.78125000	-9.37190628			
23	y	16	1697.82421875	-9.72500420			
23	y	17	1798.87194824	-9.42391586			
23	y	18	1885.90393066	-9.69472980			
23	y	19	2032.97241211	-9.92286968			
23	y	20	2134.02001953	-9.87481308			
23	y	21	2221.05200195	-9.92297745			
23	y	22	2377.15307617	-9.96578407			
23	y	23	2478.20068359	-9.96578407			
23	y	24	2579.24829102	-9.96578407			
23	y	25	2726.31665039	-9.96578407			
23	y	26	2813.34863281	-9.96578407			
24	b	1	148.04261780	-9.90644360			
24	b	2	219.07974243	-6.78526878			
24	b	3	276.10119629	-8.51248455			
24	b	4	333.12265015	-7.55370188			
24	b	5	446.20669556	-7.49844456			
24	b	6	517.24383545	-8.54298210			
24	b	7	574.26531982	-9.06088829			
24	b	8	721.30072021	-9.53229427			
24	b	9	778.32220459	-9.83012962			
24	b	10	835.34368896	-9.59085560			
24	b	11	948.42773438	-9.63023281			
24	b	12	1076.48620605	-9.84069920			
24	b	13	1190.52917480	-9.73482037			
24	b	14	1318.62414551	-9.89668179			
24	b	15	1446.71911621	-9.96578407			
24	b	16	1575.76171875	-9.85875416			
24	b	17	1676.80944824	-9.96578407			
24	b	18	1807.84997559	-9.91542816			
24	b	19	1935.90856934	-9.94821930			
24	b	20	2022.94055176	-9.96578407			
24	b	21	2136.02465820	-9.96578407			
24	b	22	2250.06762695	-9.96578407			
24	b	23	2365.09448242	-9.96578407			
24	y	1	175.11891174	-6.44517469			
24	y	2	290.14584351	-8.67735767			
24	y	3	404.18878174	-7.38308430			
24	y	4	517.27288818	-8.30921650			
24	y	5	604.30493164	-6.34713554			
24	y	6	732.36352539	-6.69939041			
24	y	7	863.40399170	-7.70661879			
24	y	8	964.45166016	-7.17845345			
24	y	9	1093.49426270	-6.62735510			
24	y	10	1221.58923340	-7.86491585			
24	y	11	1349.68420410	-9.19660282			
24	y	12	1463.72717285	-9.20987415			
24	y	13	1591.78576660	-9.38874531			
24	y	14	1704.86987305	-9.91579056			
24	y	15	1761.89135742	-9.96578407			
24	y	16	1818.91284180	-9.90437317			
24	y	17	1965.94824219	-9.96578407			
24	y	18	2022.96972656	-9.87997532			
24	y	19	2094.00683594	-9.96578407			
24	y	20	2207.09082031	-9.96578407			
24	y	21	2264.11230469	-9.96578407			
24	y	22	2321.13378906	-9.96578407			
24	y	23	2392.17089844	-9.96578407			
25	b	1	100.07564545	-9.92196274			
25	b	2	157.09710693	-7.30077362			
25	b	3	304.13247681	-9.22665882			
25	b	4	361.15393066	-9.49291229			
25	b	5	489.21249390	-9.25402927			
25	b	6	617.30749512	-9.96578407			
25	b	7	732.33441162	-8.92379570			
25	b	8	819.36645508	-8.93615437			
25	b	9	982.42974854	-8.42344761			
25	b	10	1111.47229004	-9.45150852			
25	b	11	1168.49377441	-9.65639019			
25	b	12	1283.52075195	-9.38628960			
25	b	13	1412.56335449	-9.88198948			
25	b	14	1483.60046387	-9.88712120			
25	b	15	1611.65905762	-9.96578407			
25	b	16	1698.69104004	-9.96578407			
25	b	17	1826.78601074	-9.96578407			
25	y	1	175.11891174	-5.99404049			
25	y	2	303.21383667	-8.91240025			
25	y	3	390.24588013	-6.74188995			
25	y	4	518.30450439	-7.40614748			
25	y	5	589.34161377	-5.65638351			
25	y	6	718.38421631	-6.14512348			
25	y	7	833.41113281	-8.54994392			
25	y	8	890.43261719	-5.08570385			
25	y	9	1019.47521973	-6.41283560			
25	y	10	1182.53857422	-8.88503265			
25	y	11	1269.57055664	-8.47060108			
25	y	12	1384.59753418	-8.68691635			
25	y	13	1512.69250488	-9.75745869			
25	y	14	1640.75109863	-9.96578407			
25	y	15	1697.77258301	-9.91189575			
25	y	16	1844.80798340	-9.96578407			
25	y	17	1901.82946777	-9.96578407			
26	b	1	100.07564545	-9.96578407			
26	b	2	213.15969849	-5.95181417			
26	b	3	327.20263672	-7.39947891			
26	b	4	441.24557495	-7.67810917			
26	b	5	588.28100586	-8.21753216			
26	b	6	717.32360840	-8.58932495			
26	b	7	831.40289307	-9.31126404			
26	b	8	888.42437744	-9.96578407			
26	b	9	989.47204590	-9.86698055			
26	b	10	1076.50402832	-9.90255451			
26	b	11	1189.58813477	-9.95062637			
26	b	12	1336.65661621	-9.91966152			
26	b	13	1451.68359375	-9.92087173			
26	b	14	1580.72619629	-9.89687729			
26	b	15	1709.76879883	-9.96578407			
26	b	16	1766.79028320	-9.96087837			
26	b	17	1837.82739258	-9.95503712			
26	y	1	147.11276245	-6.48275614			
26	y	2	218.14988708	-8.66994095			
26	y	3	275.17132568	-6.33136559			
26	y	4	404.21389771	-7.36849165			
26	y	5	533.25653076	-6.79219389			
26	y	6	648.28344727	-6.34486628			
26	y	7	795.35186768	-5.70113182			
26	y	8	908.43591309	-7.34172869			
26	y	9	995.46795654	-6.57683134			
26	y	10	1096.51562500	-7.87623310			
26	y	11	1153.53710938	-5.76971388			
26	y	12	1267.61633301	-5.82484579			
26	y	13	1396.65893555	-6.35388994			
26	y	14	1543.69433594	-7.35263300			
26	y	15	1657.73730469	-8.54530239			
26	y	16	1771.78027344	-8.99647427			
26	y	17	1884.86437988	-9.96578407			
27	b	1	88.03926086	-9.94400406			
27	b	2	145.06072998	-8.55605507			
27	b	3	260.08767700	-6.43583536			
27	b	4	331.12478638	-6.84362221			
27	b	5	402.16189575	-5.69824839			
27	b	6	515.24597168	-6.01813698			
27	b	7	614.31439209	-7.29872274			
27	b	8	729.34130859	-7.82773018			
27	b	9	876.37670898	-7.94898462			
27	b	10	975.44512939	-7.76012468			
27	b	11	1072.49780273	-9.96578407			
27	b	12	1129.51928711	-9.96578407			
27	b	13	1301.60400391	-9.49964523			
27	b	14	1398.65673828	-9.88201046			
27	b	15	1497.72509766	-9.37681293			
27	b	16	1660.78845215	-9.75244904			
27	b	17	1759.85681152	-9.74940395			
27	b	18	1888.89941406	-9.96578407			
27	b	19	1975.93139648	-9.96578407			
27	b	20	2123.00000000	-9.96578407			
27	b	21	2210.03198242	-9.93628311			
27	b	22	2325.05883789	-9.92975712			
27	b	23	2488.12207031	-9.96578407			
27	b	24	2585.17480469	-9.96528339			
27	b	25	2682.22753906	-9.96578407			
27	b	26	2795.31152344	-9.96578407			
27	b	27	2852.33300781	-9.96444511			
27	y	1	175.11891174	-7.75738525			
27	y	2	232.14038086	-8.08719254			
27	y	3	345.22442627	-9.77441406			
27	y	4	442.27719116	-8.02189922			
27	y	5	539.32995605	-5.72801828			
27	y	6	702.39331055	-6.06423187			
27	y	7	817.42022705	-8.17628288			
27	y	8	904.45227051	-7.16829967			
27	y	9	1051.52075195	-7.89804983			
27	y	10	1138.55273438	-7.21797609			
27	y	11	1267.59533691	-7.75822401			
27	y	12	1366.66369629	-8.40973854			
27	y	13	1529.72705078	-8.69694996			
27	y	14	1628.79541016	-9.78980255			
27	y	15	1725.84814453	-9.03894043			
27	y	16	1897.93286133	-9.89445496			
27	y	17	1954.95434570	-9.96578407			
27	y	18	2052.00708008	-9.78776360			
27	y	19	2151.07543945	-9.96578407			
27	y	20	2298.11083984	-9.95508957			
27	y	21	2413.13769531	-9.95133305			
27	y	22	2512.20605469	-9.96578407			
27	y	23	2625.29003906	-9.96578407			
27	y	24	2696.32714844	-9.96578407			
27	y	25	2767.36425781	-9.96319008			
27	y	26	2882.39111328	-9.95650005			
27	y	27	2939.41259766	-9.96151829			
28	b	1	114.09129333	-9.94977188			
28	b	2	259.14401245	-6.67131948			
28	b	3	422.20733643	-5.73627996			
28	b	4	521.27575684	-7.51429510			
28	b	5	622.32342529	-7.58433962			
28	b	6	735.40747070	-8.87361431			
28	b	7	850.43438721	-7.90720415			
28	b	8	997.50280762	-8.71454525			
28	b	9	1126.54528809	-8.61847401			
28	b	10	1254.60388184	-8.94224262			
28	b	11	1383.64648438	-8.70379257			
28	b	12	1514.68701172	-9.40623474			
28	b	13	1585.72412109	-9.57715416			
28	b	14	1686.77185059	-9.85712624			
28	b	15	1757.80895996	-9.93977547			
28	b	16	1828.84606934	-9.81956673			
28	b	17	1915.87805176	-9.83837605			
28	b	18	2002.91003418	-9.85602474			
28	b	19	2089.94213867	-9.87537098			
28	b	20	2176.97412109	-9.88742924			
28	b	21	2290.05810547	-9.83018208			
28	b	22	2419.10058594	-9.94396210			
28	y	1	147.11276245	-6.96473265			
28	y	2	276.15533447	-7.58178806			
28	y	3	389.23941040	-8.34144115			
28	y	4	476.27145386	-7.80074835			
28	y	5	563.30352783	-7.42662668			
28	y	6	650.33557129	-6.91355896			
28	y	7	737.36761475	-5.79560566			
28	y	8	808.40472412	-5.96893883			
28	y	9	879.44183350	-6.25247097			
28	y	10	980.48950195	-5.91783762			
28	y	11	1051.52661133	-6.42978287			
28	y	12	1182.56713867	-6.67380619			
28	y	13	1311.60974121	-6.74040508			
28	y	14	1439.66833496	-7.35812855			
28	y	15	1568.71093750	-7.16294432			
28	y	16	1715.77929688	-7.52802229			
28	y	17	1830.80627441	-7.12728596			
28	y	18	1943.89038086	-8.33856678			
28	y	19	2044.93811035	-8.98798847			
28	y	20	2144.00659180	-9.88340187			
28	y	21	2307.06982422	-9.84281635			
28	y	22	2452.12255859	-9.92562008			
29	b	1	129.06581116	-8.23591614			
29	b	2	242.14987183	-6.37822819			
29	b	3	405.21319580	-7.84310484			
29	b	4	534.25579834	-8.62705231			
29	b	5	663.29840088	-8.72954464			
29	b	6	792.34100342	-8.34472561			
29	b	7	905.42504883	-9.05264091			
29	b	8	1061.52612305	-9.06316662			
29	b	9	1190.56872559	-9.02692413			
29	b	10	1303.65283203	-8.27057076			
29	b	11	1431.71142578	-8.64769363			
29	b	12	1604.74389648	-8.74273491			
29	b	13	1790.82324219	-8.91271210			
29	b	14	1903.90734863	-8.94492626			
29	b	15	1990.93933105	-9.66492081			
29	b	16	2105.96630859	-9.68159771			
29	b	17	2207.01391602	-9.87080288			
29	b	18	2294.04589844	-9.81973267			
29	b	19	2393.11425781	-9.86844826			
29	b	20	2492.18261719	-9.96578407			
29	b	21	2605.26660156	-9.96578407			
29	b	22	2692.29858398	-9.96578407			
29	b	23	2839.33398438	-9.94699669			
29	b	24	2954.36083984	-9.96578407			
29	b	25	3068.40380859	-9.96578407			
29	b	26	3155.43579102	-9.95773602			
29	y	1	175.11891174	-7.41248894			
29	y	2	262.15093994	-9.32586288			
29	y	3	376.19384766	-6.45228052			
29	y	4	491.22079468	-8.54366589			
29	y	5	638.25622559	-8.52182198			
29	y	6	725.28826904	-7.24510956			
29	y	7	838.37231445	-7.25117874			
29	y	8	937.44073486	-6.07140446			
29	y	9	1036.50915527	-7.46401405			
29	y	10	1123.54113770	-7.47306061			
29	y	11	1224.58886719	-7.01023960			
29	y	12	1339.61584473	-7.54533005			
29	y	13	1426.64782715	-6.83318233			
29	y	14	1539.73193359	-8.63539028			
29	y	15	1725.81127930	-9.67651558			
29	y	16	1898.84375000	-9.66156292			
29	y	17	2026.90234375	-9.86641407			
29	y	18	2139.98632812	-9.96578407			
29	y	19	2269.02880859	-9.96578407			
29	y	20	2425.12988281	-9.96578407			
29	y	21	2538.21386719	-9.96578407			
29	y	22	2667.25634766	-9.96578407			
29	y	23	2796.29882812	-9.96578407			
29	y	24	2925.34130859	-9.96578407			
29	y	25	3088.40454102	-9.95766068			
29	y	26	3201.48852539	-9.96578407			
30	b	1	159.11192322	-9.96578407			
30	b	2	246.14395142	-6.94982719			
30	b	3	359.22799683	-9.39819908			
30	b	4	416.24945068	-8.76001072			
30	b	5	487.28656006	-8.50867844			
30	b	6	544.30804443	-9.46128464			
30	b	7	615.34515381	-9.20374489			
30	b	8	743.44012451	-9.48085403			
30	b	9	858.46704102	-8.99157810			
30	b	10	987.50964355	-8.66738892			
30	b	11	1100.59362793	-8.23095894			
30	b	12	1237.65258789	-8.69154167			
30	b	13	1350.73669434	-8.70325470			
30	b	14	1449.80505371	-9.13819504			
30	b	15	1578.84765625	-9.56024456			
30	b	16	1649.88476562	-9.89230156			
30	b	17	1778.92736816	-9.86795044			
30	b	18	1849.96447754	-9.93261051			
30	b	19	1996.99987793	-9.96578407			
30	b	20	2111.04296875	-9.85302448			
30	b	21	2274.10620117	-9.96578407			
30	b	22	2403.14868164	-9.93720245			
30	b	23	2460.17016602	-9.91584682			
30	b	24	2547.20214844	-9.96578407			
30	b	25	2644.25488281	-9.96578407			
30	b	26	2757.33886719	-9.96578407			
30	y	1	147.11276245	-7.34418964			
30	y	2	260.19680786	-8.88851070			
30	y	3	357.24957275	-6.32520580			
30	y	4	444.28158569	-9.11541653			
30	y	5	501.30303955	-6.77800608			
30	y	6	630.34564209	-8.16416454			
30	y	7	793.40893555	-7.47476482			
30	y	8	907.45184326	-7.21032143			
30	y	9	1054.48718262	-7.50169468			
30	y	10	1125.52429199	-7.48133469			
30	y	11	1254.56689453	-8.02212715			
30	y	12	1325.60400391	-7.83427095			
30	y	13	1454.64660645	-8.13029957			
30	y	14	1553.71496582	-8.69598770			
30	y	15	1666.79907227	-9.47025013			
30	y	16	1803.85803223	-9.66182995			
30	y	17	1916.94213867	-9.90463257			
30	y	18	2045.98474121	-9.92679787			
30	y	19	2161.01171875	-9.84661579			
30	y	20	2289.10668945	-9.95594025			
30	y	21	2360.14379883	-9.94853687			
30	y	22	2417.16528320	-9.95893669			
30	y	23	2488.20239258	-9.96578407			
30	y	24	2545.22387695	-9.95383072			
30	y	25	2658.30786133	-9.94457150			
30	y	26	2745.33984375	-9.95364857			
31	b	1	58.02870178	-9.91362190			
31	b	2	205.09712219	-5.99971724			
31	b	3	262.11859131	-6.33814859			
31	b	4	409.18701172	-7.94364357			
31	b	5	508.25543213	-8.69815922			
31	b	6	609.30316162	-9.10011959			
31	b	7	772.36651611	-9.31455231			
31	b	8	843.40362549	-9.41060448			
31	b	9	944.45129395	-9.63090897			
31	b	10	1043.51965332	-9.96578407			
31	b	11	1172.56225586	-9.96578407			
31	b	12	1301.60485840	-9.96578407			
31	b	13	1400.67321777	-9.96578407			
31	b	14	1515.70019531	-9.84203243			
31	b	15	1586.73730469	-9.89962292			
31	b	16	1657.77441406	-9.96578407			
31	b	17	1804.80981445	-9.96578407			
31	b	18	1918.85278320	-9.96578407			
31	b	19	1989.88989258	-9.96578407			
31	b	20	2145.99121094	-9.96547794			
31	b	21	2243.04394531	-9.96339703			
31	b	22	2380.10278320	-9.95545006			
31	y	1	147.11276245	-7.08424950			
31	y	2	284.17166138	-9.17875957			
31	y	3	381.22442627	-8.22499847			
31	y	4	537.32556152	-8.26775169			
31	y	5	608.36267090	-8.13816643			
31	y	6	722.40557861	-7.49979210			
31	y	7	869.44097900	-7.54748201			
31	y	8	940.47808838	-7.97650194			
31	y	9	1011.51519775	-7.91942215			
31	y	10	1126.54211426	-8.17361259			
31	y	11	1225.61047363	-9.48389339			
31	y	12	1354.65307617	-9.69604206			
31	y	13	1483.69567871	-9.58417416			
31	y	14	1582.76403809	-9.89753437			
31	y	15	1683.81176758	-9.88540936			
31	y	16	1754.84887695	-9.86773586			
31	y	17	1917.91223145	-9.95300961			
31	y	18	2018.95996094	-9.96578407			
31	y	19	2118.02832031	-9.96578407			
31	y	20	2265.09667969	-9.96087933			
31	y	21	2322.11816406	-9.95785236			
31	y	22	2469.18652344	-9.95935631			
32	b	1	215.10256958	-9.89307404			
32	b	2	272.12402344	-9.51755524			
32	b	3	369.17678833	-7.72047138			
32	b	4	516.24523926	-8.37510204			
32	b	5	573.26672363	-8.84701443			
32	b	6	701.32531738	-8.34123802			
32	b	7	814.40936279	-8.41150665			
32	b	8	977.47271729	-9.35878658			
32	b	9	1133.57373047	-8.26575279			
32	b	10	1230.62646484	-9.76511002			
32	b	11	1345.65344238	-8.66048622			
32	b	12	1459.69641113	-8.34594917			
32	b	13	1606.76477051	-8.21392250			
32	b	14	1705.83312988	-8.44810104			
32	b	15	1852.90148926	-9.54523659			
32	b	16	1909.92297363	-9.72847557			
32	b	17	2037.98156738	-9.87774563			
32	b	18	2125.01367188	-9.96578407			
32	b	19	2182.03515625	-9.96578407			
32	b	20	2253.07226562	-9.94576740			
32	b	21	2310.09375000	-9.96578407			
32	b	22	2424.13671875	-9.94435215			
32	b	23	2538.17968750	-9.93759441			
32	b	24	2724.25903320	-9.96578407			
32	b	25	2795.29614258	-9.96420193			
32	y	1	147.11276245	-7.61983824			
32	y	2	218.14988708	-7.93334579			
32	y	3	404.22918701	-7.99463558			
32	y	4	518.27215576	-8.47048092			
32	y	5	632.31506348	-9.23765278			
32	y	6	689.33654785	-7.36000252			
32	y	7	760.37365723	-8.29019642			
32	y	8	817.39514160	-7.07142496			
32	y	9	904.42718506	-5.96174717			
32	y	10	1032.48571777	-8.40838909			
32	y	11	1089.50720215	-5.80583429			
32	y	12	1236.57568359	-5.64777851			
32	y	13	1335.64404297	-8.18345737			
32	y	14	1482.71240234	-9.78102875			
32	y	15	1596.75537109	-9.46421528			
32	y	16	1711.78234863	-9.96578407			
32	y	17	1808.83508301	-9.53677464			
32	y	18	1964.93615723	-9.91531658			
32	y	19	2127.99951172	-9.94175053			
32	y	20	2241.08349609	-9.96578407			
32	y	21	2369.14208984	-9.96578407			
32	y	22	2426.16357422	-9.96578407			
32	y	23	2573.23193359	-9.93836689			
32	y	24	2670.28466797	-9.96476460			
32	y	25	2727.30615234	-9.96578407			
33	b	1	102.05490875	-8.62094498			
33	b	2	231.09750366	-4.42238045			
33	b	3	362.13796997	-7.03555346			
33	b	4	491.18057251	-8.74443913			
33	b	5	605.22351074	-9.30168247			
33	b	6	734.26605225	-9.14934921			
33	b	7	881.33447266	-9.57622433			
33	b	8	980.40289307	-9.79403305			
33	b	9	1093.48693848	-9.92367458			
33	b	10	1206.57104492	-9.85388184			
33	b	11	1334.66601562	-9.96578407			
33	y	1	147.11276245	-6.26396894			
33	y	2	275.20770264	-5.15796328			
33	y	3	388.29177856	-6.10323381			
33	y	4	501.37582397	-6.24832153			
33	y	5	600.44427490	-7.28225756			
33	y	6	747.51269531	-6.59403181			
33	y	7	876.55529785	-8.77634430			
33	y	8	990.59820557	-5.83532095			
33	y	9	1119.64074707	-6.11097908			
33	y	10	1250.68127441	-6.89725685			
33	y	11	1379.72387695	-9.96578407			
34	b	1	102.05490875	-8.12399769			
34	b	2	215.13897705	-5.20369387			
34	b	3	316.18664551	-5.70331764			
34	b	4	429.27072144	-8.52857494			
34	b	5	558.31335449	-6.52800512			
34	b	6	657.38177490	-7.98488903			
34	b	7	786.42437744	-8.10203457			
34	b	8	883.47711182	-9.96578407			
34	b	9	970.50915527	-9.96578407			
34	b	10	1085.53601074	-9.91162968			
34	b	11	1186.58374023	-9.84150791			
34	b	12	1299.66784668	-9.92276669			
34	b	13	1428.71044922	-9.93347073			
34	b	14	1542.75341797	-9.93736076			
34	b	15	1641.82177734	-9.94968510			
34	b	16	1711.82727051	-9.96578407			
34	b	17	1782.86437988	-9.96578407			
34	y	1	147.11276245	-6.76213455			
34	y	2	218.14988708	-8.40694141			
34	y	3	288.15539551	-6.94585228			
34	y	4	387.22381592	-9.07758045			
34	y	5	501.26675415	-7.39867020			
34	y	6	630.30938721	-7.10352278			
34	y	7	743.39343262	-8.59860992			
34	y	8	844.44110107	-7.69775343			
34	y	9	959.46801758	-8.62055683			
34	y	10	1046.50000000	-8.31316757			
34	y	11	1143.55273438	-4.27596378			
34	y	12	1272.59533691	-5.92741299			
34	y	13	1371.66369629	-6.41389465			
34	y	14	1500.70629883	-6.44774723			
34	y	15	1613.79040527	-9.40413189			
34	y	16	1714.83813477	-9.38290405			
34	y	17	1827.92224121	-9.96578407			
35	b	1	365.21139526	-9.92390919			
35	b	2	462.26416016	-6.40490484			
35	b	3	561.33258057	-5.32851553			
35	b	4	658.38531494	-9.64397717			
35	b	5	745.41735840	-9.67262745			
35	b	6	832.44940186	-9.96578407			
35	b	7	979.51782227	-9.96506596			
35	b	8	1093.56066895	-9.92281723			
35	b	9	1208.58764648	-9.61008263			
35	b	10	1321.67175293	-9.84273529			
35	b	11	1408.70373535	-9.96578407			
35	b	12	1536.76232910	-9.87244797			
35	b	13	1651.78930664	-9.85693169			
35	b	14	1837.86865234	-9.96578407			
35	y	1	175.11891174	-6.62664509			
35	y	2	361.19821167	-5.04166603			
35	y	3	476.22515869	-8.73886108			
35	y	4	604.28375244	-9.03262234			
35	y	5	691.31579590	-7.15897989			
35	y	6	804.39984131	-6.66340637			
35	y	7	919.42675781	-7.86793184			
35	y	8	1033.46960449	-6.79752207			
35	y	9	1180.53808594	-7.16928720			
35	y	10	1267.57006836	-7.27706623			
35	y	11	1354.60205078	-7.55680704			
35	y	12	1451.65478516	-4.27384663			
35	y	13	1550.72314453	-7.89525366			
35	y	14	1647.77587891	-9.55888748			
36	b	1	115.05016327	-9.93228817			
36	b	2	228.13421631	-5.78163004			
36	b	3	315.16622925	-7.08957863			
36	b	4	412.21899414	-9.83822727			
36	b	5	806.34136963	-9.96578407			
36	b	6	905.40979004	-9.87777615			
36	b	7	1042.46862793	-9.22610188			
36	b	8	1113.50573730	-9.63807487			
36	b	9	1228.53271484	-9.08980179			
36	b	10	1357.57531738	-8.40210342			
36	b	11	1428.61242676	-7.54644728			
36	b	12	1591.67578125	-8.19313335			
36	b	13	1722.71630859	-9.79399395			
36	b	14	1836.75927734	-9.80337524			
36	b	15	1964.85424805	-9.90315437			
36	b	16	2063.92285156	-9.92070103			
36	b	17	2192.96533203	-9.96578407			
36	b	18	2306.04931641	-9.94002247			
36	b	19	2435.09179688	-9.96353722			
36	b	20	2522.12377930	-9.96038818			
36	y	1	175.11891174	-7.54503393			
36	y	2	262.15093994	-6.50396967			
36	y	3	391.19351196	-8.73095798			
36	y	4	504.27755737	-7.54139757			
36	y	5	633.32019043	-6.80875444			
36	y	6	732.38861084	-6.56759024			
36	y	7	860.48358154	-7.26098490			
36	y	8	974.52648926	-6.35219765			
36	y	9	1105.56701660	-7.10401773			
36	y	10	1268.63037109	-8.33509254			
36	y	11	1339.66748047	-9.03176594			
36	y	12	1468.71008301	-9.79886341			
36	y	13	1583.73706055	-9.69140625			
36	y	14	1654.77416992	-9.45785999			
36	y	15	1791.83312988	-9.81331825			
36	y	16	1890.90148926	-9.94234562			
36	y	17	2285.02368164	-9.96578407			
36	y	18	2382.07641602	-9.96578407			
36	y	19	2469.10839844	-9.96578407			
36	y	20	2582.19238281	-9.96246052			
37	b	1	187.08654785	-9.00510883			
37	b	2	244.10801697	-8.28322124			
37	b	3	358.15093994	-7.32765007			
37	b	4	429.18804932	-8.33948898			
37	b	5	486.20950317	-9.27162361			
37	b	6	557.24664307	-8.46260738			
37	b	7	686.28924561	-7.86563778			
37	b	8	849.35260010	-7.16851616			
37	b	9	962.43664551	-7.98211002			
37	b	10	1071.48937988	-9.19047260			
37	b	11	1200.53198242	-9.63903999			
37	b	12	1287.56396484	-9.96578407			
37	b	13	1388.61169434	-9.96578407			
37	b	14	1445.63317871	-9.96578407			
37	b	15	1544.70153809	-9.96578407			
37	b	16	1691.76989746	-9.96578407			
37	b	17	1792.81762695	-9.96578407			
37	b	18	1893.86535645	-9.96578407			
37	b	19	2024.90588379	-9.96145153			
37	b	20	2153.94848633	-9.96578407			
37	y	1	147.11276245	-6.25687647			
37	y	2	276.15533447	-7.69110537			
37	y	3	407.19583130	-7.72044992			
37	y	4	508.24349976	-6.97339582			
37	y	5	609.29119873	-6.88109684			
37	y	6	756.35961914	-5.26704597			
37	y	7	855.42803955	-8.18110371			
37	y	8	912.44952393	-5.91255522			
37	y	9	1013.49719238	-7.63355970			
37	y	10	1100.52917480	-6.71203756			
37	y	11	1229.57177734	-7.24480295			
37	y	12	1338.62451172	-8.04339218			
37	y	13	1451.70861816	-9.41904259			
37	y	14	1614.77197266	-9.84445477			
37	y	15	1743.81457520	-9.91275597			
37	y	16	1814.85168457	-9.96578407			
37	y	17	1871.87316895	-9.91649342			
37	y	18	1942.91027832	-9.85609055			
37	y	19	2056.95312500	-9.87988186			
37	y	20	2113.97460938	-9.88828468			
38	b	1	114.09129333	-9.96578407			
38	b	2	201.12332153	-6.51763201			
38	b	3	272.16043091	-9.86705780			
38	b	4	400.25540161	-9.45861912			
38	b	5	497.30816650	-9.27565956			
38	b	6	568.34533691	-7.02338648			
38	b	7	665.39813232	-9.23677635			
38	b	8	762.45086670	-9.77413845			
38	b	9	890.54583740	-9.75242710			
38	b	10	987.59857178	-9.96578407			
38	b	11	1116.64111328	-9.72165108			
38	b	12	1213.69384766	-9.96578407			
38	y	1	147.11276245	-5.68526173			
38	y	2	244.16552734	-4.51915693			
38	y	3	373.20809937	-9.70271301			
38	y	4	470.26086426	-5.80770874			
38	y	5	598.35583496	-8.60684395			
38	y	6	695.40856934	-5.87687874			
38	y	7	792.46130371	-5.88013315			
38	y	8	863.49841309	-9.57980061			
38	y	9	960.55114746	-5.98556900			
38	y	10	1088.64611816	-9.96578407			
38	y	11	1159.68322754	-9.96578407			
38	y	12	1246.71520996	-9.96578407			
39	b	1	158.04476929	-9.35877800			
39	b	2	273.07171631	-6.66253471			
39	b	3	430.14566040	-4.00712967			
39	b	4	543.22973633	-5.45773792			
39	b	5	614.26684570	-5.20735359			
39	b	6	685.30395508	-5.08161449			
39	b	7	798.38800049	-6.89908361			
39	b	8	897.45642090	-8.41258049			
39	b	9	1010.54046631	-9.86993408			
39	b	10	1125.56738281	-9.96578407			
39	b	11	1239.61035156	-9.96578407			
39	b	12	1326.64233398	-9.81623363			
39	b	13	1413.67431641	-9.96578407			
39	b	14	1470.69580078	-9.96315479			
39	b	15	1601.73632812	-9.96578407			
39	b	16	1761.76696777	-9.96578407			
39	y	1	147.11276245	-7.07831526			
39	y	2	307.14346313	-9.81260777			
39	y	3	438.18392944	-9.84143925			
39	y	4	495.20538330	-8.53099155			
39	y	5	582.23742676	-9.58778286			
39	y	6	669.26947021	-9.76404572			
39	y	7	783.31237793	-9.93124771			
39	y	8	898.33929443	-9.69650841			
39	y	9	1011.42333984	-9.85040760			
39	y	10	1110.49169922	-9.47876453			
39	y	11	1223.57580566	-9.63256836			
39	y	12	1294.61291504	-9.62921906			
39	y	13	1365.65002441	-9.80273247			
39	y	14	1478.73413086	-9.87825489			
39	y	15	1635.80810547	-9.94543457			
39	y	16	1750.83508301	-9.91050529			
40	b	1	164.07055664	-9.96578407			
40	b	2	278.11349487	-6.91153479			
40	b	3	375.16625977	-9.71207428			
40	b	4	490.19320679	-9.55330658			
40	b	5	591.24090576	-8.64216805			
40	b	6	690.30932617	-7.29550314			
40	b	7	761.34643555	-7.20375729			
40	b	8	908.41485596	-6.95194483			
40	b	9	1007.48327637	-6.40667725			
40	b	10	1104.53601074	-9.68232536			
40	b	11	1251.60437012	-8.56256866			
40	b	12	1322.64147949	-8.96908283			
40	b	13	1379.66296387	-8.91440201			
40	b	14	1565.74230957	-9.49247265			
40	b	15	1679.78527832	-9.61543369			
40	b	16	1913.88903809	-9.89798927			
40	b	17	2028.91601562	-9.82972813			
40	b	18	2142.95898438	-9.89538479			
40	b	19	2289.99438477	-9.96578407			
40	b	20	2403.07836914	-9.96286011			
40	b	21	2532.12084961	-9.96578407			
40	b	22	2629.17358398	-9.96578407			
40	b	23	2716.20556641	-9.96578407			
40	b	24	2787.24267578	-9.96223545			
40	b	25	2901.28564453	-9.96515465			
40	b	26	3048.32104492	-9.96578407			
40	b	27	3145.37377930	-9.92834091			
40	b	28	3331.45312500	-9.96578407			
40	b	29	3478.52148438	-9.94354343			
40	y	1	147.11276245	-7.14501762			
40	y	2	294.18118286	-6.94946480			
40	y	3	480.26049805	-8.66291332			
40	y	4	577.31329346	-5.54732561			
40	y	5	724.34869385	-8.21152115			
40	y	6	838.39160156	-7.63048697			
40	y	7	909.42871094	-8.09022331			
40	y	8	996.46075439	-8.26699734			
40	y	9	1093.51354980	-4.44127274			
40	y	10	1222.55615234	-6.66823196			
40	y	11	1335.64025879	-7.30706692			
40	y	12	1482.67565918	-9.31479549			
40	y	13	1596.71862793	-8.96929264			
40	y	14	1711.74560547	-9.34060383			
40	y	15	1945.84936523	-9.76350403			
40	y	16	2059.89233398	-9.90375996			
40	y	17	2245.97167969	-9.96578407			
40	y	18	2302.99316406	-9.84961605			
40	y	19	2374.03027344	-9.96578407			
40	y	20	2521.09863281	-9.95455074			
40	y	21	2618.15136719	-9.79387188			
40	y	22	2717.21972656	-9.96578407			
40	y	23	2864.28808594	-9.96057129			
40	y	24	2935.32519531	-9.94004726			
40	y	25	3034.39355469	-9.95038033			
40	y	26	3135.44116211	-9.96578407			
40	y	27	3250.46801758	-9.95286846			
40	y	28	3347.52075195	-9.96578407			
40	y	29	3461.56372070	-9.96169472			
41	b	1	130.04986572	-9.91800213			
41	b	2	229.11828613	-4.68791246			
41	b	3	344.14523315	-6.34982920			
41	b	4	473.18783569	-6.79951572			
41	b	5	572.25628662	-9.50789738			
41	b	6	659.28833008	-9.96578407			
41	b	7	746.32037354	-9.96578407			
41	b	8	859.40441895	-9.96578407			
41	b	9	972.48846436	-9.96578407			
41	y	1	175.11891174	-5.60662603			
41	y	2	288.20297241	-7.69738531			
41	y	3	401.28701782	-8.27610302			
41	y	4	488.31906128	-6.54365206			
41	y	5	575.35113525	-4.00990963			
41	y	6	674.41955566	-4.89865685			
41	y	7	803.46215820	-5.47699261			
41	y	8	918.48907471	-3.93405581			
41	y	9	1017.55749512	-9.96578407			
42	b	1	114.09129333	-9.96578407			
42	b	2	227.17535400	-7.07994795			
42	b	3	324.22811890	-9.96578407			
42	b	4	381.24957275	-8.30766582			
42	b	5	494.33364868	-9.50015259			
42	b	6	625.37414551	-9.86425686			
42	b	7	960.44775391	-9.85039997			
42	b	8	1088.50622559	-9.94866276			
42	b	9	1145.52770996	-9.85271072			
42	b	10	1202.54919434	-9.80791092			
42	b	11	1317.57617188	-9.81452751			
42	b	12	1464.64465332	-9.94199085			
42	b	13	1565.69238281	-9.95260239			
42	y	1	175.11891174	-6.41895103			
42	y	2	276.16656494	-8.83185577			
42	y	3	423.23498535	-6.42863369			
42	y	4	538.26196289	-9.44875622			
42	y	5	595.28344727	-8.22995090			
42	y	6	652.30493164	-6.01050949			
42	y	7	780.36352539	-7.35947800			
42	y	8	1115.43713379	-9.96578407			
42	y	9	1246.47766113	-9.52686214			
42	y	10	1359.56176758	-9.93601227			
42	y	11	1416.58325195	-8.11948395			
42	y	12	1513.63598633	-9.50786686			
42	y	13	1626.72009277	-9.94234657			
43	b	1	100.07564545	-9.96578407			
43	b	2	228.17059326	-5.85954762			
43	b	3	357.21316528	-6.91120434			
43	b	4	414.23461914	-9.50209427			
43	b	5	545.27514648	-9.09602261			
43	b	6	660.30206299	-7.78787756			
43	b	7	773.38610840	-8.29225254			
43	b	8	872.45452881	-9.28624725			
43	b	9	1001.49713135	-9.66342831			
43	b	10	1072.53417969	-9.85845566			
43	b	11	1203.57470703	-9.92565346			
43	b	12	1332.61730957	-9.82886887			
43	y	1	175.11891174	-6.01622391			
43	y	2	304.16146851	-8.67069912			
43	y	3	435.20193481	-8.57824039			
43	y	4	506.23904419	-6.24579430			
43	y	5	635.28167725	-5.49741411			
43	y	6	734.35009766	-5.76829767			
43	y	7	847.43414307	-6.05790377			
43	y	8	962.46105957	-5.86640024			
43	y	9	1093.50158691	-7.72574854			
43	y	10	1150.52307129	-4.90433121			
43	y	11	1279.56567383	-4.23863220			
43	y	12	1407.66064453	-9.85671234			
44	b	1	100.07564545	-9.96578407			
44	b	2	215.10258484	-6.44800043			
44	b	3	329.14550781	-9.96506405			
44	b	4	444.17245483	-9.83847809			
44	b	5	573.21508789	-9.96578407			
44	b	6	688.24200439	-9.79443169			
44	b	7	817.28460693	-9.96578407			
44	b	8	954.34350586	-9.79358768			
44	b	9	1082.40197754	-9.96578407			
44	b	10	1195.48608398	-9.94222641			
44	b	11	1282.51806641	-9.96578407			
44	b	12	1395.60217285	-9.96578407			
44	y	1	175.11891174	-5.20884705			
44	y	2	288.20297241	-7.88976145			
44	y	3	375.23501587	-5.59572124			
44	y	4	488.31906128	-5.92743826			
44	y	5	616.37768555	-5.43627024			
44	y	6	753.43658447	-6.63267231			
44	y	7	882.47918701	-7.28287172			
44	y	8	997.50610352	-7.45653629			
44	y	9	1126.54870605	-9.23188877			
44	y	10	1241.57568359	-9.48169613			
44	y	11	1355.61865234	-9.96578407			
44	y	12	1470.64562988	-9.87764359			
45	b	1	148.07565308	-9.96578407			
45	b	2	262.11859131	-9.49486256			
45	b	3	418.21969604	-8.30250835			
45	b	4	531.30377197	-9.62392998			
45	b	5	645.34667969	-7.46679115			
45	b	6	782.40557861	-6.57532024			
45	b	7	895.48962402	-7.50635099			
45	b	8	996.53729248	-8.89913368			
45	b	9	1097.58496094	-9.53592587			
45	b	10	1212.61193848	-8.21068192			
45	b	11	1359.68029785	-9.95577908			
45	b	12	1473.72326660	-9.82819748			
45	b	13	1572.79162598	-9.96578407			
45	b	14	1685.87573242	-9.96578407			
45	b	15	1784.94409180	-9.96578407			
45	b	16	1913.98669434	-9.96578407			
45	b	17	1985.02380371	-9.96578407			
45	b	18	2098.10791016	-9.96387959			
45	b	19	2185.13989258	-9.96578407			
45	y	1	147.11276245	-6.73155403			
45	y	2	234.14479065	-6.19354200			
45	y	3	347.22885132	-8.09295177			
45	y	4	418.26596069	-7.41810560			
45	y	5	547.30859375	-7.32556295			
45	y	6	646.37701416	-6.79423046			
45	y	7	759.46105957	-6.41057730			
45	y	8	858.52947998	-8.15597534			
45	y	9	972.57238770	-7.81054926			
45	y	10	1119.64086914	-8.25200367			
45	y	11	1234.66784668	-8.68255711			
45	y	12	1335.71557617	-8.80023861			
45	y	13	1436.76330566	-9.01249695			
45	y	14	1549.84741211	-9.91693687			
45	y	15	1686.90637207	-9.88087845			
45	y	16	1800.94934082	-9.96561527			
45	y	17	1914.03344727	-9.96578407			
45	y	18	2070.13452148	-9.95520592			
45	y	19	2184.17749023	-9.96578407			
46	b	1	116.03417206	-9.88661671			
46	b	2	203.06619263	-6.88557482			
46	b	3	366.12951660	-7.87655783			
46	b	4	465.19793701	-9.96578407			
46	b	5	522.21942139	-9.96578407			
46	b	6	651.26202393	-9.79152107			
46	b	7	766.28894043	-9.96578407			
46	b	8	837.32604980	-9.90216827			
46	b	9	965.38464355	-9.93718624			
46	b	10	1052.41662598	-9.96578407			
46	b	11	1180.51159668	-9.96578407			
46	y	1	175.11891174	-5.33957434			
46	y	2	303.21383667	-8.64284515			
46	y	3	390.24588013	-6.15675211			
46	y	4	518.30450439	-6.75591469			
46	y	5	589.34161377	-5.40201998			
46	y	6	704.36853027	-5.83861065			
46	y	7	833.41113281	-7.48164558			
46	y	8	890.43261719	-4.74237490			
46	y	9	989.50103760	-8.53978062			
46	y	10	1152.56433105	-9.92259598			
46	y	11	1239.59631348	-9.96578407			
47	b	1	129.10218811	-7.96383095			
47	b	2	244.12911987	-7.73777342			
47	b	3	357.21316528	-8.21794128			
47	b	4	520.27655029	-8.05819988			
47	b	5	621.32421875	-8.51555252			
47	b	6	735.36712646	-8.48444366			
47	b	7	836.41479492	-6.94140720			
47	b	8	935.48321533	-6.06917095			
47	b	9	1048.56726074	-7.58152199			
47	b	10	1135.59924316	-8.69664860			
47	b	11	1192.62072754	-9.52454567			
47	b	12	1249.64221191	-9.11467075			
47	b	13	1350.68994141	-9.46286201			
47	b	14	1451.73767090	-9.45037270			
47	b	15	1598.77307129	-9.82227135			
47	b	16	1761.83642578	-9.79940796			
47	b	17	1858.88916016	-9.96578407			
47	b	18	1915.91064453	-9.96578407			
47	b	19	2028.99475098	-9.96578407			
47	b	20	2100.03198242	-9.96578407			
47	b	21	2215.05883789	-9.96578407			
47	y	1	175.11891174	-5.61155367			
47	y	2	290.14584351	-8.34953785			
47	y	3	361.18295288	-6.56079578			
47	y	4	474.26699829	-8.90128136			
47	y	5	531.28851318	-7.07577133			
47	y	6	628.34130859	-3.77293682			
47	y	7	791.40466309	-4.96929884			
47	y	8	938.44006348	-6.19521093			
47	y	9	1039.48767090	-6.76033640			
47	y	10	1140.53540039	-8.95992756			
47	y	11	1197.55688477	-8.09457970			
47	y	12	1254.57836914	-7.55809212			
47	y	13	1341.61035156	-7.89741659			
47	y	14	1454.69445801	-9.27637768			
47	y	15	1553.76281738	-9.93338203			
47	y	16	1654.81054688	-9.91394806			
47	y	17	1768.85351562	-9.95421314			
47	y	18	1869.90124512	-9.96511841			
47	y	19	2032.96459961	-9.96578407			
47	y	20	2146.04858398	-9.94588089			
47	y	21	2261.07543945	-9.96578407			
48	b	1	116.03417206	-9.87813282			
48	b	2	203.06619263	-7.15701485			
48	b	3	316.15023804	-5.16084146			
48	b	4	429.23428345	-7.24892282			
48	b	5	557.29290771	-9.18641853			
48	b	6	672.31982422	-9.44758606			
48	b	7	729.34130859	-9.96578407			
48	b	8	858.38391113	-9.94087219			
48	b	9	1005.45233154	-9.87581539			
48	b	10	1165.48303223	-9.96578407			
48	b	11	1296.52355957	-9.91648293			
48	b	12	1411.55053711	-9.96578407			
48	b	13	1524.63464355	-9.96578407			
48	y	1	175.11891174	-6.20239401			
48	y	2	288.20297241	-5.19395256			
48	y	3	403.22991943	-7.98071861			
48	y	4	534.27044678	-8.09397984			
48	y	5	694.30114746	-9.96578407			
48	y	6	841.36956787	-9.59878254			
48	y	7	970.41217041	-9.96578407			
48	y	8	1027.43359375	-8.27463245			
48	y	9	1142.46057129	-8.94177246			
48	y	10	1270.51916504	-9.42004681			
48	y	11	1383.60327148	-9.86966038			
48	y	12	1496.68737793	-9.96578407			
48	y	13	1583.71936035	-9.96578407			
49	b	1	102.05490875	-9.55251789			
49	b	2	203.10258484	-8.83404827			
49	b	3	331.19754028	-9.11192131			
49	b	4	459.29251099	-8.16760254			
49	b	5	619.32324219	-9.40375423			
49	b	6	716.37603760	-9.78127861			
49	b	7	844.43463135	-9.62409496			
49	b	8	947.44384766	-9.92083836			
49	b	9	1048.49145508	-9.96578407			
49	b	10	1161.57556152	-9.55589485			
49	b	11	1248.60754395	-9.66035748			
49	b	12	1362.65051270	-9.74888229			
49	b	13	1461.71887207	-9.73169804			
49	b	14	1608.78723145	-9.96578407			
49	b	15	1679.82434082	-9.85628128			
49	b	16	1826.85974121	-9.81336308			
49	b	17	1973.92810059	-9.84092045			
49	b	18	2088.95507812	-9.76533413			
49	b	19	2217.01367188	-9.94248295			
49	b	20	2304.04565430	-9.94859409			
49	b	21	2432.10424805	-9.95458317			
49	b	22	2545.18823242	-9.81022644			
49	b	23	2673.24682617	-9.88221455			
49	b	24	2802.28930664	-9.86943817			
49	b	25	2949.35766602	-9.84682846			
49	y	1	147.11276245	-8.02742672			
49	y	2	294.18118286	-6.83467245			
49	y	3	423.22378540	-7.83690643			
49	y	4	551.28240967	-7.33323812			
49	y	5	664.36645508	-7.38383818			
49	y	6	792.42504883	-8.36219215			
49	y	7	879.45709229	-7.35013103			
49	y	8	1007.51568604	-7.38005781			
49	y	9	1122.54260254	-7.47841978			
49	y	10	1269.61108398	-7.29533958			
49	y	11	1416.64648438	-7.93950272			
49	y	12	1487.68359375	-7.24994659			
49	y	13	1634.75195312	-7.99845409			
49	y	14	1733.82031250	-9.32046413			
49	y	15	1847.86328125	-9.28911877			
49	y	16	1934.89526367	-8.72959805			
49	y	17	2047.97937012	-9.63560295			
49	y	18	2149.02709961	-9.64624977			
49	y	19	2252.03637695	-9.90999794			
49	y	20	2380.09497070	-9.96578407			
49	y	21	2477.14770508	-9.81684303			
49	y	22	2637.17846680	-9.85965061			
49	y	23	2765.27343750	-9.73698807			
49	y	24	2893.36840820	-9.96578407			
49	y	25	2994.41601562	-9.94622707			
50	b	1	138.06614685	-9.03120041			
50	b	2	266.12472534	-5.86935234			
50	b	3	323.14617920	-9.04616451			
50	b	4	422.21459961	-7.08027744			
50	b	5	569.25000000	-6.87948990			
50	b	6	668.31842041	-6.71608210			
50	b	7	755.35046387	-7.55427456			
50	b	8	902.38586426	-8.11580753			
50	b	9	959.40734863	-8.66213608			
50	b	10	1087.46582031	-7.35546112			
50	b	11	1215.56079102	-9.92168331			
50	b	12	1330.58776855	-9.80231857			
50	b	13	1417.61975098	-9.96502686			
50	b	14	1580.68310547	-9.93234444			
50	b	15	1679.75146484	-9.96578407			
50	b	16	1736.77294922	-9.96578407			
50	b	17	1851.79992676	-9.93645382			
50	b	18	1980.84252930	-9.93259048			
50	b	19	2051.87988281	-9.96088886			
50	b	20	2179.93847656	-9.95620823			
50	b	21	2266.97045898	-9.94503498			
50	y	1	147.11276245	-7.75562239			
50	y	2	234.14479065	-6.67658329			
50	y	3	362.20333862	-7.99250460			
50	y	4	433.24044800	-7.36830521			
50	y	5	562.28308105	-6.94957542			
50	y	6	677.30999756	-8.48650551			
50	y	7	734.33148193	-5.51369333			
50	y	8	833.39990234	-6.42911911			
50	y	9	996.46325684	-7.34767962			
50	y	10	1083.49523926	-6.72216558			
50	y	11	1198.52221680	-6.60604715			
50	y	12	1326.61718750	-8.21543694			
50	y	13	1454.67578125	-9.93342304			
50	y	14	1511.69726562	-9.11867523			
50	y	15	1658.73266602	-9.78669548			
50	y	16	1745.76464844	-9.74024200			
50	y	17	1844.83300781	-9.95524216			
50	y	18	1991.86840820	-9.91399479			
50	y	19	2090.93676758	-9.96488571			
50	y	20	2147.95825195	-9.94843006			
50	y	21	2276.01684570	-9.96578407			
51	b	1	161.03793335	-9.96578407			
51	b	2	276.06488037	-9.96578407			
51	b	3	375.13330078	-9.96578407			
51	b	4	512.19226074	-9.28455448			
51	b	5	625.27630615	-9.40800476			
51	b	6	728.28552246	-9.72921276			
51	b	7	856.38049316	-9.29757214			
51	b	8	971.40740967	-9.47352219			
51	b	9	1084.49145508	-9.01888084			
51	b	10	1247.55480957	-9.54187489			
51	b	11	1318.59191895	-9.52694321			
51	b	12	1432.63488770	-9.70208931			
51	b	13	1533.68261719	-9.96578407			
51	b	14	1632.75097656	-9.96578407			
51	b	15	1745.83508301	-9.96578407			
51	b	16	1832.86706543	-9.96578407			
51	b	17	1889.88854980	-9.72350597			
51	b	18	1946.91003418	-9.88451862			
51	b	19	2047.95776367	-9.96578407			
51	b	20	2149.00561523	-9.96578407			
51	b	21	2296.04101562	-9.96578407			
51	b	22	2459.10424805	-9.96578407			
51	b	23	2556.15698242	-9.94477463			
51	b	24	2613.17846680	-9.96578407			
51	b	25	2726.26245117	-9.96578407			
51	b	26	2797.29956055	-9.96578407			
51	b	27	2912.32641602	-9.71876335			
51	y	1	175.11891174	-6.72901487			
51	y	2	290.14584351	-8.78067017			
51	y	3	361.18295288	-7.86266088			
51	y	4	474.26699829	-9.65744400			
51	y	5	531.28851318	-8.95252895			
51	y	6	628.34130859	-5.76928711			
51	y	7	791.40466309	-7.33675146			
51	y	8	938.44006348	-8.11874580			
51	y	9	1039.48767090	-8.18741131			
51	y	10	1140.53540039	-8.92473507			
51	y	11	1197.55688477	-8.62138271			
51	y	12	1254.57836914	-7.78539991			
51	y	13	1341.61035156	-7.65389538			
51	y	14	1454.69445801	-7.72324610			
51	y	15	1553.76281738	-8.74129677			
51	y	16	1654.81054688	-9.06006622			
51	y	17	1768.85351562	-9.50939083			
51	y	18	1839.89062500	-9.25047302			
51	y	19	2002.95397949	-9.21014786			
51	y	20	2116.03808594	-9.28775501			
51	y	21	2231.06494141	-9.70266819			
51	y	22	2359.15991211	-9.69612503			
51	y	23	2462.16918945	-9.96578407			
51	y	24	2575.25317383	-9.95954037			
51	y	25	2712.31201172	-9.96578407			
51	y	26	2811.38037109	-9.85053062			
51	y	27	2926.40722656	-9.91779423			
52	b	1	171.07641602	-7.59800720			
52	b	2	284.16049194	-8.44659805			
52	b	3	413.20309448	-9.65902519			
52	b	4	542.24572754	-9.96578407			
52	b	5	613.28283691	-9.96332836			
52	b	6	742.32543945	-9.94562721			
52	b	7	870.42041016	-9.96578407			
52	b	8	941.45751953	-9.88053036			
52	b	9	1012.49462891	-9.96578407			
52	b	10	1127.52148438	-9.91233635			
52	b	11	1256.56408691	-9.96578407			
52	b	12	1343.59606934	-9.90598869			
52	b	13	1472.63867188	-9.95314121			
52	y	1	175.11891174	-5.52006006			
52	y	2	304.16146851	-8.94057655			
52	y	3	391.19351196	-6.26344347			
52	y	4	520.23614502	-5.60405350			
52	y	5	635.26306152	-5.64605761			
52	y	6	706.30017090	-5.03138065			
52	y	7	777.33728027	-4.46331930			
52	y	8	905.43225098	-6.55667353			
52	y	9	1034.47485352	-8.13443565			
52	y	10	1105.51196289	-8.16072369			
52	y	11	1234.55456543	-9.73371410			
52	y	12	1363.59716797	-9.95491982			
52	y	13	1476.68127441	-9.96578407			
53	b	1	190.05322266	-9.90727234			
53	b	2	247.07469177	-7.70271540			
53	b	3	344.12747192	-8.75108814			
53	b	4	441.18023682	-9.76411343			
53	b	5	556.20721436	-8.76125622			
53	b	6	653.25994873	-9.42501450			
53	b	7	766.34399414	-8.00839424			
53	b	8	879.42803955	-9.47568035			
53	b	9	936.44952393	-9.28808117			
53	b	10	1035.51782227	-9.76926613			
53	b	11	1136.56555176	-9.96578407			
53	b	12	1265.60815430	-9.96578407			
53	b	13	1336.64526367	-9.96578407			
53	b	14	1483.71374512	-9.96578407			
53	b	15	1611.80871582	-9.96578407			
53	y	1	175.11891174	-6.24592447			
53	y	2	303.21383667	-8.87228680			
53	y	3	450.28225708	-8.13678169			
53	y	4	521.31939697	-6.26040745			
53	y	5	650.36199951	-7.14672756			
53	y	6	751.40966797	-5.69759798			
53	y	7	850.47808838	-8.11485291			
53	y	8	907.49957275	-5.31761694			
53	y	9	1020.58361816	-6.71929073			
53	y	10	1133.66772461	-8.81677723			
53	y	11	1230.72045898	-8.49191856			
53	y	12	1345.74743652	-9.80099869			
53	y	13	1442.80017090	-9.68532181			
53	y	14	1539.85290527	-9.96578407			
53	y	15	1596.87438965	-9.94951248			
54	b	1	171.11279297	-8.44797897			
54	b	2	286.13973999	-7.48938847			
54	b	3	385.20816040	-8.38774395			
54	b	4	500.23510742	-7.89496660			
54	b	5	629.27770996	-8.67079735			
54	b	6	700.31481934	-8.22552681			
54	b	7	814.35772705	-8.01594448			
54	b	8	961.39312744	-8.51862621			
54	b	9	1075.43603516	-8.59353352			
54	b	10	1203.53100586	-9.01125717			
54	b	11	1302.59936523	-8.93951988			
54	b	12	1431.64196777	-9.31558037			
54	b	13	1544.72607422	-9.63062572			
54	b	14	1673.76867676	-9.61410999			
54	b	15	1760.80065918	-9.90435219			
54	b	16	1873.88476562	-9.85840225			
54	b	17	1986.96887207	-9.78831100			
54	b	18	2116.01147461	-9.79371071			
54	b	19	2173.03295898	-9.95105743			
54	b	20	2286.11694336	-9.86521053			
54	b	21	2387.16455078	-9.96578407			
54	b	22	2502.19140625	-9.66781616			
54	b	23	2631.23388672	-9.96578407			
54	b	24	2744.31787109	-9.96578407			
54	b	25	2858.36083984	-9.94835472			
54	b	26	3005.42919922	-9.90468693			
54	b	27	3118.51318359	-9.82784176			
54	y	1	175.11891174	-6.81665421			
54	y	2	288.20297241	-8.27979755			
54	y	3	435.27139282	-8.07905769			
54	y	4	549.31433105	-7.91178322			
54	y	5	662.39837646	-7.90472317			
54	y	6	791.44097900	-6.86693382			
54	y	7	906.46789551	-8.04740620			
54	y	8	1007.51556396	-7.66159964			
54	y	9	1120.59960938	-9.27804184			
54	y	10	1177.62109375	-7.39361620			
54	y	11	1306.66369629	-8.11571980			
54	y	12	1419.74780273	-7.83639956			
54	y	13	1532.83190918	-9.25553322			
54	y	14	1619.86389160	-8.56570339			
54	y	15	1748.90649414	-9.04174995			
54	y	16	1861.99060059	-9.47553158			
54	y	17	1991.03320312	-9.62641525			
54	y	18	2090.10156250	-9.48217773			
54	y	19	2218.19653320	-9.73125935			
54	y	20	2332.23950195	-9.56472874			
54	y	21	2479.27490234	-9.89215279			
54	y	22	2593.31787109	-9.50089550			
54	y	23	2664.35498047	-9.80272579			
54	y	24	2793.39746094	-9.96578407			
54	y	25	2908.42431641	-9.91884613			
54	y	26	3007.49267578	-9.96578407			
54	y	27	3122.51953125	-9.76563454			
55	b	1	72.04434967	-9.96578407			
55	b	2	185.12841797	-5.91289520			
55	b	3	298.21249390	-8.29672623			
55	b	4	399.26016235	-9.03546333			
55	b	5	559.29089355	-9.96578407			
55	b	6	706.32629395	-9.96578407			
55	b	7	834.42126465	-9.86333466			
55	b	8	891.44274902	-9.28229237			
55	b	9	1054.50598145	-9.87343025			
55	b	10	1169.53295898	-9.61453247			
55	b	11	1268.60131836	-9.88174534			
55	b	12	1381.68542480	-9.79619694			
55	b	13	1452.72253418	-9.84565735			
55	b	14	1580.78112793	-9.96578407			
55	b	15	1651.81823730	-9.96578407			
55	b	16	1779.87683105	-9.90461540			
55	b	17	1866.90881348	-9.93312454			
55	b	18	1923.93029785	-9.96578407			
55	b	19	2024.97802734	-9.92163754			
55	b	20	2081.99951172	-9.95992565			
55	y	1	147.11276245	-7.62189388			
55	y	2	204.13423157	-7.54610586			
55	y	3	305.18188477	-8.37751293			
55	y	4	362.20333862	-7.41515589			
55	y	5	449.23538208	-6.32724714			
55	y	6	577.29400635	-7.48382425			
55	y	7	648.33111572	-6.13717651			
55	y	8	776.38970947	-7.27056599			
55	y	9	847.42681885	-5.84004259			
55	y	10	960.51086426	-7.03228426			
55	y	11	1059.57922363	-8.83146191			
55	y	12	1174.60620117	-9.12590885			
55	y	13	1337.66955566	-9.64884663			
55	y	14	1394.69104004	-8.69692230			
55	y	15	1522.78601074	-9.64120579			
55	y	16	1669.82141113	-9.91854858			
55	y	17	1829.85205078	-9.93057346			
55	y	18	1930.89978027	-9.96578407			
55	y	19	2043.98388672	-9.96358967			
55	y	20	2157.06787109	-9.95611191			
56	b	1	190.05322266	-9.65738010			
56	b	2	303.13729858	-5.41056108			
56	b	3	416.22134399	-9.36005020			
56	b	4	572.32244873	-7.86722660			
56	b	5	685.40649414	-8.51122761			
56	b	6	772.43853760	-8.09006596			
56	b	7	901.48114014	-5.27604961			
56	b	8	998.53387451	-9.83774853			
56	b	9	1069.57092285	-8.89226055			
56	b	10	1198.61352539	-8.88284206			
56	b	11	1311.69763184	-9.92957687			
56	b	12	1412.74536133	-9.96578407			
56	b	13	1527.77233887	-9.92797470			
56	b	14	1598.80944824	-9.82294750			
56	b	15	1697.87780762	-9.92267513			
56	y	1	147.11276245	-5.52151775			
56	y	2	246.18116760	-7.74152327			
56	y	3	317.21826172	-7.07527542			
56	y	4	432.24520874	-8.14439678			
56	y	5	533.29290771	-6.62432098			
56	y	6	646.37695312	-7.24737549			
56	y	7	775.41955566	-7.25006056			
56	y	8	846.45666504	-7.24248362			
56	y	9	943.50939941	-6.39690971			
56	y	10	1072.55200195	-9.59925461			
56	y	11	1159.58398438	-9.60785675			
56	y	12	1272.66809082	-9.74829197			
56	y	13	1428.76916504	-9.96578407			
56	y	14	1541.85327148	-9.93150425			
56	y	15	1654.93737793	-9.96578407			
57	b	1	190.05322266	-9.93052959			
57	b	2	247.07469177	-7.42466164			
57	b	3	375.13327026	-7.99348545			
57	b	4	503.22824097	-9.46877766			
57	b	5	560.24975586	-9.42179012			
57	b	6	661.29742432	-7.36383677			
57	b	7	760.36584473	-7.61149597			
57	b	8	889.40844727	-7.11551094			
57	b	9	986.46124268	-9.67376900			
57	b	10	1114.51977539	-9.91135406			
57	b	11	1227.60388184	-9.92544365			
57	b	12	1356.64648438	-9.96578407			
57	b	13	1427.68359375	-9.96534443			
57	y	1	175.11891174	-5.94541836			
57	y	2	246.15602112	-5.62905216			
57	y	3	375.19857788	-7.29727125			
57	y	4	488.28262329	-5.50096416			
57	y	5	616.34124756	-6.25097656			
57	y	6	713.39404297	-3.47754264			
57	y	7	842.43664551	-6.30172777			
57	y	8	941.50506592	-8.94935417			
57	y	9	1042.55273438	-9.43295193			
57	y	10	1099.57421875	-8.36880684			
57	y	11	1227.66918945	-9.85009670			
57	y	12	1355.72778320	-9.96578407			
57	y	13	1412.74926758	-9.94429684			
58	b	1	102.05490875	-9.25272465			
58	b	2	201.12332153	-7.68889618			
58	b	3	258.14477539	-8.46065903			
58	b	4	418.17547607	-9.90185165			
58	b	5	517.24389648	-9.93860626			
58	b	6	588.28100586	-9.83875465			
58	b	7	645.30249023	-9.07437992			
58	b	8	760.32940674	-9.92123890			
58	b	9	889.37200928	-9.96578407			
58	b	10	1018.41461182	-9.76331615			
58	b	11	1105.44653320	-9.82188988			
58	b	12	1268.50988770	-9.96578407			
58	b	13	1397.55249023	-9.96416855			
58	b	14	1496.62084961	-9.96483231			
58	b	15	1643.68933105	-9.96578407			
58	b	16	1771.78430176	-9.96578407			
58	b	17	1886.81127930	-9.67981434			
58	b	18	1999.89538574	-9.96578407			
58	b	19	2146.96386719	-9.96578407			
58	b	20	2261.99072266	-9.26341152			
58	b	21	2359.04345703	-9.96578407			
58	b	22	2472.12744141	-9.96578407			
58	b	23	2585.21142578	-9.96578407			
58	b	24	2714.25390625	-9.96578407			
58	b	25	2829.28076172	-9.75022030			
58	y	1	175.11891174	-6.39075661			
58	y	2	290.14584351	-7.10658169			
58	y	3	419.18844604	-8.02575302			
58	y	4	532.27252197	-7.94434452			
58	y	5	645.35656738	-9.54507446			
58	y	6	742.40930176	-4.73916149			
58	y	7	857.43621826	-7.54316568			
58	y	8	1004.50463867	-7.19963074			
58	y	9	1117.58874512	-7.47640085			
58	y	10	1232.61572266	-7.55730629			
58	y	11	1360.71069336	-7.08686781			
58	y	12	1507.77905273	-6.63925838			
58	y	13	1606.84741211	-8.37241077			
58	y	14	1735.89001465	-8.46963596			
58	y	15	1898.95336914	-8.81863880			
58	y	16	1985.98535156	-8.73403835			
58	y	17	2115.02783203	-9.46498299			
58	y	18	2244.07031250	-9.86179447			
58	y	19	2359.09716797	-9.89275074			
58	y	20	2416.11865234	-9.55704308			
58	y	21	2487.15576172	-9.79502487			
58	y	22	2586.22412109	-9.91323566			
58	y	23	2746.25488281	-9.96578407			
58	y	24	2803.27636719	-9.91016483			
58	y	25	2902.34472656	-9.96578407			
59	b	1	130.04981995	-9.06276894			
59	b	2	243.13388062	-9.59935188			
59	b	3	399.23498535	-8.40780163			
59	b	4	559.26568604	-8.66391087			
59	b	5	722.32904053	-8.22529125			
59	b	6	850.38763428	-8.30879593			
59	b	7	978.48260498	-9.06366539			
59	b	8	1065.51452637	-9.86805344			
59	b	9	1166.56225586	-9.93832493			
59	b	10	1295.60485840	-9.96578407			
59	b	11	1408.68896484	-9.96578407			
59	b	12	1521.77307129	-9.93681622			
59	b	13	1634.85717773	-9.94463921			
59	y	1	175.11891174	-5.15334034			
59	y	2	288.20297241	-5.64705706			
59	y	3	401.28701782	-4.75050449			
59	y	4	514.37109375	-4.85934877			
59	y	5	643.41369629	-7.52970362			
59	y	6	744.46136475	-8.22240257			
59	y	7	831.49340820	-7.65174150			
59	y	8	959.58837891	-8.77412987			
59	y	9	1087.64697266	-9.89954853			
59	y	10	1250.71032715	-9.96578407			
59	y	11	1410.74096680	-9.94041348			
59	y	12	1566.84204102	-9.94955921			
59	y	13	1679.92614746	-9.94759274			
60	b	1	130.04981995	-9.78404427			
60	b	2	243.13388062	-7.93721819			
60	b	3	371.19247437	-7.72694111			
60	b	4	458.22451782	-8.66770172			
60	b	5	586.28314209	-7.99510813			
60	b	6	699.36718750	-7.59294319			
60	b	7	786.39923096	-9.00434017			
60	b	8	901.42614746	-9.96578407			
60	b	9	1002.47381592	-9.43483353			
60	b	10	1089.50573730	-9.96578407			
60	b	11	1188.57409668	-9.93722153			
60	b	12	1287.64245605	-9.76461792			
60	b	13	1400.72656250	-9.89788818			
60	b	14	1487.75854492	-9.96578407			
60	b	15	1618.79907227	-9.87270927			
60	b	16	1733.82604980	-9.90853786			
60	b	17	1847.86901855	-9.96167088			
60	b	18	1934.90100098	-9.94101238			
60	y	1	175.11891174	-6.92302942			
60	y	2	262.15093994	-9.03927326			
60	y	3	376.19384766	-6.60711002			
60	y	4	491.22079468	-7.93050623			
60	y	5	622.26129150	-7.51696920			
60	y	6	709.29333496	-6.01854372			
60	y	7	822.37738037	-6.00710154			
60	y	8	921.44580078	-5.98614359			
60	y	9	1020.51422119	-7.62384033			
60	y	10	1107.54626465	-6.91839647			
60	y	11	1208.59399414	-7.59862518			
60	y	12	1323.62097168	-7.24704933			
60	y	13	1410.65295410	-5.58231783			
60	y	14	1523.73706055	-6.86756086			
60	y	15	1651.79565430	-9.00755024			
60	y	16	1738.82763672	-8.48198795			
60	y	17	1866.88623047	-9.96578407			
60	y	18	1979.97033691	-9.96578407			
61	b	1	130.04981995	-9.78718185			
61	b	2	243.13388062	-6.33530092			
61	b	3	390.20230103	-8.72486877			
61	b	4	501.23437500	-8.45335579			
61	b	5	598.28717041	-9.75132275			
61	b	6	727.32977295	-9.96578407			
61	b	7	864.38867188	-9.26032066			
61	b	8	977.47271729	-8.60003185			
61	b	9	1090.55676270	-8.92090893			
61	b	10	1191.60449219	-9.43630981			
61	b	11	1248.62597656	-8.96952724			
61	b	12	1376.72094727	-9.92641830			
61	b	13	1505.76354980	-9.96578407			
61	b	14	1620.79052734	-9.96578407			
61	b	15	1691.82763672	-9.96578407			
61	b	16	1762.86474609	-9.96578407			
61	b	17	1876.90771484	-9.93825531			
61	b	18	1990.95068359	-9.96578407			
61	b	19	2154.01416016	-9.96578407			
61	b	20	2225.05126953	-9.96578407			
61	y	1	175.11891174	-6.88668346			
61	y	2	246.15602112	-8.92315197			
61	y	3	409.21932983	-8.74586582			
61	y	4	523.26226807	-8.59899426			
61	y	5	637.30523682	-7.32145166			
61	y	6	708.34234619	-7.47203588			
61	y	7	779.37945557	-6.11001444			
61	y	8	894.40637207	-6.73847485			
61	y	9	1023.44897461	-6.51632309			
61	y	10	1151.54394531	-8.54717731			
61	y	11	1208.56542969	-7.83242035			
61	y	12	1309.61315918	-7.33238935			
61	y	13	1422.69726562	-8.93015385			
61	y	14	1535.78137207	-9.46149445			
61	y	15	1672.84033203	-9.87028885			
61	y	16	1801.88293457	-9.96578407			
61	y	17	1898.93566895	-9.96578407			
61	y	18	2009.96777344	-9.96578407			
61	y	19	2157.03613281	-9.96578407			
61	y	20	2270.12011719	-9.96433544			
62	b	1	72.04434967	-9.92061520			
62	b	2	159.07638550	-8.78839207			
62	b	3	272.16043091	-7.79774237			
62	b	4	401.20303345	-6.66863632			
62	b	5	472.24014282	-6.81340504			
62	b	6	543.27728271	-6.71815157			
62	b	7	656.36132812	-7.29728985			
62	b	8	727.39843750	-8.57107353			
62	b	9	842.42535400	-8.76180744			
62	b	10	913.46246338	-9.55363750			
62	b	11	1042.50500488	-9.40592861			
62	b	12	1170.56359863	-9.67320728			
62	b	13	1307.62255859	-9.27851868			
62	b	14	1364.64404297	-9.83994579			
62	b	15	1508.69750977	-9.13432407			
62	b	16	1621.78161621	-9.18139648			
62	b	17	1692.81872559	-8.93062782			
62	b	18	1791.88708496	-9.78251934			
62	y	1	147.11276245	-6.07099295			
62	y	2	246.18116760	-6.82270241			
62	y	3	317.21826172	-7.32827711			
62	y	4	430.30233765	-8.32331848			
62	y	5	574.35583496	-9.73752785			
62	y	6	631.37731934	-7.14152431			
62	y	7	768.43621826	-7.27818966			
62	y	8	896.49481201	-8.01797676			
62	y	9	1025.53735352	-7.72344971			
62	y	10	1096.57458496	-6.73857212			
62	y	11	1211.60156250	-6.36022806			
62	y	12	1282.63867188	-5.36573124			
62	y	13	1395.72277832	-7.23248386			
62	y	14	1466.75988770	-7.44756699			
62	y	15	1537.79699707	-8.17739677			
62	y	16	1666.83959961	-9.36122322			
62	y	17	1779.92370605	-9.96504974			
62	y	18	1866.95568848	-9.95760822			
63	b	1	114.09129333	-9.96578407			
63	b	2	227.17535400	-5.64129639			
63	b	3	356.21792603	-8.56766796			
63	b	4	471.24487305	-8.50160980			
63	b	5	528.26635742	-9.23172474			
63	b	6	656.36132812	-9.07700157			
63	b	7	771.38824463	-7.99523926			
63	b	8	918.45666504	-8.12885189			
63	b	9	1032.49951172	-6.57801771			
63	b	10	1145.58361816	-7.27881145			
63	b	11	1202.60510254	-9.11023712			
63	b	12	1341.59020996	-8.20127392			
63	b	13	1412.62731934	-7.64732742			
63	b	14	1525.71142578	-9.38264084			
63	b	15	1640.73840332	-9.45600128			
63	b	16	1727.77038574	-9.96578407			
63	b	17	1814.80236816	-9.96578407			
63	b	18	1928.84533691	-9.96578407			
63	b	19	2015.87731934	-9.96578407			
63	b	20	2162.91284180	-9.96578407			
63	b	21	2290.97143555	-9.96578407			
63	b	22	2392.01904297	-9.96578407			
63	b	23	2505.10302734	-9.96578407			
63	b	24	2633.16162109	-9.96529770			
63	y	1	147.11276245	-7.25649452			
63	y	2	275.17132568	-6.56145000			
63	y	3	388.25540161	-7.85730171			
63	y	4	489.30307007	-7.09902477			
63	y	5	617.36169434	-7.56325436			
63	y	6	764.39709473	-7.13602924			
63	y	7	851.42913818	-6.91858053			
63	y	8	965.47204590	-7.32822514			
63	y	9	1052.50402832	-6.83592892			
63	y	10	1139.53601074	-6.64098740			
63	y	11	1254.56298828	-5.73291397			
63	y	12	1367.64709473	-7.82856798			
63	y	13	1438.68420410	-8.92550278			
63	y	14	1577.66918945	-9.65578651			
63	y	15	1634.69067383	-9.42922115			
63	y	16	1747.77478027	-9.96578407			
63	y	17	1861.81774902	-9.96578407			
63	y	18	2008.88623047	-9.88333035			
63	y	19	2123.91308594	-9.90174007			
63	y	20	2252.00805664	-9.95446205			
63	y	21	2309.02954102	-9.94099331			
63	y	22	2424.05639648	-9.96578407			
63	y	23	2553.09887695	-9.93111610			
63	y	24	2666.18286133	-9.96578407			
64	b	1	88.03926086	-9.87562561			
64	b	2	201.12332153	-4.63271761			
64	b	3	316.15026855	-4.95498753			
64	b	4	463.18563843	-9.36519623			
64	b	5	578.21258545	-9.55716038			
64	b	6	665.24462891	-9.73839188			
64	b	7	778.32867432	-9.96578407			
64	b	8	891.41271973	-9.79615688			
64	b	9	962.44982910	-9.82619572			
64	b	10	1091.49230957	-9.82619381			
64	b	11	1190.56066895	-9.93989754			
64	y	1	147.11276245	-5.86754608			
64	y	2	246.18116760	-6.36617279			
64	y	3	375.22372437	-7.81364584			
64	y	4	446.26083374	-5.82127571			
64	y	5	559.34490967	-6.10715389			
64	y	6	672.42895508	-7.35719728			
64	y	7	759.46099854	-6.21516943			
64	y	8	874.48791504	-5.85513258			
64	y	9	1021.52331543	-8.00310516			
64	y	10	1136.55029297	-5.33641672			
64	y	11	1249.63439941	-9.96023464			
65	b	1	148.07565308	-9.96578407			
65	b	2	304.17675781	-8.84739017			
65	b	3	464.20745850	-9.96578407			
65	b	4	561.26025391	-9.96578407			
65	b	5	690.30285645	-9.96578407			
65	b	6	761.33996582	-9.96578407			
65	b	7	874.42401123	-9.95110226			
65	b	8	1021.49243164	-9.96578407			
65	b	9	1149.55090332	-9.91327381			
65	b	10	1246.60363770	-9.94935513			
65	b	11	1333.63562012	-9.69995117			
65	b	12	1480.70397949	-9.84887600			
65	b	13	1593.78808594	-9.71714306			
65	b	14	1650.80957031	-9.27996349			
65	b	15	1781.85009766	-9.80962467			
65	b	16	1910.89270020	-9.87854767			
65	b	17	1997.92468262	-9.84024715			
65	b	18	2180.90039062	-9.93979168			
65	b	19	2237.92187500	-9.84143066			
65	b	20	2351.00585938	-9.93790340			
65	b	21	2488.06469727	-9.92466068			
65	b	22	2603.09155273	-9.95766926			
65	b	23	2704.13916016	-9.96578407			
65	b	24	2805.18676758	-9.96578407			
65	b	25	2952.25512695	-9.96578407			
65	b	26	3066.29809570	-9.94578171			
65	b	27	3153.33007812	-9.96190739			
65	b	28	3266.41406250	-9.94841290			
65	b	29	3413.44946289	-9.95343018			
65	y	1	147.11276245	-7.32167912			
65	y	2	294.14813232	-6.62014580			
65	y	3	407.23220825	-8.81083775			
65	y	4	494.26425171	-8.54832554			
65	y	5	608.30718994	-8.25653458			
65	y	6	755.37561035	-8.91709805			
65	y	7	856.42327881	-8.86377335			
65	y	8	957.47094727	-7.87872267			
65	y	9	1072.49792480	-7.93359137			
65	y	10	1209.55688477	-7.41422033			
65	y	11	1322.64099121	-9.60760212			
65	y	12	1379.66247559	-8.42852879			
65	y	13	1562.63793945	-9.47631741			
65	y	14	1649.66992188	-9.50157833			
65	y	15	1778.71252441	-9.63993549			
65	y	16	1909.75305176	-9.93221760			
65	y	17	1966.77453613	-9.83707237			
65	y	18	2079.85864258	-9.96578407			
65	y	19	2226.92700195	-9.96578407			
65	y	20	2313.95898438	-9.96578407			
65	y	21	2411.01171875	-9.90317345			
65	y	22	2539.07031250	-9.96578407			
65	y	23	2686.13867188	-9.96578407			
65	y	24	2799.22265625	-9.96578407			
65	y	25	2870.25976562	-9.96578407			
65	y	26	2999.30224609	-9.96578407			
65	y	27	3096.35498047	-9.96474552			
65	y	28	3256.38574219	-9.95476723			
65	y	29	3412.48681641	-9.96138287			
66	b	1	114.09129333	-9.94515610			
66	b	2	243.13388062	-4.92627192			
66	b	3	300.15533447	-4.47336864			
66	b	4	413.23941040	-9.35331440			
66	b	5	514.28710938	-9.76679993			
66	b	6	629.31402588	-9.82533550			
66	b	7	758.35662842	-9.77875900			
66	b	8	871.44067383	-9.85402679			
66	b	9	985.48358154	-9.93568516			
66	b	10	1132.55187988	-9.95690632			
66	b	11	1245.63598633	-9.96578407			
66	y	1	175.11891174	-5.60666561			
66	y	2	288.20297241	-7.57236814			
66	y	3	435.27139282	-7.91260910			
66	y	4	549.31433105	-5.83322477			
66	y	5	662.39837646	-6.53337860			
66	y	6	791.44091797	-5.88643456			
66	y	7	906.46783447	-5.49453068			
66	y	8	1007.51550293	-4.22117996			
66	y	9	1120.59960938	-7.86394310			
66	y	10	1177.62109375	-4.87692595			
66	y	11	1306.66369629	-9.30319405			
67	b	1	88.03926086	-9.80097866			
67	b	2	159.07638550	-6.93737984			
67	b	3	322.13970947	-8.15838432			
67	b	4	379.16116333	-8.83174896			
67	b	5	436.18261719	-8.24894524			
67	b	6	549.26672363	-7.65813637			
67	b	7	1614.65270996	-8.08601952			
67	b	8	1701.68469238	-8.23653030			
67	b	9	1798.73742676	-9.44685745			
67	b	10	1855.75891113	-8.25895500			
67	b	11	1968.84301758	-8.48372459			
67	b	12	2055.87524414	-8.95550346			
67	b	13	2218.93847656	-9.73270035			
67	b	14	2275.95996094	-8.92515850			
67	b	15	2389.04394531	-9.65583420			
67	b	16	2446.06542969	-9.83692169			
67	b	17	2533.09741211	-9.96578407			
67	b	18	2620.12939453	-9.86878967			
67	b	19	2767.19775391	-9.96578407			
67	b	20	2824.21923828	-9.96578407			
67	b	21	2911.25122070	-9.96578407			
67	b	22	2968.27270508	-9.96578407			
67	b	23	3039.30981445	-9.91823483			
67	b	24	3096.33129883	-9.94035244			
67	b	25	3183.36328125	-9.94577408			
67	b	26	3270.39526367	-9.86346149			
67	b	27	3357.42724609	-9.89951420			
67	b	28	3504.49560547	-9.91507912			
67	b	29	3591.52758789	-9.94390583			
67	y	1	175.11891174	-7.18390942			
67	y	2	262.15093994	-8.08795834			
67	y	3	409.21932983	-8.55523491			
67	y	4	496.25137329	-7.85984135			
67	y	5	583.28344727	-6.99160957			
67	y	6	670.31549072	-7.26914740			
67	y	7	727.33697510	-5.76430130			
67	y	8	798.37408447	-7.98230171			
67	y	9	855.39556885	-6.64499283			
67	y	10	942.42761230	-7.56668997			
67	y	11	999.44909668	-6.65215731			
67	y	12	1146.51757812	-8.18580914			
67	y	13	1233.54956055	-8.68871975			
67	y	14	1320.58154297	-8.99897671			
67	y	15	1377.60302734	-7.91837740			
67	y	16	1490.68713379	-9.46160126			
67	y	17	1547.70861816	-8.93000221			
67	y	18	1710.77197266	-9.96122646			
67	y	19	1797.80395508	-9.56369400			
67	y	20	1910.88806152	-9.96578407			
67	y	21	1967.90954590	-9.91965961			
67	y	22	2064.96215820	-9.61677647			
67	y	23	2151.99438477	-9.96578407			
67	y	24	3217.38037109	-9.91803551			
67	y	25	3330.46435547	-9.96578407			
67	y	26	3387.48583984	-9.96578407			
67	y	27	3444.50732422	-9.95485401			
67	y	28	3607.57055664	-9.95486069			
67	y	29	3678.60766602	-9.96578407			
68	b	1	115.05016327	-9.06063461			
68	b	2	202.08218384	-5.09354734			
68	b	3	289.11422729	-7.09808636			
68	b	4	452.17755127	-7.78716803			
68	b	5	599.24603271	-9.09139347			
68	b	6	670.28314209	-9.68060875			
68	b	7	828.35229492	-9.59737492			
68	b	8	1014.43157959	-9.46506310			
68	b	9	1127.51562500	-9.52040672			
68	b	10	1224.56835938	-9.75289726			
68	b	11	1339.59533691	-9.94689751			
68	b	12	1453.63830566	-9.91901112			
68	b	13	1552.70666504	-9.90925312			
68	y	1	147.11276245	-6.71819496			
68	y	2	246.18116760	-8.66320896			
68	y	3	360.22409058	-7.17004538			
68	y	4	475.25103760	-8.92564583			
68	y	5	572.30383301	-3.72049141			
68	y	6	685.38787842	-7.06885147			
68	y	7	871.46716309	-6.65078640			
68	y	8	1029.53625488	-6.64065075			
68	y	9	1100.57348633	-5.79437447			
68	y	10	1247.64184570	-6.50182915			
68	y	11	1410.70520020	-7.95958662			
68	y	12	1497.73718262	-9.19319344			
68	y	13	1584.76916504	-9.88590050			
69	b	1	116.03417206	-9.81681442			
69	b	2	203.06619263	-6.08221197			
69	b	3	366.12951660	-5.59054136			
69	b	4	465.19793701	-9.29937649			
69	b	5	522.21942139	-9.86543941			
69	b	6	637.24633789	-9.83218670			
69	b	7	766.28887939	-9.84866142			
69	b	8	837.32598877	-9.80345726			
69	b	9	965.38458252	-9.93595600			
69	b	10	1052.41650391	-9.93921375			
69	y	1	147.11276245	-6.50869942			
69	y	2	234.14479065	-5.87674332			
69	y	3	362.20333862	-7.03419304			
69	y	4	433.24044800	-6.44330645			
69	y	5	562.28308105	-6.69660139			
69	y	6	677.30999756	-7.10694504			
69	y	7	734.33148193	-3.10377693			
69	y	8	833.39990234	-4.49684191			
69	y	9	996.46325684	-6.74072218			
69	y	10	1083.49523926	-9.96578407			
70	b	1	126.05491638	-9.06100559			
70	b	2	227.10260010	-6.08592319			
70	b	3	326.17102051	-8.38075066			
70	b	4	454.22958374	-8.02821159			
70	b	5	567.31365967	-9.26813889			
70	b	6	696.35626221	-9.95641708			
70	b	7	797.40393066	-9.94226742			
70	b	8	910.48797607	-9.90941906			
70	b	9	997.52001953	-9.89503193			
70	b	10	1110.60400391	-9.89329052			
70	y	1	175.11891174	-5.76954222			
70	y	2	288.20297241	-8.08552742			
70	y	3	375.23501587	-6.14903307			
70	y	4	488.31906128	-7.00198698			
70	y	5	589.36676025	-4.76226568			
70	y	6	718.40936279	-4.39352942			
70	y	7	831.49340820	-4.27407885			
70	y	8	959.55200195	-4.59162760			
70	y	9	1058.62036133	-6.07502127			
70	y	10	1159.66809082	-9.74873924			
71	b	1	58.02870178	-9.92787266			
71	b	2	205.09712219	-5.23043060			
71	b	3	276.13424683	-5.09667683			
71	b	4	423.20266724	-6.76544762			
71	b	5	522.27111816	-8.71385574			
71	b	6	623.31878662	-9.50414848			
71	b	7	770.38720703	-9.84136677			
71	b	8	885.41412354	-9.91915417			
71	b	9	1000.44104004	-9.88196850			
71	b	10	1137.49987793	-9.72513485			
71	b	11	1266.54248047	-9.61596107			
71	b	12	1353.57446289	-9.23255539			
71	b	13	1452.64282227	-9.26645947			
71	b	14	1567.66979980	-9.42913055			
71	y	1	147.11276245	-6.33167982			
71	y	2	262.13967896	-6.77070999			
71	y	3	361.20809937	-9.23381042			
71	y	4	448.24014282	-8.22209549			
71	y	5	577.28283691	-7.82798672			
71	y	6	714.34173584	-6.85397005			
71	y	7	829.36865234	-8.04833698			
71	y	8	944.39556885	-7.13919592			
71	y	9	1091.46398926	-6.39284372			
71	y	10	1192.51171875	-4.89338446			
71	y	11	1291.58007812	-6.53806210			
71	y	12	1438.64843750	-8.69950581			
71	y	13	1509.68554688	-9.74113750			
71	y	14	1656.75390625	-9.95736694			
72	b	1	58.02870178	-9.96578407			
72	b	2	205.09712219	-6.20082235			
72	b	3	262.11859131	-6.01104498			
72	b	4	409.18701172	-7.44521713			
72	b	5	508.25543213	-8.54854679			
72	b	6	609.30316162	-9.00052071			
72	b	7	772.36651611	-9.45520592			
72	b	8	873.41418457	-9.63918972			
72	b	9	957.43536377	-9.54705143			
72	b	10	1056.50366211	-9.64789009			
72	b	11	1185.54626465	-9.73386574			
72	b	12	1314.58886719	-9.36362553			
72	b	13	1413.65722656	-9.96578407			
72	b	14	1528.68420410	-9.96578407			
72	b	15	1599.72131348	-9.91539192			
72	b	16	1670.75842285	-9.93066883			
72	b	17	1817.79382324	-9.96575928			
72	b	18	1931.83679199	-9.93885040			
72	b	19	2002.87390137	-9.94716835			
72	y	1	175.11891174	-6.67866373			
72	y	2	246.15602112	-8.84342289			
72	y	3	360.19894409	-7.33645439			
72	y	4	507.23434448	-6.75704241			
72	y	5	578.27148438	-5.88247490			
72	y	6	649.30859375	-5.01414108			
72	y	7	764.33551025	-4.80173016			
72	y	8	863.40393066	-6.17493629			
72	y	9	992.44653320	-6.59110641			
72	y	10	1121.48913574	-6.20575571			
72	y	11	1220.55749512	-8.40620232			
72	y	12	1304.57861328	-8.84210491			
72	y	13	1405.62634277	-9.25955486			
72	y	14	1568.68969727	-9.66903782			
72	y	15	1669.73742676	-9.96578407			
72	y	16	1768.80578613	-9.96578407			
72	y	17	1915.87426758	-9.96578407			
72	y	18	1972.89575195	-9.96194553			
72	y	19	2119.96411133	-9.95424747			
73	b	1	130.04981995	-9.18426228			
73	b	2	243.13388062	-5.83844948			
73	b	3	344.18154907	-7.19700575			
73	b	4	415.21865845	-6.77181625			
73	b	5	528.30273438	-8.62931061			
73	b	6	599.33984375	-9.10204220			
73	b	7	696.39263916	-9.82231045			
73	b	8	828.45404053	-9.92798805			
73	b	9	899.49114990	-9.86823940			
73	b	10	1046.52648926	-9.92173672			
73	b	11	1174.62145996	-9.89486885			
73	b	12	1287.70556641	-9.66283989			
73	y	1	147.11276245	-6.67490292			
73	y	2	260.19680786	-7.57112932			
73	y	3	388.29177856	-7.84868956			
73	y	4	535.32720947	-8.52014351			
73	y	5	606.36431885	-8.72384453			
73	y	6	738.42578125	-8.70370674			
73	y	7	835.47851562	-4.02944851			
73	y	8	906.51562500	-5.10111856			
73	y	9	1019.59967041	-6.38530159			
73	y	10	1090.63684082	-7.30719662			
73	y	11	1191.68457031	-7.87975883			
73	y	12	1304.76867676	-9.91225338			
74	b	1	58.02870178	-9.86079121			
74	b	2	171.11276245	-5.77503014			
74	b	3	284.19680786	-6.80392981			
74	b	4	385.24447632	-6.71803665			
74	b	5	498.32852173	-8.87307644			
74	b	6	626.42352295	-9.41840839			
74	b	7	789.48687744	-7.57352066			
74	b	8	886.53961182	-9.96578407			
74	b	9	999.62365723	-9.50325871			
74	b	10	1128.66613770	-8.22809982			
74	b	11	1265.72509766	-9.88631535			
74	b	12	1337.74621582	-9.88419914			
74	b	13	1450.83032227	-9.78955269			
74	b	14	1563.91442871	-9.78896713			
74	b	15	1664.96215820	-9.96578407			
74	b	16	1779.00512695	-9.96578407			
74	b	17	1965.08447266	-9.96288586			
74	b	18	2080.11157227	-9.96578407			
74	b	19	2195.13842773	-9.96578407			
74	b	20	2342.17382812	-9.96578407			
74	b	21	2471.21630859	-9.95195961			
74	y	1	147.11276245	-7.63783455			
74	y	2	276.15533447	-8.13660908			
74	y	3	423.19070435	-7.63515854			
74	y	4	538.21765137	-7.84442377			
74	y	5	653.24456787	-7.97430611			
74	y	6	839.32385254	-7.33573532			
74	y	7	953.36676025	-7.59963703			
74	y	8	1054.41442871	-6.25177622			
74	y	9	1167.49853516	-7.24353504			
74	y	10	1280.58264160	-8.24671841			
74	y	11	1352.60375977	-7.78816032			
74	y	12	1489.66271973	-8.46360683			
74	y	13	1618.70532227	-9.20365334			
74	y	14	1731.78942871	-9.59389496			
74	y	15	1828.84216309	-9.14599323			
74	y	16	1991.90551758	-9.80650043			
74	y	17	2120.00048828	-9.92221737			
74	y	18	2233.08447266	-9.96163654			
74	y	19	2334.13208008	-9.95714378			
74	y	20	2447.21606445	-9.96578407			
74	y	21	2560.30004883	-9.95973015			
75	b	1	72.04434967	-9.84727764			
75	b	2	143.08146667	-7.14213419			
75	b	3	303.11215210	-9.08732319			
75	b	4	434.15261841	-9.63997078			
75	b	5	562.24761963	-9.62419796			
75	b	6	649.27966309	-9.43686104			
75	b	7	748.34808350	-9.41439915			
75	b	8	1041.45910645	-9.42629051			
75	b	9	1169.55407715	-9.70700645			
75	b	10	1297.61267090	-9.96578407			
75	b	11	1354.63415527	-9.94482994			
75	b	12	1425.67126465	-9.86990547			
75	b	13	1554.71386719	-9.84930134			
75	b	14	1667.79797363	-9.93344784			
75	b	15	1754.82995605	-9.96578407			
75	b	16	1868.87292480	-9.96466446			
75	b	17	1997.91552734	-9.95050049			
75	b	18	2126.95825195	-9.96578407			
75	y	1	175.11891174	-6.46564436			
75	y	2	304.16146851	-7.00163507			
75	y	3	433.20407104	-9.46136284			
75	y	4	547.24700928	-7.73170853			
75	y	5	634.27905273	-4.77689123			
75	y	6	747.36309814	-5.69245052			
75	y	7	876.40570068	-6.10710144			
75	y	8	947.44281006	-7.94821501			
75	y	9	1004.46429443	-5.87415695			
75	y	10	1132.52282715	-7.02808428			
75	y	11	1260.61779785	-8.71361351			
75	y	12	1553.72888184	-8.30450058			
75	y	13	1652.79724121	-9.67756939			
75	y	14	1739.82922363	-9.77242279			
75	y	15	1867.92419434	-9.96578407			
75	y	16	1998.96472168	-9.96578407			
75	y	17	2158.99536133	-9.96578407			
75	y	18	2230.03247070	-9.96493053			
76	b	1	58.02870178	-9.96578407			
76	b	2	205.09712219	-6.22112179			
76	b	3	262.11859131	-5.90100861			
76	b	4	409.18701172	-7.52272511			
76	b	5	508.25543213	-7.91262913			
76	b	6	609.30316162	-8.66671181			
76	b	7	772.36651611	-8.90503693			
76	b	8	843.40362549	-8.89772606			
76	b	9	944.45129395	-9.22959995			
76	b	10	1043.51965332	-9.62347412			
76	b	11	1172.56225586	-9.82981682			
76	b	12	1301.60485840	-9.09806156			
76	b	13	1400.67321777	-9.96578407			
76	b	14	1515.70019531	-9.92919540			
76	b	15	1586.73730469	-9.94301414			
76	b	16	1685.80566406	-9.96578407			
76	b	17	1816.84619141	-9.96578407			
76	b	18	1930.88916016	-9.96578407			
76	b	19	2001.92626953	-9.94800854			
76	y	1	381.18673706	-6.47556305			
76	y	2	452.22384644	-7.64029026			
76	y	3	566.26678467	-6.67512608			
76	y	4	697.30725098	-6.12155581			
76	y	5	796.37567139	-6.92246294			
76	y	6	867.41278076	-6.27801752			
76	y	7	982.43969727	-5.50214052			
76	y	8	1081.50805664	-6.68777561			
76	y	9	1210.55065918	-6.88242245			
76	y	10	1339.59326172	-6.76544428			
76	y	11	1438.66162109	-8.43264008			
76	y	12	1539.70935059	-8.37093449			
76	y	13	1610.74645996	-9.07791996			
76	y	14	1773.80981445	-9.64091587			
76	y	15	1874.85754395	-9.68459797			
76	y	16	1973.92590332	-9.90390301			
76	y	17	2120.99438477	-9.95034504			
76	y	18	2178.01586914	-9.95391273			
76	y	19	2325.08422852	-9.96223927			
77	b	1	164.07055664	-9.96578407			
77	b	2	261.12332153	-7.06904697			
77	b	3	374.20736694	-8.75540447			
77	b	4	517.26568604	-9.12249184			
77	b	5	654.32458496	-9.80616188			
77	b	6	711.34606934	-9.44247246			
77	b	7	824.43011475	-8.02295876			
77	b	8	923.49853516	-7.77940321			
77	b	9	1024.54614258	-9.73050785			
77	b	10	1138.58911133	-9.12764740			
77	b	11	1324.66845703	-9.96578407			
77	b	12	1439.69543457	-9.95532131			
77	b	13	1554.72241211	-9.92030621			
77	b	14	1685.76293945	-9.93838501			
77	b	15	1814.80554199	-9.96578407			
77	y	1	147.11276245	-6.31737089			
77	y	2	276.15533447	-7.99913502			
77	y	3	407.19583130	-7.61355400			
77	y	4	522.22277832	-7.34429550			
77	y	5	637.24975586	-6.97608232			
77	y	6	823.32910156	-6.39128351			
77	y	7	937.37200928	-6.69797421			
77	y	8	1038.41967773	-6.12042522			
77	y	9	1137.48803711	-8.17006588			
77	y	10	1250.57214355	-9.75523758			
77	y	11	1307.59362793	-8.88582611			
77	y	12	1444.65258789	-9.33060455			
77	y	13	1587.71081543	-9.89425468			
77	y	14	1700.79492188	-9.96578407			
77	y	15	1797.84765625	-9.95986080			
78	b	1	72.04434967	-9.96578407			
78	b	2	185.12841797	-6.28812647			
78	b	3	316.16891479	-5.69181490			
78	b	4	429.25296021	-7.68849802			
78	b	5	557.31158447	-8.19391441			
78	b	6	614.33306885	-8.23838711			
78	b	7	727.41711426	-8.53166580			
78	b	8	842.44403076	-7.82137108			
78	b	9	955.52807617	-7.84825897			
78	b	10	1068.61206055	-8.98507404			
78	b	11	1139.64916992	-9.59564686			
78	b	12	1254.67614746	-9.46140862			
78	b	13	1325.71325684	-9.47739315			
78	b	14	1424.78161621	-9.91516972			
78	b	15	1495.81872559	-9.92115879			
78	b	16	1608.90283203	-9.96113014			
78	b	17	1709.95056152	-9.96578407			
78	b	18	1856.98596191	-9.96578407			
78	b	19	1914.00744629	-9.96578407			
78	b	20	2011.06018066	-9.93860626			
78	b	21	2139.15527344	-9.93477535			
78	b	22	2196.17675781	-9.96218777			
78	y	1	175.11891174	-7.25466394			
78	y	2	232.14038086	-7.77695704			
78	y	3	360.23532104	-9.24997520			
78	y	4	457.28808594	-7.33847713			
78	y	5	514.30957031	-5.68770790			
78	y	6	661.34497070	-7.04820299			
78	y	7	762.39263916	-5.85167885			
78	y	8	875.47668457	-6.39174604			
78	y	9	946.51379395	-5.73639250			
78	y	10	1045.58215332	-8.09427261			
78	y	11	1116.61926270	-7.91502666			
78	y	12	1231.64624023	-8.00807858			
78	y	13	1302.68334961	-8.56176090			
78	y	14	1415.76745605	-9.20656109			
78	y	15	1528.85156250	-9.82702732			
78	y	16	1643.87854004	-9.89663887			
78	y	17	1756.96264648	-9.95889664			
78	y	18	1813.98413086	-9.96578407			
78	y	19	1942.04272461	-9.96578407			
78	y	20	2055.12670898	-9.96578407			
78	y	21	2186.16723633	-9.96578407			
78	y	22	2299.25122070	-9.96523190			
79	b	1	148.04261780	-7.63522339			
79	b	2	263.06954956	-7.02424812			
79	b	3	481.18368530	-7.80769253			
79	b	4	568.21575928	-8.42188931			
79	b	5	671.22497559	-9.71067524			
79	b	6	758.25701904	-9.87779999			
79	b	7	871.34106445	-9.96578407			
79	b	8	986.36798096	-9.75098610			
79	b	9	1133.40332031	-9.96578407			
79	b	10	1248.43029785	-9.96578407			
79	b	11	1335.46228027	-9.96578407			
79	b	12	1448.54638672	-9.96578407			
79	b	13	1561.63049316	-9.96578407			
79	b	14	1632.66760254	-9.96578407			
79	b	15	1761.71020508	-9.96578407			
79	b	16	1860.77856445	-9.96578407			
79	y	1	147.11276245	-5.72761440			
79	y	2	246.18116760	-6.44340420			
79	y	3	375.22372437	-7.75586510			
79	y	4	446.26083374	-5.92797279			
79	y	5	559.34490967	-6.19913340			
79	y	6	672.42895508	-8.37089252			
79	y	7	759.46099854	-6.77969456			
79	y	8	874.48791504	-6.69922590			
79	y	9	1021.52331543	-8.46673584			
79	y	10	1136.55029297	-8.25381470			
79	y	11	1249.63439941	-9.54829788			
79	y	12	1336.66638184	-9.13589573			
79	y	13	1439.67553711	-9.82667923			
79	y	14	1526.70751953	-9.96578407			
79	y	15	1744.82165527	-9.92686653			
79	y	16	1859.84863281	-9.95616150			
80	b	1	72.04434967	-9.53964043			
80	b	2	159.07638550	-5.81633902			
80	b	3	272.16043091	-9.07729721			
80	b	4	401.20300293	-9.78652000			
80	b	5	515.24597168	-9.87257671			
80	b	6	602.27801514	-9.84499359			
80	b	7	715.36206055	-9.89763069			
80	y	1	175.11891174	-5.06884527			
80	y	2	288.20297241	-7.74718523			
80	y	3	375.23501587	-6.95152664			
80	y	4	489.27795410	-4.62710381			
80	y	5	618.32055664	-4.11358261			
80	y	6	731.40460205	-5.60213995			
80	y	7	818.43664551	-7.53926134			
81	b	1	58.02870178	-9.96578407			
81	b	2	129.06581116	-7.32184410			
81	b	3	244.09274292	-5.21411180			
81	b	4	391.16116333	-6.10431194			
81	b	5	504.24520874	-5.64419746			
81	b	6	603.31365967	-7.85584927			
81	b	7	704.36132812	-9.06836987			
81	b	8	833.40393066	-9.01048470			
81	b	9	932.47235107	-9.46654606			
81	b	10	1061.51489258	-9.81895161			
81	b	11	1162.56262207	-9.81674957			
81	b	12	1219.58410645	-9.95008850			
81	b	13	1276.60559082	-9.92714787			
81	b	14	1363.63757324	-9.94923782			
81	b	15	1450.66955566	-9.96578407			
81	b	16	1507.69104004	-9.96578407			
81	b	17	1594.72302246	-9.94557285			
81	y	1	188.13926697	-7.13873816			
81	y	2	275.17129517	-8.81146622			
81	y	3	332.19274902	-7.96273279			
81	y	4	419.22476196	-7.73200560			
81	y	5	506.25680542	-8.37147045			
81	y	6	563.27832031	-7.67578506			
81	y	7	620.29980469	-6.50794315			
81	y	8	721.34747314	-5.95388937			
81	y	9	850.39007568	-5.23050737			
81	y	10	949.45849609	-5.38311672			
81	y	11	1078.50109863	-6.15697527			
81	y	12	1179.54882812	-3.83441377			
81	y	13	1278.61718750	-4.68761683			
81	y	14	1391.70129395	-6.76855803			
81	y	15	1538.76977539	-9.75788689			
81	y	16	1653.79675293	-9.80350018			
81	y	17	1724.83386230	-9.93765450			
82	b	1	102.05490875	-8.17634296			
82	b	2	189.08694458	-7.65154982			
82	b	3	336.15536499	-8.48945713			
82	b	4	522.23468018	-8.04473782			
82	b	5	579.25616455	-9.04583740			
82	b	6	842.44476318	-9.25252151			
82	b	7	989.48016357	-8.20902443			
82	b	8	1046.50158691	-9.22414780			
82	b	9	1133.53356934	-9.22190189			
82	b	10	1190.55505371	-9.54086208			
82	b	11	1247.57653809	-8.26825047			
82	b	12	1360.66064453	-8.84414482			
82	b	13	1431.69775391	-9.24045753			
82	b	14	1532.74548340	-9.85644531			
82	b	15	1589.76696777	-9.43587494			
82	b	16	1736.80236816	-9.63950920			
82	b	17	1807.83947754	-9.96578407			
82	b	18	1864.86096191	-9.96578407			
82	b	19	1921.88244629	-9.44690418			
82	b	20	2034.96655273	-9.93868065			
82	b	21	2106.00390625	-9.96578407			
82	b	22	2163.02539062	-9.96578407			
82	b	23	2294.06591797	-9.96578407			
82	b	24	2351.08740234	-9.96578407			
82	b	25	2408.10888672	-9.96578407			
82	b	26	2521.19287109	-9.95925808			
82	b	27	2649.25146484	-9.96127605			
82	b	28	2763.29443359	-9.96578407			
82	b	29	2892.33691406	-9.95617962			
82	y	1	147.11276245	-7.17508459			
82	y	2	276.15533447	-8.73893261			
82	y	3	390.19827271	-6.90809584			
82	y	4	518.25689697	-7.70852327			
82	y	5	631.34094238	-8.64508247			
82	y	6	688.36242676	-7.40688753			
82	y	7	745.38391113	-5.68390417			
82	y	8	876.42437744	-8.02168083			
82	y	9	933.44586182	-5.72929144			
82	y	10	1004.48297119	-6.35998297			
82	y	11	1117.56701660	-9.12911415			
82	y	12	1174.58850098	-8.55917168			
82	y	13	1231.60998535	-8.01352024			
82	y	14	1302.64709473	-8.49569416			
82	y	15	1449.68249512	-9.64772224			
82	y	16	1506.70397949	-8.79095364			
82	y	17	1607.75170898	-9.34204483			
82	y	18	1678.78881836	-9.45513344			
82	y	19	1791.87292480	-9.96578407			
82	y	20	1848.89440918	-9.96578407			
82	y	21	1905.91589355	-9.96578407			
82	y	22	1992.94787598	-9.92916965			
82	y	23	2049.96923828	-9.92073536			
82	y	24	2197.00463867	-9.94872665			
82	y	25	2460.19311523	-9.96578407			
82	y	26	2517.21459961	-9.96578407			
82	y	27	2703.29394531	-9.96578407			
82	y	28	2850.36230469	-9.96578407			
82	y	29	2937.39428711	-9.96578407			
83	b	1	190.05322266	-9.83879662			
83	b	2	277.08523560	-5.36981297			
83	b	3	390.16928101	-5.74453831			
83	b	4	521.20977783	-9.00402164			
83	b	5	635.25268555	-9.33202362			
83	b	6	722.28472900	-9.24346161			
83	b	7	869.35314941	-9.92014313			
83	b	8	968.42156982	-9.77149677			
83	b	9	1083.44848633	-9.96578407			
83	b	10	1198.47546387	-9.80710411			
83	b	11	1311.55957031	-9.92281055			
83	b	12	1458.62805176	-9.95411301			
83	b	13	1587.67065430	-9.94720268			
83	y	1	175.11891174	-5.87093163			
83	y	2	304.16146851	-8.63121414			
83	y	3	451.22988892	-7.72098923			
83	y	4	564.31396484	-6.50629997			
83	y	5	679.34088135	-7.45309496			
83	y	6	794.36779785	-5.13446808			
83	y	7	893.43621826	-5.94005537			
83	y	8	1040.50463867	-6.29715157			
83	y	9	1127.53662109	-5.84344625			
83	y	10	1241.57958984	-5.30764914			
83	y	11	1372.62011719	-6.36055470			
83	y	12	1485.70422363	-8.73227787			
83	y	13	1572.73620605	-9.66270638			
84	b	1	156.06547546	-9.87880039			
84	b	2	227.10260010	-5.53896093			
84	b	3	341.14553833	-5.92218161			
84	b	4	412.18264771	-7.30511999			
84	b	5	483.21975708	-8.52807522			
84	b	6	596.30383301	-9.38984394			
84	b	7	667.34094238	-9.79506207			
84	b	8	768.38861084	-9.74469566			
84	b	9	881.47265625	-9.81846333			
84	y	1	147.11276245	-5.66139603			
84	y	2	260.19680786	-7.17719173			
84	y	3	361.24447632	-6.27367115			
84	y	4	432.28158569	-5.84117603			
84	y	5	545.36566162	-5.73908806			
84	y	6	616.40277100	-5.41319513			
84	y	7	687.43988037	-6.32089615			
84	y	8	801.48278809	-6.42259693			
84	y	9	872.51989746	-9.87821007			
85	b	1	116.03417206	-9.79141903			
85	b	2	230.07710266	-6.09595919			
85	b	3	317.10913086	-8.31159210			
85	b	4	683.24932861	-9.96578407			
85	b	5	770.28137207	-9.96578407			
85	b	6	883.36541748	-9.96578407			
85	b	7	998.39233398	-9.75867844			
85	b	8	1129.43273926	-9.96578407			
85	b	9	1244.45971680	-9.96578407			
85	b	10	1331.49169922	-9.96578407			
85	b	11	1444.57580566	-9.96578407			
85	b	12	1557.65991211	-9.96578407			
85	b	13	1628.69702148	-9.96578407			
85	b	14	1757.73962402	-9.96578407			
85	b	15	1856.80798340	-9.95515537			
85	y	1	147.11276245	-5.79955196			
85	y	2	246.18116760	-6.15931654			
85	y	3	375.22372437	-7.60251284			
85	y	4	446.26083374	-5.76736927			
85	y	5	559.34490967	-5.53678226			
85	y	6	672.42895508	-7.85643768			
85	y	7	759.46099854	-6.58133173			
85	y	8	874.48791504	-6.63321304			
85	y	9	1005.52838135	-8.61796474			
85	y	10	1120.55529785	-8.12402248			
85	y	11	1233.63940430	-9.60474300			
85	y	12	1320.67138672	-9.57780266			
85	y	13	1686.81152344	-9.94589996			
85	y	14	1773.84350586	-9.96578407			
85	y	15	1887.88647461	-9.91346645			
86	b	1	148.04261780	-9.96578407			
86	b	2	235.07464600	-7.72381163			
86	b	3	430.06790161	-8.14709949			
86	b	4	593.13128662	-9.73032379			
86	b	5	707.17419434	-8.19098663			
86	b	6	820.25823975	-9.09267807			
86	b	7	948.31683350	-9.69960499			
86	b	8	1076.41174316	-9.96578407			
86	b	9	1205.45434570	-9.96578407			
86	b	10	1292.48632812	-9.96578407			
86	b	11	1393.53405762	-9.94782162			
86	b	12	1506.61816406	-9.78391933			
86	b	13	1643.67712402	-9.96578407			
86	b	14	1756.76123047	-9.96578407			
86	b	15	1855.82958984	-9.96578407			
86	b	16	1968.91369629	-9.95314980			
86	y	1	175.11891174	-5.71746922			
86	y	2	288.20297241	-7.05146265			
86	y	3	387.27139282	-5.62612820			
86	y	4	500.35543823	-4.73256779			
86	y	5	637.41436768	-5.35138988			
86	y	6	750.49841309	-7.09387922			
86	y	7	851.54608154	-7.41360092			
86	y	8	938.57812500	-6.09920168			
86	y	9	1067.62072754	-5.84988403			
86	y	10	1195.71569824	-8.07933807			
86	y	11	1323.77429199	-9.08195114			
86	y	12	1436.85839844	-9.87324715			
86	y	13	1550.90136719	-9.92684364			
86	y	14	1713.96472168	-9.94385815			
86	y	15	1908.95800781	-9.96578407			
86	y	16	1995.98999023	-9.96578407			
87	b	1	58.02870178	-9.96578407			
87	b	2	205.09712219	-5.46148014			
87	b	3	276.13424683	-6.80357504			
87	b	4	423.20266724	-9.29062176			
87	b	5	536.28674316	-9.96578407			
87	b	6	637.33441162	-9.57386971			
87	b	7	784.40283203	-9.96578407			
87	b	8	899.42974854	-9.96578407			
87	b	9	1014.45666504	-9.96578407			
87	b	10	1151.51550293	-9.96578407			
87	b	11	1266.54248047	-9.96578407			
87	b	12	1353.57446289	-9.96578407			
87	b	13	1452.64282227	-9.96578407			
87	b	14	1567.66979980	-9.87105083			
87	y	1	147.11276245	-6.75773001			
87	y	2	262.13967896	-6.55465698			
87	y	3	361.20809937	-9.55519772			
87	y	4	448.24014282	-7.38376999			
87	y	5	563.26708984	-8.35201359			
87	y	6	700.32598877	-6.90356159			
87	y	7	815.35290527	-8.19052124			
87	y	8	930.37982178	-7.65900755			
87	y	9	1077.44824219	-7.93147421			
87	y	10	1178.49597168	-6.54217720			
87	y	11	1291.58007812	-8.94299698			
87	y	12	1438.64843750	-9.96255016			
87	y	13	1509.68554688	-9.96578407			
87	y	14	1656.75390625	-9.96202087			
88	b	1	102.05490875	-8.75790024			
88	b	2	215.13897705	-4.93488789			
88	b	3	316.18664551	-7.17413950			
88	b	4	429.27072144	-9.96578407			
88	b	5	558.31335449	-9.53357124			
88	b	6	657.38177490	-9.71673107			
88	b	7	785.47674561	-9.96578407			
88	b	8	882.52947998	-9.96578407			
88	b	9	969.56152344	-9.96578407			
88	b	10	1084.58837891	-9.00108624			
88	b	11	1185.63610840	-9.30315495			
88	b	12	1298.72021484	-9.93662262			
88	b	13	1427.76281738	-9.91984558			
88	b	14	1541.80578613	-9.96578407			
88	b	15	1640.87414551	-9.94235229			
88	b	16	1768.96911621	-9.96578407			
88	b	17	1840.00622559	-9.96578407			
88	y	1	147.11276245	-7.78626394			
88	y	2	218.14988708	-7.15040779			
88	y	3	346.24484253	-7.54766989			
88	y	4	445.31326294	-9.22655010			
88	y	5	559.35620117	-7.47627640			
88	y	6	688.39880371	-6.61038923			
88	y	7	801.48284912	-7.40816545			
88	y	8	902.53051758	-7.30723381			
88	y	9	1017.55743408	-8.95367241			
88	y	10	1104.58947754	-8.05610085			
88	y	11	1201.64221191	-4.76075125			
88	y	12	1329.73718262	-8.84718990			
88	y	13	1428.80554199	-9.71318436			
88	y	14	1557.84814453	-9.86514854			
88	y	15	1670.93225098	-9.96578407			
88	y	16	1771.97998047	-9.96380806			
88	y	17	1885.06408691	-9.96010590			
89	b	1	129.10218811	-7.87237549			
89	b	2	243.14511108	-9.09849358			
89	b	3	357.18804932	-9.36892128			
89	b	4	486.23062134	-8.69930172			
89	b	5	615.27325439	-8.20838261			
89	b	6	744.31585693	-7.86528206			
89	b	7	815.35296631	-7.14782667			
89	b	8	943.44793701	-8.27545166			
89	b	9	1000.46942139	-9.13338375			
89	b	10	1113.55346680	-8.26361561			
89	b	11	1241.61206055	-8.70512199			
89	b	12	1312.64916992	-8.79814911			
89	b	13	1440.70776367	-9.03495598			
89	b	14	1553.79187012	-9.40482330			
89	b	15	1624.82897949	-9.68057060			
89	b	16	1711.86096191	-9.93516064			
89	b	17	1798.89294434	-9.94662666			
89	b	18	1855.91442871	-9.95561314			
89	b	19	1968.99853516	-9.94290543			
89	b	20	2070.04638672	-9.96578407			
89	b	21	2169.11474609	-9.96578407			
89	b	22	2298.15722656	-9.96578407			
89	b	23	2397.22558594	-9.96578407			
89	b	24	2512.25244141	-9.86930180			
89	b	25	2583.28955078	-9.92546654			
89	b	26	2680.34228516	-9.96578407			
89	y	1	147.11276245	-8.39665508			
89	y	2	244.16552734	-5.61801147			
89	y	3	315.20263672	-6.89224386			
89	y	4	430.22958374	-7.07981396			
89	y	5	529.29803467	-7.06593037			
89	y	6	658.34063721	-6.81730890			
89	y	7	757.40905762	-7.42614937			
89	y	8	858.45672607	-6.30683565			
89	y	9	971.54077148	-8.55986881			
89	y	10	1028.56225586	-7.26114273			
89	y	11	1115.59423828	-7.03170681			
89	y	12	1202.62622070	-6.49414825			
89	y	13	1273.66333008	-7.27238894			
89	y	14	1386.74743652	-8.70498848			
89	y	15	1514.80603027	-9.54659748			
89	y	16	1585.84313965	-9.65208721			
89	y	17	1713.90173340	-9.85792542			
89	y	18	1826.98583984	-9.92080402			
89	y	19	1884.00732422	-9.88267326			
89	y	20	2012.10229492	-9.96353054			
89	y	21	2083.13940430	-9.96578407			
89	y	22	2212.18188477	-9.96578407			
89	y	23	2341.22436523	-9.96578407			
89	y	24	2470.26684570	-9.96578407			
89	y	25	2584.30981445	-9.96189117			
89	y	26	2698.35278320	-9.96578407			
90	b	1	116.03417206	-9.88665104			
90	b	2	203.06619263	-6.21630669			
90	b	3	366.12951660	-5.65753841			
90	b	4	465.19793701	-9.37785721			
90	b	5	522.21942139	-9.96578407			
90	b	6	651.26202393	-9.74837208			
90	b	7	766.28894043	-9.85271263			
90	b	8	837.32604980	-9.92949009			
90	b	9	965.38464355	-9.95742893			
90	b	10	1052.41662598	-9.94432449			
90	y	1	147.11276245	-6.70044565			
90	y	2	234.14479065	-6.10203695			
90	y	3	362.20333862	-7.53282595			
90	y	4	433.24044800	-6.03080511			
90	y	5	548.26739502	-6.10516071			
90	y	6	677.30999756	-7.36639500			
90	y	7	734.33148193	-3.06813812			
90	y	8	833.39990234	-4.20591450			
90	y	9	996.46325684	-6.44524908			
90	y	10	1083.49523926	-9.96578407			
91	b	1	116.03417206	-9.96578407			
91	b	2	230.07710266	-6.10605431			
91	b	3	393.14041138	-4.98041725			
91	b	4	492.20883179	-6.63291216			
91	b	5	589.26165771	-9.96578407			
91	b	6	717.35662842	-9.60858059			
91	b	7	816.42504883	-8.61173725			
91	b	8	903.45709229	-9.32370949			
91	b	9	974.49420166	-7.49603224			
91	b	10	1087.57824707	-8.06249523			
91	b	11	1202.60522461	-8.27294827			
91	b	12	1330.66381836	-9.46113586			
91	b	13	1459.70642090	-8.93237209			
91	b	14	1572.79052734	-9.39280033			
91	b	15	1685.87463379	-9.89077473			
91	b	16	1814.91723633	-9.96243000			
91	b	17	1913.98559570	-9.90996361			
91	b	18	2029.01257324	-9.65031052			
91	b	19	2126.06542969	-9.93372440			
91	b	20	2241.09228516	-9.87204170			
91	b	21	2342.13989258	-9.96578407			
91	b	22	2470.23486328	-9.94899654			
91	b	23	2599.27734375	-9.94847107			
91	b	24	2746.31274414	-9.94135094			
91	b	25	2859.39672852	-9.93801689			
91	y	1	147.11276245	-7.70303488			
91	y	2	260.19680786	-8.38851070			
91	y	3	407.23220825	-8.37915611			
91	y	4	536.27484131	-8.73868275			
91	y	5	664.36981201	-9.32796860			
91	y	6	765.41748047	-7.55321741			
91	y	7	880.44439697	-9.05898476			
91	y	8	977.49719238	-5.08528948			
91	y	9	1092.52416992	-6.84616804			
91	y	10	1191.59252930	-7.32550478			
91	y	11	1320.63513184	-7.58996296			
91	y	12	1433.71923828	-7.91582584			
91	y	13	1546.80334473	-9.20742512			
91	y	14	1675.84594727	-9.65976429			
91	y	15	1803.90454102	-9.76421452			
91	y	16	1918.93151855	-9.75502014			
91	y	17	2032.01562500	-9.86288548			
91	y	18	2103.05273438	-9.91162491			
91	y	19	2190.08471680	-9.84166908			
91	y	20	2289.15307617	-9.89791393			
91	y	21	2417.24804688	-9.93670654			
91	y	22	2514.30078125	-9.93716431			
91	y	23	2613.36914062	-9.92290974			
91	y	24	2776.43237305	-9.96578407			
91	y	25	2890.47534180	-9.95677376			
92	b	1	161.03793335	-9.88503933			
92	b	2	258.09069824	-9.82677269			
92	b	3	359.13836670	-9.72044849			
92	b	4	416.15982056	-8.45875549			
92	b	5	515.22827148	-9.92447948			
92	b	6	630.25518799	-9.52397633			
92	b	7	727.30792236	-9.90346146			
92	b	8	828.35559082	-9.80586052			
92	b	9	956.41418457	-9.60926533			
92	b	10	1055.48254395	-9.28852558			
92	b	11	1142.51452637	-9.64021492			
92	b	12	1229.54650879	-9.80188370			
92	b	13	1316.57849121	-9.68348312			
92	b	14	1429.66259766	-9.80301571			
92	b	15	1516.69458008	-9.48740387			
92	b	16	1613.74731445	-9.96578407			
92	b	17	1742.78991699	-9.96501732			
92	b	18	1799.81140137	-9.96578407			
92	b	19	1900.85913086	-9.96578407			
92	b	20	2013.94323730	-9.96578407			
92	b	21	2114.99096680	-9.93360043			
92	b	22	2214.05932617	-9.95840073			
92	b	23	2343.10180664	-9.96578407			
92	b	24	2414.13891602	-9.96578407			
92	b	25	2511.19165039	-9.96578407			
92	b	26	2658.22705078	-9.96578407			
92	b	27	2755.27978516	-9.96323395			
92	y	1	147.11276245	-7.15926647			
92	y	2	244.16552734	-5.75344992			
92	y	3	391.20089722	-9.35728455			
92	y	4	488.25366211	-6.16266584			
92	y	5	559.29083252	-7.09816027			
92	y	6	688.33343506	-6.91519165			
92	y	7	787.40185547	-7.08297873			
92	y	8	888.44952393	-6.24457741			
92	y	9	1001.53356934	-7.57132339			
92	y	10	1102.58129883	-8.81398773			
92	y	11	1159.60278320	-7.52864790			
92	y	12	1288.64538574	-9.35647964			
92	y	13	1385.69812012	-6.43164778			
92	y	14	1472.73010254	-8.24086285			
92	y	15	1585.81420898	-9.95545864			
92	y	16	1672.84619141	-9.90015697			
92	y	17	1759.87817383	-9.96578407			
92	y	18	1846.91015625	-9.90841675			
92	y	19	1945.97851562	-9.88386631			
92	y	20	2074.03710938	-9.91615105			
92	y	21	2175.08471680	-9.96430111			
92	y	22	2272.13745117	-9.96165943			
92	y	23	2387.16430664	-9.93477917			
92	y	24	2486.23266602	-9.96578407			
92	y	25	2543.25415039	-9.95656776			
92	y	26	2644.30175781	-9.96578407			
92	y	27	2741.35449219	-9.96005154			
93	b	1	148.04261780	-7.89964247			
93	b	2	277.08520508	-4.77135897			
93	b	3	390.16928101	-7.35763884			
93	b	4	518.22790527	-9.46907330			
93	b	5	647.27050781	-9.26908970			
93	b	6	760.35455322	-9.54234695			
93	b	7	888.41314697	-9.83960247			
93	b	8	1001.49719238	-9.92030239			
93	y	1	147.11276245	-5.44670677			
93	y	2	260.19680786	-6.55391932			
93	y	3	388.25540161	-6.95373821			
93	y	4	501.33944702	-6.64080620			
93	y	5	630.38208008	-6.18953276			
93	y	6	758.44067383	-6.10839176			
93	y	7	871.52471924	-5.85892868			
93	y	8	1000.56732178	-7.50456572			
94	b	1	129.06581116	-9.84491444			
94	b	2	257.16076660	-8.99969959			
94	b	3	404.19613647	-8.66369247			
94	b	4	475.23324585	-9.18014717			
94	b	5	603.29187012	-9.27778816			
94	b	6	690.32391357	-9.49170303			
94	b	7	804.36682129	-8.58424473			
94	b	8	951.40222168	-9.13117313			
94	b	9	1066.42907715	-8.85504341			
94	b	10	1180.47204590	-8.63293362			
94	b	11	1311.51257324	-8.86341000			
94	b	12	1458.58093262	-9.96578407			
94	b	13	1587.62353516	-9.94349957			
94	b	14	1674.65551758	-9.95241070			
94	b	15	1837.71887207	-9.96578407			
94	b	16	1950.80297852	-9.96578407			
94	b	17	2064.84594727	-9.96578407			
94	b	18	2178.88891602	-9.95224094			
94	b	19	2291.97290039	-9.96578407			
94	y	1	175.11891174	-6.38438463			
94	y	2	288.20297241	-8.11054039			
94	y	3	402.24591064	-7.45705891			
94	y	4	516.28887939	-5.59624720			
94	y	5	629.37292480	-5.83749628			
94	y	6	792.43627930	-5.98387814			
94	y	7	879.46832275	-4.86738205			
94	y	8	1008.51092529	-4.98226929			
94	y	9	1155.57934570	-6.21250582			
94	y	10	1286.61987305	-8.40879631			
94	y	11	1400.66284180	-8.91348362			
94	y	12	1515.68981934	-9.39055824			
94	y	13	1662.72521973	-9.82440853			
94	y	14	1776.76818848	-9.96578407			
94	y	15	1863.80017090	-9.90200520			
94	y	16	1991.85876465	-9.96578407			
94	y	17	2062.89575195	-9.96578407			
94	y	18	2209.93115234	-9.96578407			
94	y	19	2338.02612305	-9.96578407			
95	b	1	206.08116150	-9.96578407			
95	b	2	320.12408447	-6.76628876			
95	b	3	417.17684937	-9.93671036			
95	b	4	532.20379639	-9.73232651			
95	b	5	633.25146484	-8.62108803			
95	b	6	732.31988525	-7.68453455			
95	b	7	861.36248779	-7.12157393			
95	b	8	1008.43090820	-7.17840242			
95	b	9	1107.49926758	-6.38983822			
95	b	10	1204.55200195	-9.66197205			
95	b	11	1317.63610840	-8.20440674			
95	b	12	1404.66809082	-9.28855991			
95	b	13	1548.72155762	-9.11915779			
95	b	14	1734.80090332	-9.66026115			
95	b	15	1848.84387207	-9.68751907			
95	b	16	1905.86535645	-9.92578316			
95	b	17	2020.89233398	-9.81564426			
95	b	18	2134.93530273	-9.95930099			
95	b	19	2265.97583008	-9.90213108			
95	b	20	2379.05981445	-9.96578407			
95	b	21	2508.10229492	-9.96578407			
95	b	22	2605.15502930	-9.96578407			
95	b	23	2692.18701172	-9.96578407			
95	b	24	2763.22412109	-9.96578407			
95	b	25	2877.26708984	-9.96578407			
95	b	26	3024.30249023	-9.96578407			
95	b	27	3121.35522461	-9.93562126			
95	b	28	3307.43457031	-9.96578407			
95	b	29	3454.50292969	-9.96375370			
95	y	1	147.11276245	-7.29253387			
95	y	2	294.18118286	-6.90719509			
95	y	3	480.26049805	-8.55926704			
95	y	4	577.31329346	-5.30826902			
95	y	5	724.34869385	-7.96533632			
95	y	6	838.39160156	-7.65263653			
95	y	7	909.42871094	-7.96433830			
95	y	8	996.46075439	-7.99847031			
95	y	9	1093.51354980	-4.48742199			
95	y	10	1222.55615234	-6.59162474			
95	y	11	1335.64025879	-7.31459188			
95	y	12	1466.68078613	-9.46093464			
95	y	13	1580.72375488	-9.24359894			
95	y	14	1695.75073242	-9.66637039			
95	y	15	1752.77221680	-9.40398502			
95	y	16	1866.81518555	-9.79092026			
95	y	17	2052.89453125	-9.88785267			
95	y	18	2196.94799805	-9.96428394			
95	y	19	2283.97998047	-9.96578407			
95	y	20	2397.06396484	-9.95788288			
95	y	21	2494.11669922	-9.84121704			
95	y	22	2593.18505859	-9.96578407			
95	y	23	2740.25341797	-9.96578407			
95	y	24	2869.29589844	-9.95972347			
95	y	25	2968.36425781	-9.95911217			
95	y	26	3069.41186523	-9.96578407			
95	y	27	3184.43872070	-9.94400883			
95	y	28	3281.49145508	-9.96213055			
95	y	29	3395.53442383	-9.96502018			
96	b	1	882.30853271	-9.92497444			
96	b	2	981.37695312	-7.21399403			
96	b	3	1038.39831543	-8.59045887			
96	b	4	1095.41979980	-7.59082985			
96	b	5	1208.50390625	-7.16942453			
96	b	6	1309.55163574	-8.42538071			
96	b	7	1410.59936523	-8.43846989			
96	b	8	1523.68347168	-8.19528961			
96	b	9	1624.73120117	-8.79506874			
96	b	10	1723.79956055	-9.05385208			
96	b	11	1837.84252930	-9.53971291			
96	b	12	1965.90112305	-9.60929203			
96	b	13	2052.93334961	-9.61005402			
96	b	14	2166.01733398	-9.75011730			
96	b	15	2279.10131836	-9.77236843			
96	b	16	2366.13330078	-9.31240940			
96	b	17	2463.18603516	-9.95922279			
96	b	18	2576.27001953	-9.78609085			
96	b	19	2690.31298828	-9.95473862			
96	b	20	2803.39697266	-9.94926262			
96	b	21	2932.43945312	-9.96578407			
96	b	22	3031.50781250	-9.96578407			
96	b	23	3146.53466797	-9.96578407			
96	b	24	3243.58740234	-9.94790840			
96	b	25	3357.63037109	-9.92317772			
96	b	26	3470.71435547	-9.96578407			
96	b	27	3598.77294922	-9.96578407			
96	b	28	3669.81005859	-9.96578407			
96	b	29	3768.87841797	-9.96578407			
96	y	1	175.11891174	-6.43752956			
96	y	2	274.18731689	-8.20392799			
96	y	3	345.22442627	-7.62004614			
96	y	4	473.28298950	-7.69311476			
96	y	5	586.36706543	-8.82870293			
96	y	6	700.40997314	-9.28393078			
96	y	7	797.46276855	-4.43803167			
96	y	8	912.48968506	-5.94261265			
96	y	9	1011.55810547	-6.67360735			
96	y	10	1140.60070801	-6.52124405			
96	y	11	1253.68481445	-8.34521294			
96	y	12	1367.72778320	-7.98206520			
96	y	13	1480.81188965	-9.32103157			
96	y	14	1577.86462402	-7.17210388			
96	y	15	1664.89660645	-8.80387402			
96	y	16	1777.98071289	-9.45856285			
96	y	17	1891.06481934	-9.81971455			
96	y	18	1978.09680176	-9.86608505			
96	y	19	2106.15527344	-9.92614174			
96	y	20	2220.19824219	-9.94122982			
96	y	21	2319.26660156	-9.93932915			
96	y	22	2420.31420898	-9.94711399			
96	y	23	2533.39819336	-9.96003437			
96	y	24	2634.44580078	-9.94780636			
96	y	25	2735.49340820	-9.96578407			
96	y	26	2848.57739258	-9.96308517			
96	y	27	2905.59887695	-9.95808411			
96	y	28	2962.62036133	-9.96129322			
96	y	29	3061.68872070	-9.96116257			
97	b	1	171.11274719	-9.86853123			
97	b	2	300.15533447	-5.17365980			
97	b	3	413.23941040	-8.91105938			
97	b	4	470.26086426	-9.40828609			
97	b	5	557.29290771	-9.94091797			
97	b	6	713.39398193	-8.93276882			
97	b	7	826.47802734	-9.26699352			
97	b	8	955.52062988	-8.19829369			
97	b	9	1012.54211426	-5.35448885			
97	b	10	1125.62609863	-7.08153677			
97	b	11	1226.67382812	-9.71879292			
97	b	12	1341.70080566	-9.20980549			
97	b	13	1470.74340820	-9.73201466			
97	b	14	1583.82751465	-9.86211109			
97	b	15	1697.87048340	-9.96578407			
97	b	16	1844.93884277	-9.95022869			
97	b	17	1958.02294922	-9.96578407			
97	y	1	175.11891174	-6.36242104			
97	y	2	288.20297241	-9.01323891			
97	y	3	435.27139282	-8.80920219			
97	y	4	549.31433105	-7.24525881			
97	y	5	662.39837646	-7.31002378			
97	y	6	791.44097900	-6.48471642			
97	y	7	906.46789551	-6.29169035			
97	y	8	1007.51556396	-5.69703960			
97	y	9	1120.59960938	-9.19049931			
97	y	10	1177.62109375	-8.71127033			
97	y	11	1306.66369629	-9.83292103			
97	y	12	1419.74780273	-9.77673721			
97	y	13	1575.84887695	-9.96578407			
97	y	14	1662.88085938	-9.96528244			
97	y	15	1719.90234375	-9.96578407			
97	y	16	1832.98645020	-9.95890331			
97	y	17	1962.02905273	-9.96578407			
98	b	1	155.11779785	-9.78785896			
98	b	2	284.16036987	-4.62181854			
98	b	3	397.24441528	-8.43649387			
98	b	4	526.28704834	-8.84951878			
98	b	5	613.31909180	-9.51170921			
98	b	6	670.34057617	-8.80555820			
98	b	7	783.42462158	-8.90744972			
98	b	8	912.46722412	-8.92713737			
98	b	9	969.48870850	-7.63456488			
98	b	10	1082.57275391	-9.45851994			
98	b	11	1183.62048340	-9.96578407			
98	b	12	1298.64746094	-9.85929775			
98	b	13	1427.69006348	-9.77543831			
98	b	14	1540.77416992	-9.90495777			
98	b	15	1654.81713867	-9.96578407			
98	b	16	1801.88562012	-9.96578407			
98	b	17	1914.96972656	-9.95360279			
98	y	1	175.11891174	-6.05642271			
98	y	2	288.20297241	-7.56579208			
98	y	3	435.27139282	-7.78582621			
98	y	4	549.31433105	-6.00295210			
98	y	5	662.39837646	-6.52262735			
98	y	6	791.44097900	-6.41240072			
98	y	7	906.46789551	-5.77480507			
98	y	8	1007.51556396	-5.37570333			
98	y	9	1120.59960938	-9.37275982			
98	y	10	1177.62109375	-7.94009066			
98	y	11	1306.66369629	-8.40449810			
98	y	12	1419.74780273	-9.77344131			
98	y	13	1476.76928711	-9.86434555			
98	y	14	1563.80126953	-9.89181614			
98	y	15	1692.84387207	-9.90119743			
98	y	16	1805.92797852	-9.94910717			
98	y	17	1934.97058105	-9.96117115			
99	b	1	114.05494690	-9.55820370			
99	b	2	229.08187866	-7.87666416			
99	b	3	357.14047241	-4.65263557			
99	b	4	470.22451782	-6.74695826			
99	b	5	571.27221680	-8.13670921			
99	b	6	700.31481934	-8.62893200			
99	b	7	829.35742188	-8.08210087			
99	b	8	957.41601562	-7.56892776			
99	b	9	1070.50000000	-7.17711067			
99	b	10	1141.53710938	-8.30833435			
99	b	11	1270.57971191	-7.92006207			
99	b	12	1417.64807129	-8.68952942			
99	b	13	1545.74304199	-9.42962074			
99	b	14	1674.78564453	-9.44271374			
99	b	15	1745.82275391	-9.34953976			
99	b	16	1892.89123535	-9.77002239			
99	b	17	1979.92321777	-9.66528988			
99	b	18	2093.00732422	-9.95941639			
99	b	19	2240.07568359	-9.96578407			
99	b	20	2355.10253906	-9.96578407			
99	b	21	2483.19750977	-9.91991234			
99	b	22	2598.22436523	-9.96578407			
99	b	23	2655.24584961	-9.95448303			
99	b	24	2770.27270508	-9.96155453			
99	b	25	2827.29418945	-9.96578407			
99	b	26	2928.34179688	-9.96578407			
99	b	27	3041.42578125	-9.96578407			
99	b	28	3142.47338867	-9.96578407			
99	b	29	3243.52099609	-9.94740009			
99	y	1	147.11276245	-7.80694866			
99	y	2	248.16044617	-6.47804499			
99	y	3	349.20809937	-6.37156010			
99	y	4	462.29214478	-8.26372242			
99	y	5	563.33984375	-9.34832478			
99	y	6	620.36132812	-6.62528276			
99	y	7	735.38824463	-9.39775276			
99	y	8	792.40972900	-6.61331606			
99	y	9	907.43664551	-7.27971554			
99	y	10	1035.53161621	-7.14101553			
99	y	11	1150.55859375	-6.71697664			
99	y	12	1297.62695312	-6.21857595			
99	y	13	1410.71105957	-7.84911108			
99	y	14	1497.74304199	-7.51839542			
99	y	15	1644.81152344	-9.04561996			
99	y	16	1715.84863281	-9.74371910			
99	y	17	1844.89123535	-9.61083889			
99	y	18	1972.98620605	-9.85863113			
99	y	19	2120.05468750	-9.80511570			
99	y	20	2249.09716797	-9.86638451			
99	y	21	2320.13427734	-9.96578407			
99	y	22	2433.21826172	-9.93032455			
99	y	23	2561.27685547	-9.96578407			
99	y	24	2690.31933594	-9.96578407			
99	y	25	2819.36181641	-9.96578407			
99	y	26	2920.40942383	-9.95039177			
99	y	27	3033.49340820	-9.96225357			
99	y	28	3161.55200195	-9.96578407			
99	y	29	3276.57885742	-9.96464729			
100	b	1	58.02870178	-9.96578407			
100	b	2	205.09712219	-6.54475451			
100	b	3	262.11859131	-6.17309237			
100	b	4	409.18701172	-7.46688509			
100	b	5	508.25543213	-8.50478554			
100	b	6	609.30316162	-9.14001751			
100	b	7	769.33386230	-9.96578407			
100	b	8	840.37097168	-9.90005589			
100	b	9	941.41864014	-9.78551102			
100	b	10	1040.48693848	-9.96578407			
100	b	11	1169.52954102	-9.96578407			
100	b	12	1298.57214355	-9.96578407			
100	b	13	1397.64050293	-9.96578407			
100	b	14	1512.66748047	-9.88026714			
100	b	15	1583.70458984	-9.87339211			
100	b	16	1654.74169922	-9.89339066			
100	b	17	1785.78222656	-9.96578407			
100	b	18	1899.82519531	-9.95565987			
100	b	19	1970.86230469	-9.95497322			
100	y	1	175.11891174	-6.69455671			
100	y	2	246.15602112	-8.53550816			
100	y	3	360.19894409	-7.55149412			
100	y	4	491.23941040	-6.72141886			
100	y	5	562.27655029	-5.77891588			
100	y	6	633.31365967	-5.21792555			
100	y	7	748.34057617	-4.92572260			
100	y	8	847.40899658	-6.44206667			
100	y	9	976.45159912	-6.93340111			
100	y	10	1105.49414062	-6.35046959			
100	y	11	1204.56250000	-8.49146557			
100	y	12	1305.61022949	-9.22736454			
100	y	13	1376.64733887	-9.54873085			
100	y	14	1536.67797852	-9.95684814			
100	y	15	1637.72570801	-9.96578407			
100	y	16	1736.79406738	-9.96578407			
100	y	17	1883.86254883	-9.95751858			
100	y	18	1940.88403320	-9.96578407			
100	y	19	2087.95239258	-9.94980145			
101	b	1	161.03793335	-9.96578407			
101	b	2	276.06488037	-9.96578407			
101	b	3	375.13330078	-9.72859573			
101	b	4	490.16024780	-9.10881996			
101	b	5	603.24432373	-9.58738518			
101	b	6	759.34539795	-9.56667900			
101	b	7	887.44036865	-9.20014668			
101	b	8	1002.46728516	-9.55582237			
101	b	9	1115.55126953	-9.53699589			
101	b	10	1278.61462402	-9.77610493			
101	b	11	1379.66235352	-9.78618622			
101	b	12	1493.70532227	-9.69316006			
101	b	13	1594.75305176	-9.80173588			
101	b	14	1693.82141113	-9.65577221			
101	b	15	1806.90551758	-9.75411701			
101	b	16	1893.93750000	-9.93623257			
101	b	17	1950.95898438	-9.81940269			
101	b	18	2007.98046875	-9.94105053			
101	b	19	2109.02832031	-9.96578407			
101	b	20	2210.07592773	-9.92780781			
101	b	21	2357.11132812	-9.85875130			
101	b	22	2520.17456055	-9.89350033			
101	b	23	2617.22729492	-9.96578407			
101	b	24	2674.24877930	-9.94670773			
101	b	25	2787.33276367	-9.94074821			
101	b	26	2858.36987305	-9.95611477			
101	b	27	2973.39672852	-9.96578407			
101	y	1	175.11891174	-6.77380991			
101	y	2	290.14584351	-9.29491711			
101	y	3	361.18295288	-8.38091469			
101	y	4	474.26699829	-9.79474735			
101	y	5	531.28851318	-8.89383221			
101	y	6	628.34130859	-5.34631681			
101	y	7	791.40466309	-6.73409891			
101	y	8	938.44006348	-7.40340042			
101	y	9	1039.48767090	-6.73497963			
101	y	10	1140.53540039	-8.12630653			
101	y	11	1197.55688477	-7.53334332			
101	y	12	1254.57836914	-7.04918289			
101	y	13	1341.61035156	-7.21208048			
101	y	14	1454.69445801	-7.86938763			
101	y	15	1553.76281738	-9.15301991			
101	y	16	1654.81054688	-9.75579643			
101	y	17	1768.85351562	-9.75679398			
101	y	18	1869.90124512	-9.83965874			
101	y	19	2032.96459961	-9.85425472			
101	y	20	2146.04858398	-9.88756561			
101	y	21	2261.07543945	-9.96578407			
101	y	22	2389.17041016	-9.94698811			
101	y	23	2545.27148438	-9.96578407			
101	y	24	2658.35546875	-9.96578407			
101	y	25	2773.38232422	-9.96225643			
101	y	26	2872.45068359	-9.94603062			
101	y	27	2987.47753906	-9.96408272			
102	b	1	148.04261780	-7.94461012			
102	b	2	277.08520508	-8.98335457			
102	b	3	414.14413452	-7.39721632			
102	b	4	542.20275879	-7.72730684			
102	b	5	613.23986816	-7.48990202			
102	b	6	712.30828857	-6.76145077			
102	b	7	811.37670898	-7.54972029			
102	b	8	868.39819336	-8.66982460			
102	b	9	939.43530273	-7.68606567			
102	b	10	1038.50366211	-7.00438547			
102	b	11	1166.59863281	-9.40637589			
102	b	12	1253.63061523	-9.44741631			
102	b	13	1366.71472168	-9.17345238			
102	b	14	1494.77331543	-9.61966228			
102	b	15	1565.81042480	-9.83141327			
102	b	16	1678.89453125	-9.91620922			
102	b	17	1735.91601562	-9.91526413			
102	b	18	1864.95861816	-9.91074848			
102	b	19	1964.02697754	-9.84160137			
102	b	20	2077.11108398	-9.87029076			
102	b	21	2206.15356445	-9.96578407			
102	b	22	2277.19067383	-9.96578407			
102	b	23	2406.23315430	-9.96578407			
102	b	24	2519.31713867	-9.96578407			
102	y	1	175.11891174	-7.31221008			
102	y	2	288.20297241	-6.59581089			
102	y	3	417.24557495	-9.30876350			
102	y	4	488.28268433	-7.24011707			
102	y	5	617.32531738	-6.96586084			
102	y	6	730.40936279	-6.52799034			
102	y	7	829.47778320	-7.22671556			
102	y	8	958.52038574	-7.66019392			
102	y	9	1015.54187012	-5.58457708			
102	y	10	1128.62597656	-7.32830191			
102	y	11	1199.66308594	-7.04668856			
102	y	12	1327.72167969	-7.97085381			
102	y	13	1440.80578613	-9.36637878			
102	y	14	1527.83776855	-9.19080162			
102	y	15	1655.93273926	-9.58767891			
102	y	16	1755.00109863	-9.96578407			
102	y	17	1826.03820801	-9.96578407			
102	y	18	1883.05969238	-9.93393517			
102	y	19	1982.12805176	-9.96578407			
102	y	20	2081.19653320	-9.96578407			
102	y	21	2152.23364258	-9.87805176			
102	y	22	2280.29223633	-9.94469261			
102	y	23	2417.35107422	-9.96578407			
102	y	24	2546.39355469	-9.96578407			
103	b	1	114.09129333	-9.96578407			
103	b	2	227.17535400	-5.90973663			
103	b	3	356.21792603	-8.62380600			
103	b	4	471.24487305	-8.54713917			
103	b	5	528.26635742	-9.34998035			
103	b	6	657.30895996	-8.17273998			
103	b	7	786.35156250	-7.45962954			
103	b	8	933.41998291	-8.22632122			
103	b	9	1047.46289062	-7.58898687			
103	b	10	1160.54699707	-7.99760389			
103	b	11	1217.56848145	-9.37735176			
103	b	12	1332.59545898	-8.88899326			
103	b	13	1403.63256836	-8.79198170			
103	b	14	1516.71667480	-9.79644489			
103	b	15	1631.74365234	-9.74248314			
103	b	16	1718.77563477	-9.96578407			
103	b	17	1805.80761719	-9.96578407			
103	b	18	1919.85058594	-9.96578407			
103	b	19	2006.88256836	-9.96578407			
103	b	20	2153.91796875	-9.92830467			
103	b	21	2281.97656250	-9.96578407			
103	b	22	2383.02416992	-9.96578407			
103	b	23	2496.10815430	-9.96578407			
103	b	24	2624.16674805	-9.96264648			
103	y	1	147.11276245	-6.20262909			
103	y	2	275.17132568	-6.44530535			
103	y	3	388.25540161	-7.47636747			
103	y	4	489.30307007	-6.82730341			
103	y	5	617.36169434	-7.37341738			
103	y	6	764.39709473	-7.34318829			
103	y	7	851.42913818	-6.87346840			
103	y	8	965.47204590	-7.49198627			
103	y	9	1052.50402832	-7.12874269			
103	y	10	1139.53601074	-6.77873993			
103	y	11	1254.56298828	-5.67798567			
103	y	12	1367.64709473	-8.02563286			
103	y	13	1438.68420410	-8.98142815			
103	y	14	1553.71118164	-9.74148750			
103	y	15	1610.73266602	-9.08032036			
103	y	16	1723.81677246	-9.96578407			
103	y	17	1837.85974121	-9.96578407			
103	y	18	1984.92822266	-9.96578407			
103	y	19	2113.97070312	-9.96578407			
103	y	20	2243.01318359	-9.96578407			
103	y	21	2300.03466797	-9.96578407			
103	y	22	2415.06152344	-9.96578407			
103	y	23	2544.10400391	-9.92877293			
103	y	24	2657.18798828	-9.96578407			
104	b	1	203.04853821	-9.96578407			
104	b	2	316.13259888	-9.96578407			
104	b	3	387.16970825	-9.96578407			
104	b	4	484.22247314	-9.92849159			
104	b	5	597.30657959	-9.96578407			
104	b	6	668.34368896	-9.96578407			
104	b	7	782.38659668	-9.96578407			
104	b	8	881.45501709	-9.65551567			
104	b	9	994.53906250	-9.87018681			
104	b	10	1131.59790039	-9.46242619			
104	b	11	1245.64086914	-9.82325649			
104	b	12	1392.70935059	-9.96578407			
104	b	13	1449.73083496	-8.99040031			
104	b	14	1562.81494141	-9.96578407			
104	b	15	1661.88330078	-9.86600494			
104	b	16	1790.92590332	-9.96578407			
104	b	17	1847.94738770	-9.67404270			
104	b	18	1945.00012207	-9.96578407			
104	b	19	2076.04077148	-9.96578407			
104	b	20	2177.08837891	-9.96578407			
104	b	21	2278.13598633	-9.96578407			
104	b	22	2377.20434570	-9.96578407			
104	b	23	2514.26318359	-9.96578407			
104	b	24	2585.30029297	-9.96578407			
104	b	25	2698.38427734	-9.96578407			
104	b	26	2799.43188477	-9.96578407			
104	b	27	2870.46899414	-9.96578407			
104	b	28	2971.51660156	-9.96578407			
104	b	29	3099.57519531	-9.96578407			
104	y	1	147.11276245	-8.14759827			
104	y	2	275.17132568	-8.73576450			
104	y	3	376.21899414	-7.68778992			
104	y	4	447.25610352	-7.99815702			
104	y	5	548.30383301	-7.62918282			
104	y	6	661.38787842	-8.03590775			
104	y	7	732.42498779	-7.75332022			
104	y	8	869.48388672	-6.72331047			
104	y	9	968.55230713	-7.96524334			
104	y	10	1069.59997559	-7.79943419			
104	y	11	1170.64770508	-8.13496113			
104	y	12	1301.68823242	-9.48242474			
104	y	13	1398.74096680	-7.20917368			
104	y	14	1455.76245117	-7.88216019			
104	y	15	1584.80505371	-7.86435843			
104	y	16	1683.87341309	-8.09810257			
104	y	17	1796.95751953	-9.52466011			
104	y	18	1853.97900391	-9.02507305			
104	y	19	2001.04736328	-9.67702007			
104	y	20	2115.09033203	-9.37685204			
104	y	21	2252.14916992	-9.31631756			
104	y	22	2365.23315430	-9.23027515			
104	y	23	2464.30151367	-9.85014725			
104	y	24	2578.34448242	-9.68992233			
104	y	25	2649.38159180	-9.75192165			
104	y	26	2762.46557617	-9.96578407			
104	y	27	2859.51831055	-9.54664326			
104	y	28	2930.55541992	-9.76893711			
104	y	29	3043.63940430	-9.96015072			
105	b	1	129.10218811	-3.68645787			
105	b	2	200.13931274	-7.99207354			
105	b	3	313.22335815	-8.88445187			
105	b	4	428.25030518	-7.64145994			
105	b	5	541.33441162	-7.43654919			
105	b	6	612.37152100	-7.56663322			
105	b	7	741.41412354	-7.70680189			
105	b	8	855.45703125	-7.86411858			
105	b	9	983.55200195	-9.08741188			
105	b	10	1130.58728027	-9.73136902			
105	b	11	1227.64001465	-9.96578407			
105	b	12	1284.66149902	-9.96578407			
105	b	13	1397.74560547	-9.96578407			
105	b	14	1528.78613281	-9.95668697			
105	y	1	175.11891174	-6.17241049			
105	y	2	306.15939331	-8.08992481			
105	y	3	419.24343872	-8.47266865			
105	y	4	476.26489258	-7.26500368			
105	y	5	573.31768799	-3.31878448			
105	y	6	720.35308838	-5.15958023			
105	y	7	848.44805908	-7.79878235			
105	y	8	962.49096680	-7.61375666			
105	y	9	1091.53356934	-8.29776573			
105	y	10	1162.57067871	-8.33062363			
105	y	11	1275.65478516	-9.71365833			
105	y	12	1390.68176270	-9.89319611			
105	y	13	1503.76586914	-9.95158482			
105	y	14	1574.80297852	-9.95100594			
106	b	1	156.10189819	-9.96578407			
106	b	2	226.10739136	-9.65328217			
106	b	3	389.17071533	-9.87796783			
106	b	4	502.25479126	-9.96578407			
106	b	5	603.30249023	-9.71673775			
106	b	6	716.38653564	-9.96578407			
106	b	7	831.41345215	-9.96578407			
106	b	8	978.48187256	-9.96578407			
106	b	9	1107.52441406	-9.84266949			
106	b	10	1235.58300781	-9.96578407			
106	b	11	1364.62561035	-9.75884342			
106	b	12	1511.66101074	-9.96578407			
106	b	13	1582.69812012	-9.96578407			
106	b	14	1683.74584961	-9.96578407			
106	b	15	1754.78295898	-9.96578407			
106	b	16	1825.82006836	-9.92552185			
106	b	17	1912.85205078	-9.87118244			
106	b	18	1999.88403320	-9.91397190			
106	b	19	2086.91625977	-9.92509556			
106	b	20	2173.94824219	-9.92360401			
106	b	21	2287.03222656	-9.93464470			
106	b	22	2416.07470703	-9.95829964			
106	y	1	147.11276245	-6.96806240			
106	y	2	276.15533447	-7.62095833			
106	y	3	389.23941040	-8.34984398			
106	y	4	476.27145386	-7.80588102			
106	y	5	563.30352783	-7.45902205			
106	y	6	650.33557129	-7.06234503			
106	y	7	737.36761475	-5.96561384			
106	y	8	808.40472412	-6.00261164			
106	y	9	879.44183350	-6.32814932			
106	y	10	980.48950195	-6.29881096			
106	y	11	1051.52661133	-7.19382286			
106	y	12	1198.56201172	-6.91642523			
106	y	13	1327.60461426	-7.05851412			
106	y	14	1455.66320801	-7.47472811			
106	y	15	1584.70581055	-7.66493797			
106	y	16	1731.77416992	-7.73413467			
106	y	17	1846.80114746	-7.40797281			
106	y	18	1959.88525391	-8.45485020			
106	y	19	2060.93286133	-9.15528584			
106	y	20	2174.01708984	-9.84115791			
106	y	21	2337.08032227	-9.70614338			
106	y	22	2407.08569336	-9.96578407			
107	b	1	148.04261780	-9.48128605			
107	b	2	261.12667847	-5.65697432			
107	b	3	691.19055176	-7.93700981			
107	b	4	805.23345947	-9.28333187			
107	b	5	906.28112793	-9.01230431			
107	b	6	1007.32879639	-9.96578407			
107	b	7	1078.36584473	-9.57776451			
107	b	8	1191.44995117	-9.65969086			
107	b	9	1262.48706055	-9.83211040			
107	b	10	1391.52966309	-9.87390709			
107	b	11	1462.56677246	-9.82743073			
107	b	12	1648.64611816	-9.94059372			
107	b	13	1719.68322754	-9.96578407			
107	y	1	175.11891174	-6.24668121			
107	y	2	246.15602112	-8.02209949			
107	y	3	432.23532104	-8.24764729			
107	y	4	503.27243042	-6.87688112			
107	y	5	632.31506348	-6.86357784			
107	y	6	703.35217285	-4.99329519			
107	y	7	816.43621826	-5.64652729			
107	y	8	887.47332764	-5.11518955			
107	y	9	988.52099609	-5.00029325			
107	y	10	1089.56872559	-6.55049562			
107	y	11	1203.61169434	-7.16087580			
107	y	12	1633.67553711	-5.62401819			
107	y	13	1746.75964355	-9.81350708			
108	b	1	164.07055664	-9.92496204			
108	b	2	235.10766602	-6.70028353			
108	b	3	350.13461304	-5.63925886			
108	b	4	463.21865845	-8.79601097			
108	b	5	564.26635742	-9.17253304			
108	b	6	693.30895996	-9.59867382			
108	b	7	808.33587646	-8.53498077			
108	b	8	937.41485596	-8.30013466			
108	b	9	1050.49890137	-9.26777744			
108	b	10	1147.55163574	-9.96578407			
108	b	11	1234.58361816	-9.96578407			
108	b	12	1394.61437988	-9.96578407			
108	b	13	1523.65698242	-9.96578407			
108	b	14	1610.68896484	-9.96578407			
108	b	15	1723.77307129	-9.89556694			
108	b	16	1851.86804199	-9.95879078			
108	b	17	1966.89501953	-9.96578407			
108	b	18	2067.94287109	-9.93742180			
108	b	19	2181.02685547	-9.94659042			
108	b	20	2252.06396484	-9.96578407			
108	y	1	175.11891174	-6.90711498			
108	y	2	246.15602112	-8.33590889			
108	y	3	359.24008179	-9.36343098			
108	y	4	460.28775024	-6.95010138			
108	y	5	575.31469727	-7.37770128			
108	y	6	703.40966797	-6.94524956			
108	y	7	816.49371338	-8.58821487			
108	y	8	903.52575684	-7.41307211			
108	y	9	1032.56835938	-7.85586596			
108	y	10	1192.59912109	-9.91078949			
108	y	11	1279.63110352	-9.51257896			
108	y	12	1376.68383789	-8.95024681			
108	y	13	1489.76794434	-9.85387421			
108	y	14	1618.84692383	-9.87648487			
108	y	15	1733.87390137	-9.95293522			
108	y	16	1862.91650391	-9.96578407			
108	y	17	1963.96423340	-9.95049858			
108	y	18	2077.04833984	-9.96578407			
108	y	19	2192.07519531	-9.96028042			
108	y	20	2263.11230469	-9.94225121			
109	b	1	277.15469360	-6.43826008			
109	b	2	424.22311401	-9.04123211			
109	b	3	539.25006104	-9.39538288			
109	b	4	695.35113525	-9.59042072			
109	b	5	752.37261963	-9.55691910			
109	b	6	915.43597412	-6.66085196			
109	b	7	1028.52001953	-6.70693684			
109	b	8	1115.55200195	-6.50441933			
109	b	9	1212.60473633	-9.79565525			
109	b	10	1375.66809082	-8.86004734			
109	b	11	1522.73645020	-9.39488220			
109	b	12	1635.82055664	-9.63302898			
109	b	13	1749.86352539	-9.83402729			
109	b	14	1850.91125488	-9.96578407			
109	b	15	1937.94323730	-9.96578407			
109	y	1	147.11276245	-6.53863096			
109	y	2	234.14479065	-6.71654558			
109	y	3	335.19244385	-7.34295416			
109	y	4	449.23538208	-6.17980003			
109	y	5	562.31945801	-6.37644434			
109	y	6	709.38787842	-5.95068359			
109	y	7	872.45117188	-6.65805674			
109	y	8	969.50390625	-5.74241066			
109	y	9	1056.53588867	-6.70149899			
109	y	10	1169.61999512	-9.83303642			
109	y	11	1332.68334961	-9.96578407			
109	y	12	1389.70483398	-9.96578407			
109	y	13	1545.80590820	-9.96578407			
109	y	14	1660.83288574	-9.96347618			
109	y	15	1807.90136719	-9.96578407			
110	b	1	164.07055664	-9.96578407			
110	b	2	221.09202576	-7.58738470			
110	b	3	278.11349487	-6.79979849			
110	b	4	409.15396118	-9.62860584			
110	b	5	565.25506592	-9.30085087			
110	b	6	622.27655029	-9.66063595			
110	b	7	753.31701660	-7.99338675			
110	b	8	881.41198730	-7.75708914			
110	b	9	938.43347168	-8.89975071			
110	b	10	1051.51745605	-8.15357304			
110	b	11	1150.58581543	-7.07429457			
110	b	12	1313.64916992	-8.50043201			
110	b	13	1442.69177246	-8.28926563			
110	b	14	1543.73950195	-9.73005295			
110	b	15	1630.77148438	-9.75450039			
110	b	16	1729.83984375	-9.80730915			
110	b	17	1842.92395020	-9.80891228			
110	b	18	1957.95092773	-9.81512642			
110	b	19	2055.00390625	-9.93247509			
110	b	20	2170.03076172	-9.94342899			
110	b	21	2299.07324219	-9.94507027			
110	b	22	2356.09472656	-9.95571136			
110	b	23	2469.17871094	-9.96578407			
110	y	1	175.11891174	-7.73684168			
110	y	2	288.20297241	-9.77569389			
110	y	3	345.22442627	-7.85486412			
110	y	4	474.26699829	-7.41942120			
110	y	5	589.29394531	-9.23612118			
110	y	6	686.34667969	-4.51762486			
110	y	7	801.37359619	-6.82529831			
110	y	8	914.45764160	-6.82641935			
110	y	9	1013.52606201	-7.96093559			
110	y	10	1100.55810547	-7.35669422			
110	y	11	1201.60583496	-7.52384853			
110	y	12	1330.64843750	-8.22689819			
110	y	13	1493.71179199	-8.76954460			
110	y	14	1592.78015137	-9.53916550			
110	y	15	1705.86425781	-9.95484924			
110	y	16	1762.88574219	-9.84829330			
110	y	17	1890.98071289	-9.96578407			
110	y	18	2022.02124023	-9.96007442			
110	y	19	2079.04272461	-9.96578407			
110	y	20	2235.14379883	-9.96119404			
110	y	21	2366.18432617	-9.95523739			
110	y	22	2423.20581055	-9.95729065			
110	y	23	2480.22729492	-9.96578407			
111	b	1	138.06614685	-9.72305393			
111	b	2	266.12472534	-6.34115934			
111	b	3	323.14617920	-8.98685741			
111	b	4	422.21459961	-6.71628475			
111	b	5	569.25000000	-6.23255920			
111	b	6	668.31842041	-7.42235088			
111	b	7	755.35046387	-7.42017746			
111	b	8	886.39093018	-9.13114834			
111	b	9	943.41241455	-9.63466835			
111	b	10	1071.47094727	-8.79304886			
111	b	11	1199.56591797	-9.96578407			
111	b	12	1314.59289551	-9.96578407			
111	b	13	1401.62487793	-9.96578407			
111	b	14	1564.68823242	-9.96578407			
111	b	15	1663.75659180	-9.96578407			
111	b	16	1720.77807617	-9.96462822			
111	b	17	1835.80505371	-9.96578407			
111	b	18	1964.84765625	-9.92877579			
111	b	19	2035.88476562	-9.96578407			
111	b	20	2163.94335938	-9.96578407			
111	b	21	2250.97534180	-9.96461296			
111	b	22	2379.07031250	-9.96578407			
111	y	1	175.11891174	-7.15512943			
111	y	2	303.21383667	-8.67765713			
111	y	3	390.24588013	-7.09828901			
111	y	4	518.30450439	-7.49299383			
111	y	5	589.34161377	-6.55704784			
111	y	6	718.38421631	-7.34133196			
111	y	7	833.41113281	-8.24478531			
111	y	8	890.43261719	-5.26234722			
111	y	9	989.50103760	-7.27044201			
111	y	10	1152.56433105	-8.92813492			
111	y	11	1239.59631348	-8.86251545			
111	y	12	1354.62329102	-9.28026199			
111	y	13	1482.71826172	-9.87308788			
111	y	14	1610.77685547	-9.96578407			
111	y	15	1667.79833984	-9.76642132			
111	y	16	1798.83886719	-9.96578407			
111	y	17	1885.87084961	-9.92004871			
111	y	18	1984.93920898	-9.96578407			
111	y	19	2131.97460938	-9.96578407			
111	y	20	2231.04296875	-9.95501041			
111	y	21	2288.06445312	-9.95950222			
111	y	22	2416.12304688	-9.96578407			
112	b	1	161.03793335	-9.96578407			
112	b	2	258.09069824	-9.75383949			
112	b	3	386.14926147	-9.94877625			
112	b	4	489.15844727	-9.64245987			
112	b	5	590.20617676	-9.95181465			
112	b	6	703.29022217	-9.96029854			
112	b	7	790.32226562	-9.31150341			
112	b	8	904.36517334	-9.96578407			
112	b	9	1003.43359375	-9.69309235			
112	b	10	1150.50195312	-9.96578407			
112	b	11	1221.53906250	-9.93710423			
112	b	12	1368.57446289	-9.86891937			
112	b	13	1515.64294434	-9.94365978			
112	b	14	1630.66992188	-9.96578407			
112	b	15	1758.72851562	-9.88383770			
112	b	16	1845.76049805	-9.95951939			
112	b	17	1973.81909180	-9.91443634			
112	b	18	2086.90332031	-9.85639286			
112	b	19	2214.96191406	-9.96578407			
112	b	20	2344.00439453	-9.91714287			
112	b	21	2491.07275391	-9.96578407			
112	y	1	147.11276245	-7.09003258			
112	y	2	294.18118286	-6.78080845			
112	y	3	423.22378540	-7.71403599			
112	y	4	551.28240967	-7.11657381			
112	y	5	664.36645508	-7.27498674			
112	y	6	792.42504883	-8.30307198			
112	y	7	879.45709229	-7.32834482			
112	y	8	1007.51568604	-7.11042595			
112	y	9	1122.54260254	-6.91181993			
112	y	10	1269.61108398	-6.81557369			
112	y	11	1416.64648438	-7.24884987			
112	y	12	1487.68359375	-6.70057821			
112	y	13	1634.75195312	-6.65012121			
112	y	14	1733.82031250	-8.57450390			
112	y	15	1847.86328125	-8.52869415			
112	y	16	1934.89526367	-8.18311787			
112	y	17	2047.97937012	-9.29651642			
112	y	18	2149.02709961	-9.59601688			
112	y	19	2252.03637695	-9.96578407			
112	y	20	2380.09497070	-9.95594978			
112	y	21	2477.14770508	-9.87547112			
113	b	1	100.07564545	-9.84433270			
113	b	2	214.11857605	-6.06611681			
113	b	3	311.17135620	-9.40621185			
113	b	4	412.21902466	-8.84500122			
113	b	5	559.25445557	-8.65145302			
113	b	6	706.32287598	-7.69883156			
113	b	7	853.39129639	-9.37382603			
113	b	8	968.41821289	-8.28620625			
113	b	9	1081.50219727	-9.52858543			
113	b	10	1152.53930664	-9.12593555			
113	b	11	1251.60766602	-9.81137276			
113	b	12	1366.63464355	-9.96578407			
113	b	13	1423.65612793	-9.92587376			
113	b	14	1552.69873047	-9.96578407			
113	b	15	1649.75146484	-9.93693161			
113	b	16	1762.83557129	-9.96578407			
113	b	17	1819.85705566	-9.96578407			
113	y	1	175.11891174	-7.18999481			
113	y	2	232.14038086	-8.11816692			
113	y	3	345.22442627	-9.03999329			
113	y	4	442.27719116	-5.24348879			
113	y	5	571.31982422	-8.51637650			
113	y	6	628.34130859	-5.25243330			
113	y	7	743.36822510	-5.52187252			
113	y	8	842.43664551	-6.44886446			
113	y	9	913.47375488	-6.39877653			
113	y	10	1026.55773926	-8.68738556			
113	y	11	1141.58471680	-8.52782059			
113	y	12	1288.65307617	-8.81041336			
113	y	13	1435.72143555	-8.86701775			
113	y	14	1582.75683594	-9.75741577			
113	y	15	1683.80456543	-9.83406353			
113	y	16	1780.85729980	-9.82697296			
113	y	17	1894.90026855	-9.95046806			
114	b	1	148.04261780	-7.63964939			
114	b	2	277.08520508	-7.46289539			
114	b	3	348.12231445	-7.38978195			
114	b	4	435.15432739	-8.15169239			
114	b	5	564.19696045	-8.20979786			
114	b	6	635.23406982	-6.82834625			
114	b	7	798.29742432	-7.01535940			
114	b	8	911.38146973	-6.72808456			
114	b	9	1010.44989014	-7.67148352			
114	b	10	1067.47131348	-8.43818188			
114	b	11	1180.55541992	-8.66049480			
114	b	12	1327.62390137	-9.40559959			
114	b	13	1456.66650391	-9.68332005			
114	b	14	1571.69348145	-9.79050922			
114	b	15	1672.74121094	-9.88773918			
114	b	16	1786.78417969	-9.81744480			
114	b	17	1899.86828613	-9.38649082			
114	b	18	2059.89916992	-9.91179562			
114	b	19	2130.93627930	-9.94339657			
114	b	20	2244.02026367	-9.94225979			
114	b	21	2381.07910156	-9.94544888			
114	b	22	2452.11621094	-9.96578407			
114	b	23	2580.21118164	-9.91378117			
114	y	1	175.11891174	-7.18160534			
114	y	2	303.21383667	-8.40665531			
114	y	3	374.25094604	-7.57944250			
114	y	4	511.30984497	-6.54162455			
114	y	5	624.39392090	-7.30663872			
114	y	6	695.43103027	-7.40864944			
114	y	7	855.46173096	-9.82504368			
114	y	8	968.54577637	-9.23583794			
114	y	9	1082.58874512	-9.96578407			
114	y	10	1183.63647461	-9.86736107			
114	y	11	1298.66345215	-9.44293213			
114	y	12	1427.70605469	-9.85635185			
114	y	13	1574.77441406	-9.38515282			
114	y	14	1687.85852051	-9.63195515			
114	y	15	1744.88000488	-7.37081289			
114	y	16	1843.94836426	-8.53713036			
114	y	17	1957.03247070	-9.48732471			
114	y	18	2120.09570312	-9.90799522			
114	y	19	2191.13281250	-9.88070774			
114	y	20	2320.17529297	-9.96578407			
114	y	21	2407.20727539	-9.96578407			
114	y	22	2478.24438477	-9.96578407			
114	y	23	2607.28686523	-9.96539783			
115	b	1	161.03793335	-9.96578407			
115	b	2	274.12197876	-9.49689007			
115	b	3	371.17474365	-9.96578407			
115	b	4	468.22750854	-9.84554195			
115	b	5	628.25823975	-9.96578407			
115	b	6	741.34228516	-9.95407867			
115	b	7	897.44342041	-9.92987919			
115	b	8	1010.52746582	-9.96578407			
115	b	9	1097.55944824	-9.96578407			
115	b	10	1184.59143066	-9.96578407			
115	b	11	1255.62854004	-9.96578407			
115	b	12	1342.66052246	-9.96578407			
115	b	13	1498.76159668	-9.96578407			
115	b	14	1595.81433105	-9.89728546			
115	b	15	1708.89843750	-9.96578407			
115	b	16	1809.94616699	-9.96578407			
115	b	17	1910.99389648	-9.92727661			
115	b	18	1968.01538086	-9.88917446			
115	b	19	2067.08398438	-9.96578407			
115	b	20	2124.10546875	-9.96578407			
115	b	21	2237.18945312	-9.96578407			
115	b	22	2336.25781250	-9.96578407			
115	b	23	2449.34179688	-9.96529961			
115	b	24	2577.40039062	-9.96578407			
115	b	25	2706.44287109	-9.95763969			
115	b	26	2819.52685547	-9.95982647			
115	y	1	175.11891174	-7.49016380			
115	y	2	288.20297241	-6.87489080			
115	y	3	417.24557495	-9.23631477			
115	y	4	545.30419922	-8.92326164			
115	y	5	658.38824463	-8.26280022			
115	y	6	757.45666504	-8.28988457			
115	y	7	870.54071045	-8.55042362			
115	y	8	927.56219482	-6.58681679			
115	y	9	1026.63061523	-8.36669254			
115	y	10	1083.65209961	-7.02103662			
115	y	11	1184.69982910	-7.54516077			
115	y	12	1285.74755859	-8.09895515			
115	y	13	1398.83166504	-9.56017113			
115	y	14	1495.88439941	-8.50623798			
115	y	15	1651.98547363	-9.81702614			
115	y	16	1739.01745605	-9.79477024			
115	y	17	1810.05456543	-9.95367241			
115	y	18	1897.08654785	-9.87168694			
115	y	19	1984.11853027	-9.92761040			
115	y	20	2097.20263672	-9.86591053			
115	y	21	2253.30371094	-9.94818306			
115	y	22	2366.38769531	-9.92782974			
115	y	23	2526.41845703	-9.96411514			
115	y	24	2623.47119141	-9.91677094			
115	y	25	2720.52392578	-9.94796085			
115	y	26	2833.60791016	-9.96456242			
116	b	1	148.04261780	-9.65417767			
116	b	2	249.09030151	-7.41114855			
116	b	3	435.16961670	-9.23520279			
116	b	4	572.22857666	-8.09873581			
116	b	5	709.28747559	-8.21880436			
116	b	6	810.33514404	-8.61736774			
116	b	7	957.40356445	-8.74859333			
116	b	8	1120.46679688	-8.91580677			
116	b	9	1234.50976562	-9.31764889			
116	b	10	1363.55236816	-7.85881710			
116	b	11	1460.60510254	-9.96578407			
116	b	12	1517.62658691	-9.92813587			
116	b	13	1616.69494629	-9.36683846			
116	b	14	1687.73205566	-9.42113781			
116	b	15	1800.81616211	-9.72731495			
116	b	16	1929.85876465	-9.80504322			
116	b	17	2058.90136719	-9.84701347			
116	b	18	2195.96020508	-9.96578407			
116	b	19	2266.99731445	-9.96578407			
116	b	20	2366.06567383	-9.96578407			
116	b	21	2479.14965820	-9.88089561			
116	b	22	2592.23364258	-9.96465969			
116	b	23	2693.28125000	-9.89735603			
116	b	24	2822.32373047	-9.93723488			
116	b	25	2893.36083984	-9.82428932			
116	b	26	2990.41357422	-9.96578407			
116	b	27	3103.49755859	-9.96143532			
116	b	28	3217.54052734	-9.96578407			
116	b	29	3314.59326172	-9.96452427			
116	y	1	147.11276245	-7.73588276			
116	y	2	244.16552734	-6.39286375			
116	y	3	358.20843506	-7.58738279			
116	y	4	471.29251099	-9.85601044			
116	y	5	568.34533691	-6.07735872			
116	y	6	639.38244629	-7.33135986			
116	y	7	768.42504883	-8.35479736			
116	y	8	869.47271729	-6.97713327			
116	y	9	982.55676270	-7.27621031			
116	y	10	1095.64086914	-7.60162544			
116	y	11	1194.70922852	-7.85713577			
116	y	12	1265.74633789	-8.69736290			
116	y	13	1402.80529785	-8.75622368			
116	y	14	1531.84790039	-9.32631111			
116	y	15	1660.89050293	-9.03954411			
116	y	16	1773.97460938	-9.67002583			
116	y	17	1845.01171875	-9.55537987			
116	y	18	1944.08007812	-9.87019825			
116	y	19	2001.10156250	-9.96578407			
116	y	20	2098.15429688	-9.72427082			
116	y	21	2227.19677734	-9.96578407			
116	y	22	2341.23974609	-9.96578407			
116	y	23	2504.30297852	-9.94311333			
116	y	24	2651.37133789	-9.89806271			
116	y	25	2752.41894531	-9.93235397			
116	y	26	2889.47778320	-9.96463776			
116	y	27	3026.53662109	-9.90793610			
116	y	28	3212.61596680	-9.94944477			
116	y	29	3313.66357422	-9.96578407			
117	b	1	190.05322266	-9.79749203			
117	b	2	303.13729858	-7.34380198			
117	b	3	400.19006348	-9.77082634			
117	b	4	515.21704102	-9.73498344			
117	b	5	602.24908447	-9.18801498			
117	b	6	703.29675293	-9.02437115			
117	b	7	832.33935547	-8.44879436			
117	b	8	945.42340088	-9.57078934			
117	b	9	1060.45031738	-9.58459568			
117	b	10	1188.50891113	-9.83088112			
117	b	11	1303.53588867	-9.96578407			
117	b	12	1404.58361816	-9.96578407			
117	b	13	1517.66772461	-9.96400356			
117	b	14	1631.71069336	-9.96578407			
117	y	1	175.11891174	-6.78352213			
117	y	2	289.16183472	-7.88447475			
117	y	3	402.24588013	-8.58233452			
117	y	4	503.29354858	-7.17519331			
117	y	5	618.32049561	-7.73627758			
117	y	6	746.37908936	-8.03879642			
117	y	7	861.40600586	-6.99240112			
117	y	8	974.49005127	-8.39227009			
117	y	9	1103.53259277	-8.89527416			
117	y	10	1204.58032227	-9.15696430			
117	y	11	1291.61230469	-8.96058369			
117	y	12	1406.63928223	-9.23269844			
117	y	13	1503.69201660	-9.36217213			
117	y	14	1616.77612305	-9.92297268			
118	b	1	114.05494690	-9.96578407			
118	b	2	242.14990234	-6.35307455			
118	b	3	389.18527222	-8.36313915			
118	b	4	490.23294067	-8.32071114			
118	b	5	619.27557373	-8.06458855			
118	b	6	706.30761719	-8.98604298			
118	b	7	793.33966064	-7.31752682			
118	b	8	906.42370605	-8.94752407			
118	b	9	1003.47650146	-9.96578407			
118	b	10	1090.50842285	-9.91925716			
118	b	11	1161.54553223	-9.96578407			
118	b	12	1248.57751465	-9.96578407			
118	y	1	147.11276245	-5.70646954			
118	y	2	234.14479065	-6.46175861			
118	y	3	305.18188477	-6.62173700			
118	y	4	392.21389771	-5.61514091			
118	y	5	489.26666260	-3.28811669			
118	y	6	602.35076904	-7.17441320			
118	y	7	689.38281250	-7.25888348			
118	y	8	776.41485596	-7.07577801			
118	y	9	905.45745850	-9.19524860			
118	y	10	1006.50512695	-9.09234905			
118	y	11	1153.54052734	-9.65791893			
118	y	12	1281.63549805	-9.96578407			
119	b	1	58.02870178	-9.96210575			
119	b	2	159.07637024	-7.91729021			
119	b	3	272.16043091	-6.10740376			
119	b	4	385.24447632	-6.24544430			
119	b	5	498.32852173	-7.92298555			
119	b	6	585.36059570	-9.39260101			
119	b	7	713.45556641	-9.47954464			
119	b	8	844.49603271	-8.85100269			
119	b	9	981.55493164	-9.00787067			
119	b	10	1110.59741211	-9.15297604			
119	b	11	1239.64001465	-8.88525391			
119	b	12	1402.70336914	-7.60634613			
119	b	13	1499.75610352	-9.82398987			
119	b	14	1613.79907227	-9.89204311			
119	b	15	1773.82971191	-9.93870735			
119	b	16	1886.91381836	-9.96578407			
119	b	17	2033.94921875	-9.93871117			
119	b	18	2147.99218750	-9.95832920			
119	b	19	2249.03979492	-9.91303539			
119	b	20	2396.10815430	-9.96578407			
119	b	21	2483.14013672	-9.96578407			
119	b	22	2582.20849609	-9.96578407			
119	b	23	2681.27685547	-9.93433762			
119	b	24	2778.32958984	-9.96578407			
119	b	25	2865.36157227	-9.96578407			
119	b	26	2962.41430664	-9.96494675			
119	y	1	147.11276245	-7.62133265			
119	y	2	244.16552734	-6.41797972			
119	y	3	331.19754028	-8.27856064			
119	y	4	428.25030518	-4.66971731			
119	y	5	527.31872559	-7.71464586			
119	y	6	626.38714600	-8.68337440			
119	y	7	713.41918945	-7.20062780			
119	y	8	860.48760986	-7.89012289			
119	y	9	961.53527832	-8.27054024			
119	y	10	1075.57824707	-7.27373743			
119	y	11	1222.61364746	-7.62917471			
119	y	12	1335.69775391	-8.59557438			
119	y	13	1495.72851562	-9.84017467			
119	y	14	1609.77148438	-9.61812973			
119	y	15	1706.82421875	-8.70666218			
119	y	16	1869.88757324	-9.96578407			
119	y	17	1998.93017578	-9.96193123			
119	y	18	2127.97265625	-9.95040607			
119	y	19	2265.03149414	-9.96578407			
119	y	20	2396.07202148	-9.93169308			
119	y	21	2524.16699219	-9.96578407			
119	y	22	2611.19897461	-9.96578407			
119	y	23	2724.28295898	-9.96578407			
119	y	24	2837.36694336	-9.96578407			
119	y	25	2950.45092773	-9.96525764			
119	y	26	3051.49853516	-9.95667553			
120	b	1	171.07641602	-9.46600914			
120	b	2	286.10336304	-7.22432947			
120	b	3	417.14382935	-7.08919764			
120	b	4	488.18093872	-7.86665297			
120	b	5	648.21166992	-9.87382793			
120	b	6	779.25213623	-9.89360332			
120	b	7	892.33618164	-9.91206360			
120	b	8	1020.43115234	-9.59488010			
120	b	9	1148.48962402	-9.79640484			
120	b	10	1311.55297852	-9.96578407			
120	b	11	1439.61157227	-9.86792564			
120	b	12	1568.65417480	-9.76347160			
120	b	13	1667.72253418	-9.61089516			
120	b	14	1798.76306152	-9.90608406			
120	b	15	1912.80603027	-9.96578407			
120	b	16	1999.83801270	-9.95351791			
120	b	17	2127.93310547	-9.87163258			
120	b	18	2241.01708984	-9.96578407			
120	b	19	2298.03857422	-9.96578407			
120	b	20	2411.12255859	-9.96578407			
120	b	21	2526.14941406	-9.96578407			
120	b	22	2625.21777344	-9.94060612			
120	b	23	2754.26025391	-9.96578407			
120	b	24	2867.34423828	-9.96578407			
120	b	25	2938.38134766	-9.96578407			
120	b	26	3039.42895508	-9.95599461			
120	b	27	3202.49218750	-9.96578407			
120	y	1	175.11891174	-7.62480736			
120	y	2	338.18222046	-8.31436729			
120	y	3	439.22988892	-7.68011284			
120	y	4	510.26699829	-6.90162516			
120	y	5	623.35107422	-7.08548117			
120	y	6	752.39367676	-6.79177618			
120	y	7	851.46209717	-7.27761030			
120	y	8	966.48901367	-6.37360191			
120	y	9	1079.57312012	-8.24646950			
120	y	10	1136.59460449	-5.99825096			
120	y	11	1249.67871094	-7.21584797			
120	y	12	1377.77368164	-9.05820656			
120	y	13	1464.80566406	-9.19827080			
120	y	14	1578.84863281	-8.70885468			
120	y	15	1709.88916016	-9.34464836			
120	y	16	1808.95751953	-9.82119751			
120	y	17	1938.00012207	-9.86901474			
120	y	18	2066.05859375	-9.84961796			
120	y	19	2229.12207031	-9.93995667			
120	y	20	2357.18066406	-9.77487278			
120	y	21	2485.27563477	-9.90204906			
120	y	22	2598.35961914	-9.94596195			
120	y	23	2729.40014648	-9.94111919			
120	y	24	2889.43090820	-9.94806671			
120	y	25	2960.46801758	-9.96578407			
120	y	26	3091.50854492	-9.95189857			
120	y	27	3206.53540039	-9.96578407			
121	b	1	114.09129333	-9.96578407			
121	b	2	300.17062378	-9.25857735			
121	b	3	437.22952271	-6.19513130			
121	b	4	574.28845215	-7.38296700			
121	b	5	675.33612061	-8.34813690			
121	b	6	822.40454102	-8.68102169			
121	b	7	985.46783447	-7.86936045			
121	b	8	1113.56274414	-9.20303345			
121	b	9	1242.60534668	-8.80657768			
121	b	10	1355.68945312	-8.92569637			
121	b	11	1458.69860840	-9.96578407			
121	b	12	1605.73400879	-9.96578407			
121	b	13	1676.77111816	-9.96578407			
121	b	14	1789.85522461	-9.96578407			
121	b	15	1918.89782715	-9.96578407			
121	b	16	2047.94042969	-9.96578407			
121	b	17	2184.99951172	-9.96578407			
121	b	18	2332.03491211	-9.91724300			
121	b	19	2445.11889648	-9.96578407			
121	b	20	2558.20288086	-9.81285286			
121	b	21	2671.28686523	-9.87776375			
121	b	22	2772.33447266	-9.91516685			
121	b	23	2901.37695312	-9.96578407			
121	b	24	2972.41406250	-9.84733200			
121	b	25	3069.46679688	-9.95572948			
121	b	26	3182.55078125	-9.96578407			
121	b	27	3296.59375000	-9.70807362			
121	b	28	3393.64648438	-9.96578407			
121	y	1	147.11276245	-8.02921963			
121	y	2	244.16552734	-5.98960638			
121	y	3	358.20843506	-7.07155848			
121	y	4	471.29251099	-9.22860050			
121	y	5	568.34533691	-6.20282316			
121	y	6	639.38244629	-7.25949669			
121	y	7	768.42504883	-8.40161419			
121	y	8	869.47271729	-7.10692596			
121	y	9	982.55676270	-7.25589800			
121	y	10	1095.64086914	-7.30338240			
121	y	11	1208.72497559	-7.94137287			
121	y	12	1355.76037598	-8.69209385			
121	y	13	1492.81933594	-8.47594070			
121	y	14	1621.86193848	-8.96086407			
121	y	15	1750.90454102	-8.88241577			
121	y	16	1863.98864746	-9.23785686			
121	y	17	1935.02575684	-9.27172852			
121	y	18	2082.06103516	-9.83043003			
121	y	19	2185.07031250	-9.84698105			
121	y	20	2298.15429688	-9.96578407			
121	y	21	2427.19677734	-9.87749290			
121	y	22	2555.29174805	-9.84915733			
121	y	23	2718.35498047	-9.96578407			
121	y	24	2865.42333984	-9.73164654			
121	y	25	2966.47094727	-9.96578407			
121	y	26	3103.52978516	-9.96578407			
121	y	27	3240.58862305	-9.96578407			
121	y	28	3426.66796875	-9.89254856			
122	b	1	190.05322266	-7.60598469			
122	b	2	319.09579468	-9.96578407			
122	b	3	456.15469360	-5.26136065			
122	b	4	569.23876953	-6.32471943			
122	b	5	698.28137207	-7.07348251			
122	b	6	812.32427979	-7.75473213			
122	b	7	869.34576416	-7.36625767			
122	b	8	966.39849854	-9.69401550			
122	b	9	1053.43041992	-9.31245708			
122	b	10	1152.49877930	-8.42154408			
122	b	11	1239.53076172	-9.34445953			
122	b	12	1338.59912109	-8.87391472			
122	b	13	1453.62609863	-8.86645222			
122	b	14	1616.68945312	-9.93025494			
122	b	15	1730.73242188	-9.93789673			
122	b	16	1831.78015137	-9.96578407			
122	b	17	1918.81213379	-9.96578407			
122	b	18	2033.83911133	-8.63742638			
122	b	19	2130.89208984	-9.96578407			
122	b	20	2243.97607422	-9.96578407			
122	b	21	2357.06005859	-9.94321823			
122	y	1	175.11891174	-6.56702662			
122	y	2	288.20297241	-8.79537964			
122	y	3	401.28701782	-9.96578407			
122	y	4	498.33978271	-4.59525537			
122	y	5	613.36676025	-9.03425026			
122	y	6	700.39880371	-8.06776619			
122	y	7	801.44647217	-8.46033669			
122	y	8	915.48937988	-8.12065315			
122	y	9	1078.55273438	-7.04875326			
122	y	10	1193.57971191	-7.37347317			
122	y	11	1292.64807129	-8.52052021			
122	y	12	1379.68005371	-7.46512175			
122	y	13	1478.74841309	-9.45687008			
122	y	14	1565.78039551	-9.33531570			
122	y	15	1662.83312988	-7.70744896			
122	y	16	1719.85461426	-8.24888992			
122	y	17	1833.89758301	-8.36125469			
122	y	18	1962.94018555	-8.96869659			
122	y	19	2076.02416992	-9.43961430			
122	y	20	2213.08300781	-9.96578407			
122	y	21	2342.12548828	-9.96155453			
123	b	1	130.04981995	-9.77060223			
123	b	2	277.08520508	-5.61223364			
123	b	3	348.12231445	-7.95545101			
123	b	4	449.16998291	-9.21523380			
123	b	5	520.20715332	-9.32785034			
123	b	6	591.24426270	-9.65133286			
123	b	7	678.27630615	-9.73472309			
123	b	8	765.30834961	-9.91449547			
123	b	9	852.34039307	-9.90327835			
123	b	10	939.37243652	-9.96578407			
123	b	11	1052.45642090	-9.86280632			
123	b	12	1181.49902344	-9.91544247			
123	y	1	147.11276245	-6.60137177			
123	y	2	276.15533447	-7.21539402			
123	y	3	389.23941040	-7.82120085			
123	y	4	476.27145386	-7.95403719			
123	y	5	563.30352783	-7.21767616			
123	y	6	650.33557129	-6.25856924			
123	y	7	737.36761475	-4.40581846			
123	y	8	808.40472412	-4.15701056			
123	y	9	879.44183350	-4.08558512			
123	y	10	980.48950195	-4.89638519			
123	y	11	1051.52661133	-4.72971725			
123	y	12	1198.56201172	-9.89600468			
124	b	1	164.07055664	-9.85691738			
124	b	2	235.10766602	-6.57331085			
124	b	3	350.13461304	-5.27280617			
124	b	4	463.21865845	-8.69128799			
124	b	5	564.26635742	-9.11448383			
124	b	6	693.30895996	-9.59958172			
124	b	7	808.33587646	-9.43151474			
124	b	8	936.39447021	-8.69937420			
124	b	9	1049.47851562	-8.51254654			
124	b	10	1146.53125000	-9.96578407			
124	b	11	1233.56323242	-9.86188221			
124	b	12	1393.59387207	-9.96578407			
124	b	13	1522.63647461	-9.96578407			
124	b	14	1609.66845703	-9.96578407			
124	b	15	1722.75256348	-9.91738605			
124	b	16	1850.84753418	-9.93999958			
124	b	17	1965.87451172	-9.95170116			
124	b	18	2066.92236328	-9.92627048			
124	b	19	2180.00634766	-9.94167519			
124	b	20	2251.04345703	-9.96578407			
124	y	1	175.11891174	-6.92018986			
124	y	2	246.15602112	-8.20809746			
124	y	3	359.24008179	-9.57665157			
124	y	4	460.28775024	-6.66007090			
124	y	5	575.31469727	-7.21387672			
124	y	6	703.40966797	-6.61026335			
124	y	7	816.49371338	-8.56974602			
124	y	8	903.52575684	-7.77683449			
124	y	9	1032.56835938	-7.41932774			
124	y	10	1192.59912109	-9.96578407			
124	y	11	1279.63110352	-9.63690472			
124	y	12	1376.68383789	-9.47365665			
124	y	13	1489.76794434	-9.93212891			
124	y	14	1617.82653809	-9.91896820			
124	y	15	1732.85351562	-9.96578407			
124	y	16	1861.89611816	-9.95907211			
124	y	17	1962.94384766	-9.96578407			
124	y	18	2076.02783203	-9.96359158			
124	y	19	2191.05468750	-9.96308327			
124	y	20	2262.09179688	-9.96451664			
125	b	1	164.07055664	-9.87614632			
125	b	2	261.12332153	-7.87273741			
125	b	3	374.20736694	-8.82286167			
125	b	4	503.24996948	-9.12922192			
125	b	5	640.30889893	-9.36770248			
125	b	6	697.33038330	-9.25940895			
125	b	7	810.41442871	-8.26147652			
125	b	8	923.49847412	-8.89962482			
125	b	9	1010.53051758	-9.32548618			
125	b	10	1097.56250000	-8.84129620			
125	b	11	1283.64184570	-9.80812073			
125	b	12	1398.66882324	-9.96578407			
125	b	13	1513.69580078	-9.81682205			
125	b	14	1644.73632812	-9.94262505			
125	b	15	1773.77893066	-9.90217495			
125	b	16	1987.87426758	-9.96310234			
125	b	17	2100.95849609	-9.91242981			
125	b	18	2287.03784180	-9.89640903			
125	b	19	2424.09667969	-9.85538578			
125	b	20	2561.15551758	-9.89950085			
125	b	21	2662.20312500	-9.89216900			
125	b	22	2809.27148438	-9.95642376			
125	b	23	2972.33471680	-9.96578407			
125	b	24	3086.37768555	-9.94441509			
125	b	25	3215.42016602	-9.96578407			
125	b	26	3328.50415039	-9.96508312			
125	y	1	175.11891174	-7.31911659			
125	y	2	288.20297241	-6.41812897			
125	y	3	417.24557495	-8.30866051			
125	y	4	531.28851318	-7.25645304			
125	y	5	694.35180664	-7.58686590			
125	y	6	841.42022705	-7.76557684			
125	y	7	942.46789551	-7.24564314			
125	y	8	1079.52685547	-7.74174643			
125	y	9	1216.58581543	-9.18597984			
125	y	10	1402.66516113	-9.47394371			
125	y	11	1515.74926758	-9.82050037			
125	y	12	1729.84460449	-9.96578407			
125	y	13	1858.88720703	-9.84901237			
125	y	14	1989.92773438	-9.91865540			
125	y	15	2104.95458984	-9.94094849			
125	y	16	2219.98144531	-9.95377064			
125	y	17	2406.06079102	-9.87502003			
125	y	18	2493.09277344	-9.96251011			
125	y	19	2580.12475586	-9.94014645			
125	y	20	2693.20874023	-9.96295929			
125	y	21	2806.29272461	-9.93772125			
125	y	22	2863.31420898	-9.96578407			
125	y	23	3000.37304688	-9.91235638			
125	y	24	3129.41552734	-9.92777824			
125	y	25	3242.49951172	-9.96578407			
125	y	26	3339.55224609	-9.96460152			
126	b	1	88.03926086	-9.95358276			
126	b	2	185.09202576	-6.39189959			
126	b	3	348.15536499	-8.70762157			
126	b	4	476.21395874	-8.86663818			
126	b	5	605.25665283	-8.46417999			
126	b	6	752.32507324	-9.64592743			
126	b	7	853.37274170	-9.96578407			
126	b	8	968.39965820	-9.86733627			
126	b	9	1105.45849609	-9.93677521			
126	b	10	1218.54260254	-9.89919853			
126	b	11	1317.61096191	-9.87241268			
126	y	1	147.11276245	-5.29857016			
126	y	2	246.18116760	-6.71594572			
126	y	3	359.26522827	-8.07586765			
126	y	4	496.32412720	-7.16275835			
126	y	5	611.35107422	-7.15357494			
126	y	6	712.39874268	-6.89135695			
126	y	7	859.46716309	-7.54940844			
126	y	8	988.50976562	-7.48041916			
126	y	9	1116.56835938	-9.27543259			
126	y	10	1279.63171387	-9.55498314			
126	y	11	1376.68444824	-9.96578407			
127	b	1	138.06614685	-9.54692650			
127	b	2	266.12472534	-6.31290388			
127	b	3	323.14617920	-8.82409286			
127	b	4	422.21459961	-6.63159704			
127	b	5	553.25512695	-6.06114721			
127	b	6	652.32354736	-7.54975748			
127	b	7	709.34503174	-6.83399725			
127	b	8	822.42907715	-8.52858067			
127	b	9	879.45056152	-9.06539726			
127	b	10	1007.50915527	-8.83117008			
127	b	11	1135.60400391	-9.96578407			
127	b	12	1250.63098145	-9.96578407			
127	b	13	1337.66296387	-9.96578407			
127	b	14	1534.68725586	-9.96578407			
127	b	15	1633.75561523	-9.96578407			
127	b	16	1690.77709961	-9.95091438			
127	b	17	1819.81970215	-9.95431137			
127	b	18	1934.84667969	-9.95889473			
127	b	19	2005.88378906	-9.96234608			
127	b	20	2133.94238281	-9.96578407			
127	b	21	2220.97436523	-9.96226597			
127	b	22	2349.06933594	-9.96578407			
127	y	1	175.11891174	-7.26849174			
127	y	2	303.21383667	-8.70196247			
127	y	3	390.24588013	-7.24121809			
127	y	4	518.30450439	-7.73707533			
127	y	5	589.34161377	-5.87957048			
127	y	6	704.36853027	-6.86350107			
127	y	7	833.41113281	-8.48866940			
127	y	8	890.43261719	-5.51122999			
127	y	9	989.50103760	-7.35177898			
127	y	10	1186.52539062	-9.02960873			
127	y	11	1273.55737305	-9.07275009			
127	y	12	1388.58435059	-9.41438770			
127	y	13	1516.67932129	-9.89014149			
127	y	14	1644.73791504	-9.96578407			
127	y	15	1701.75939941	-9.93825531			
127	y	16	1814.84350586	-9.95370674			
127	y	17	1871.86499023	-9.92612267			
127	y	18	1970.93334961	-9.94994736			
127	y	19	2101.97387695	-9.96578407			
127	y	20	2201.04223633	-9.95605755			
127	y	21	2258.06372070	-9.96578407			
127	y	22	2386.12231445	-9.96578407			
128	b	1	100.07564545	-9.85574532			
128	b	2	247.14407349	-4.54553413			
128	b	3	360.22811890	-9.16261292			
128	b	4	489.27072144	-9.78525925			
128	b	5	604.29766846	-9.77836704			
128	b	6	703.36608887	-9.96292400			
128	b	7	816.45013428	-9.95862198			
128	y	1	175.11891174	-5.37265205			
128	y	2	288.20297241	-8.15050602			
128	y	3	387.27139282	-5.88737154			
128	y	4	502.29833984	-5.27441549			
128	y	5	631.34094238	-4.18142891			
128	y	6	744.42498779	-3.45674729			
128	y	7	891.49340820	-4.90770149			
129	b	1	116.03417206	-9.96578407			
129	b	2	203.06619263	-7.20056915			
129	b	3	366.12951660	-7.87224245			
129	b	4	495.17208862	-8.82262421			
129	b	5	552.19360352	-9.64591217			
129	b	6	667.22052002	-9.44735146			
129	b	7	796.26312256	-9.83839321			
129	b	8	867.30023193	-9.87981892			
129	b	9	995.35882568	-9.96578407			
129	b	10	1082.39074707	-9.96578407			
129	b	11	1210.48571777	-9.96578407			
129	y	1	175.11891174	-5.72291279			
129	y	2	303.21383667	-8.83548450			
129	y	3	390.24588013	-6.57923698			
129	y	4	518.30450439	-6.97496414			
129	y	5	589.34161377	-5.66349792			
129	y	6	718.38421631	-5.83790970			
129	y	7	833.41113281	-7.13470125			
129	y	8	890.43261719	-4.03687096			
129	y	9	1019.47521973	-5.63457441			
129	y	10	1182.53857422	-9.20992661			
129	y	11	1269.57055664	-9.86307716			
130	b	1	115.05016327	-9.87600899			
130	b	2	228.13421631	-5.41448784			
130	b	3	329.18188477	-6.83749723			
130	b	4	476.25030518	-9.21135044			
130	b	5	591.27728271	-8.79422188			
130	b	6	719.33587646	-8.40927219			
130	b	7	832.41992188	-8.14881802			
130	b	8	903.45703125	-8.71585655			
130	b	9	1016.54107666	-9.28882408			
130	b	10	1131.56799316	-9.52854061			
130	b	11	1218.59997559	-9.58906651			
130	b	12	1315.65270996	-9.96578407			
130	b	13	1443.74768066	-9.75344944			
130	b	14	1542.81604004	-9.69610786			
130	b	15	1645.82519531	-9.92475033			
130	b	16	1702.84667969	-9.96578407			
130	b	17	1803.89440918	-9.96578407			
130	b	18	1902.96276855	-9.96578407			
130	b	19	2016.04687500	-9.96578407			
130	b	20	2129.13110352	-9.96243095			
130	b	21	2216.16308594	-9.89632988			
130	b	22	2273.18457031	-9.91646671			
130	b	23	2370.23730469	-9.95985794			
130	y	1	175.11891174	-8.15527725			
130	y	2	272.17166138	-9.00227642			
130	y	3	329.19311523	-7.64304733			
130	y	4	416.22512817	-6.31289673			
130	y	5	529.30920410	-5.86803627			
130	y	6	642.39324951	-5.99628353			
130	y	7	741.46166992	-7.16125584			
130	y	8	842.50933838	-8.45108986			
130	y	9	899.53082275	-6.97424459			
130	y	10	1002.54003906	-9.65015793			
130	y	11	1101.60839844	-8.17524624			
130	y	12	1229.70336914	-9.62757111			
130	y	13	1326.75610352	-8.88010979			
130	y	14	1413.78808594	-9.64596462			
130	y	15	1528.81506348	-9.41422176			
130	y	16	1641.89916992	-9.81084633			
130	y	17	1712.93627930	-9.86101151			
130	y	18	1826.02038574	-9.94550610			
130	y	19	1954.07897949	-9.96578407			
130	y	20	2069.10595703	-9.94541645			
130	y	21	2216.17431641	-9.96368599			
130	y	22	2317.22192383	-9.95984364			
130	y	23	2430.30590820	-9.96386528			
131	b	1	190.05322266	-9.91296959			
131	b	2	318.14816284	-7.08456135			
131	b	3	465.21658325	-8.10897923			
131	b	4	580.24353027	-9.54016304			
131	b	5	736.34466553	-9.37264156			
131	b	6	793.36614990	-9.45709038			
131	b	7	956.42950439	-7.59233522			
131	b	8	1069.51354980	-7.38961172			
131	b	9	1156.54553223	-7.03913403			
131	b	10	1253.59826660	-9.96578407			
131	b	11	1416.66162109	-9.36860561			
131	b	12	1563.73010254	-9.73541355			
131	b	13	1676.81420898	-9.90177631			
131	b	14	1790.85717773	-9.95397568			
131	b	15	1891.90490723	-9.95643902			
131	b	16	1978.93688965	-9.96578407			
131	y	1	147.11276245	-6.81836319			
131	y	2	234.14479065	-6.75709724			
131	y	3	335.19244385	-7.37537622			
131	y	4	449.23538208	-6.53400850			
131	y	5	562.31945801	-6.50388813			
131	y	6	709.38787842	-5.86246586			
131	y	7	872.45117188	-6.92168093			
131	y	8	969.50390625	-5.89658642			
131	y	9	1056.53588867	-6.31450462			
131	y	10	1169.61999512	-9.46641636			
131	y	11	1332.68334961	-9.85863209			
131	y	12	1389.70483398	-9.90049267			
131	y	13	1545.80590820	-9.96578407			
131	y	14	1660.83288574	-9.96578407			
131	y	15	1807.90136719	-9.96359825			
131	y	16	1935.99633789	-9.96578407			
132	b	1	148.04261780	-9.75989151			
132	b	2	311.10592651	-7.72424793			
132	b	3	408.15869141	-9.35097313			
132	b	4	465.18014526	-8.78878212			
132	b	5	578.26422119	-8.80055523			
132	b	6	649.30133057	-9.41545582			
132	b	7	764.32824707	-9.68856239			
132	b	8	920.42938232	-9.57405853			
132	b	9	1051.46984863	-9.51625443			
132	b	10	1179.52844238	-8.56383228			
132	b	11	1307.62341309	-8.67331886			
132	b	12	1436.66601562	-8.47229099			
132	b	13	1549.75012207	-8.70153427			
132	b	14	1650.79785156	-9.14955711			
132	b	15	1721.83496094	-9.16370487			
132	b	16	1834.91906738	-9.06472206			
132	b	17	1905.95617676	-8.45842552			
132	b	18	2003.00891113	-9.89248848			
132	b	19	2090.04101562	-9.95753956			
132	b	20	2191.08862305	-9.96578407			
132	b	21	2338.12402344	-9.96578407			
132	y	1	147.11276245	-9.08230400			
132	y	2	294.14813232	-8.19561291			
132	y	3	395.19580078	-7.97831011			
132	y	4	482.22781372	-8.76146603			
132	y	5	579.28063965	-5.35727835			
132	y	6	650.31774902	-6.82215405			
132	y	7	763.40179443	-8.15258217			
132	y	8	834.43890381	-8.47181606			
132	y	9	935.48657227	-8.34030819			
132	y	10	1048.57067871	-9.33821583			
132	y	11	1177.61328125	-9.20283222			
132	y	12	1305.70825195	-9.38643169			
132	y	13	1433.76684570	-9.80693722			
132	y	14	1564.80737305	-9.78874397			
132	y	15	1720.90844727	-9.62954140			
132	y	16	1835.93542480	-9.63894558			
132	y	17	1906.97253418	-9.54628277			
132	y	18	2020.05664062	-9.96578407			
132	y	19	2077.07812500	-9.96578407			
132	y	20	2174.13085938	-9.52915478			
132	y	21	2337.19409180	-9.94619656			
133	b	1	190.05322266	-9.88629055			
133	b	2	277.08523560	-7.24150753			
133	b	3	376.15365601	-8.11951542			
133	b	4	473.20642090	-9.54566479			
133	b	5	610.26538086	-8.09149075			
133	b	6	707.31817627	-9.83390141			
133	b	7	844.37707520	-7.69292974			
133	b	8	941.42987061	-9.29669380			
133	b	9	1038.48254395	-9.75270653			
133	b	10	1135.53527832	-9.67591953			
133	b	11	1232.58801270	-9.90004635			
133	b	12	1319.61999512	-8.76831245			
133	b	13	1416.67272949	-9.96578407			
133	b	14	1545.71533203	-9.96578407			
133	b	15	1673.81030273	-9.88658810			
133	b	16	1744.84741211	-9.96578407			
133	b	17	1815.88452148	-9.96578407			
133	b	18	1902.91650391	-9.96578407			
133	b	19	2016.00061035	-9.96578407			
133	b	20	2145.04321289	-9.96578407			
133	b	21	2308.10644531	-9.92427731			
133	b	22	2423.13330078	-9.96578407			
133	b	23	2586.19653320	-9.96578407			
133	b	24	2715.23901367	-9.96578407			
133	b	25	2816.28662109	-9.96578407			
133	b	26	2929.37060547	-9.95360279			
133	y	1	175.11891174	-7.65636349			
133	y	2	288.20297241	-9.96578407			
133	y	3	389.25064087	-9.06435108			
133	y	4	518.29327393	-9.64318085			
133	y	5	681.35656738	-7.50941324			
133	y	6	796.38348389	-8.96009445			
133	y	7	959.44677734	-7.36736822			
133	y	8	1088.48937988	-7.01419353			
133	y	9	1201.57348633	-8.24086475			
133	y	10	1288.60546875	-7.56822205			
133	y	11	1359.64257812	-8.15211296			
133	y	12	1430.67968750	-8.17754173			
133	y	13	1558.77465820	-9.20046043			
133	y	14	1687.81726074	-9.76312828			
133	y	15	1784.86999512	-9.52658939			
133	y	16	1871.90197754	-9.90256310			
133	y	17	1968.95471191	-9.83113575			
133	y	18	2066.00732422	-9.91290760			
133	y	19	2163.06030273	-9.85673237			
133	y	20	2260.11303711	-9.89392281			
133	y	21	2397.17187500	-9.91460514			
133	y	22	2494.22460938	-9.96578407			
133	y	23	2631.28344727	-9.96578407			
133	y	24	2728.33618164	-9.96578407			
133	y	25	2827.40454102	-9.96578407			
133	y	26	2914.43652344	-9.96578407			
134	b	1	100.07564545	-9.95154667			
134	b	2	213.15969849	-5.73886251			
134	b	3	344.20022583	-8.14575005			
134	b	4	458.24316406	-8.42983150			
134	b	5	589.28369141	-7.98633003			
134	b	6	718.32629395	-7.42143059			
134	b	7	831.41033936	-8.48318195			
134	b	8	888.43182373	-9.63595772			
134	b	9	989.47949219	-9.78552532			
134	b	10	1076.51147461	-9.79736996			
134	b	11	1189.59558105	-9.96578407			
134	b	12	1336.66394043	-9.91200638			
134	b	13	1451.69091797	-9.90698433			
134	b	14	1580.73352051	-9.88593388			
134	b	15	1709.77612305	-9.96578407			
134	b	16	1766.79760742	-9.96578407			
134	b	17	1837.83471680	-9.95483017			
134	y	1	147.11276245	-6.59609652			
134	y	2	218.14988708	-8.76601982			
134	y	3	275.17132568	-6.68941402			
134	y	4	404.21389771	-7.39367247			
134	y	5	533.25653076	-6.93593216			
134	y	6	648.28344727	-6.57019377			
134	y	7	795.35186768	-6.02397537			
134	y	8	908.43591309	-7.40756130			
134	y	9	995.46795654	-6.45977592			
134	y	10	1096.51562500	-7.17830229			
134	y	11	1153.53710938	-5.11830378			
134	y	12	1266.62121582	-6.04124212			
134	y	13	1395.66381836	-6.43027496			
134	y	14	1526.70434570	-8.01556969			
134	y	15	1640.74731445	-9.12744617			
134	y	16	1771.78784180	-8.57431698			
134	y	17	1884.87194824	-9.93226051			
135	b	1	114.09129333	-9.94599056			
135	b	2	227.17535400	-5.73553324			
135	b	3	314.20736694	-7.89523125			
135	b	4	428.25030518	-8.98555946			
135	b	5	499.28741455	-7.73656797			
135	b	6	586.31945801	-9.27188873			
135	b	7	746.35015869	-9.96578407			
135	b	8	847.39782715	-9.96578407			
135	b	9	948.44549561	-9.96578407			
135	b	10	1062.48840332	-9.91863823			
135	b	11	1222.51916504	-9.83959961			
135	b	12	1335.60327148	-9.94662571			
135	b	13	1406.64038086	-9.93326664			
135	b	14	1503.69311523	-9.90718842			
135	b	15	1616.77722168	-9.91999531			
135	b	16	1687.81433105	-9.93478680			
135	y	1	147.11276245	-6.19868422			
135	y	2	218.14988708	-6.09076214			
135	y	3	331.23391724	-8.53987503			
135	y	4	428.28668213	-4.26375389			
135	y	5	499.32379150	-6.24842072			
135	y	6	612.40789795	-7.62713766			
135	y	7	772.43859863	-9.78517628			
135	y	8	886.48150635	-9.50103855			
135	y	9	987.52917480	-9.88203335			
135	y	10	1088.57690430	-8.96808243			
135	y	11	1248.60766602	-9.81528854			
135	y	12	1335.63964844	-9.96578407			
135	y	13	1406.67675781	-9.96578407			
135	y	14	1520.71972656	-8.32796764			
135	y	15	1607.75170898	-9.72841358			
135	y	16	1720.83581543	-9.91402340			
136	b	1	110.05999756	-9.93802166			
136	b	2	181.09710693	-5.46423912			
136	b	3	296.12405396	-3.62710857			
136	b	4	409.20809937	-5.36972761			
136	b	5	506.26086426	-9.59308434			
136	b	6	593.29290771	-9.26901531			
136	b	7	706.37695312	-9.11892700			
136	b	8	777.41406250	-9.80374813			
136	b	9	848.45117188	-9.96578407			
136	b	10	963.47808838	-9.66520882			
136	b	11	1110.54650879	-9.62484074			
136	b	12	1209.61486816	-9.92374611			
136	b	13	1338.65747070	-9.84042740			
136	b	14	1425.68945312	-9.93733406			
136	y	1	147.11276245	-6.29866743			
136	y	2	234.14479065	-6.62407351			
136	y	3	363.18734741	-8.06527615			
136	y	4	462.25576782	-8.73325539			
136	y	5	609.32421875	-7.49643517			
136	y	6	724.35113525	-8.11680984			
136	y	7	795.38824463	-7.30771875			
136	y	8	866.42535400	-6.18440008			
136	y	9	979.50939941	-8.02373791			
136	y	10	1066.54138184	-7.34072065			
136	y	11	1163.59411621	-4.58483553			
136	y	12	1276.67822266	-8.58919239			
136	y	13	1391.70520020	-8.35376263			
136	y	14	1462.74230957	-9.30533504			
137	b	1	58.02870178	-9.96578407			
137	b	2	467.18704224	-6.25683784			
137	b	3	581.22998047	-9.37498665			
137	b	4	709.32495117	-8.28410244			
137	b	5	856.39337158	-7.02453947			
137	b	6	927.43048096	-7.31946325			
137	b	7	1014.46252441	-7.85752726			
137	b	8	1142.52099609	-7.81934071			
137	b	9	1270.57958984	-9.12959671			
137	b	10	1327.60107422	-7.78197050			
137	b	11	1458.64160156	-9.64783192			
137	b	12	1559.68933105	-9.96578407			
137	b	13	1630.72644043	-9.96518135			
137	b	14	1793.78979492	-9.96578407			
137	b	15	1850.81127930	-9.96578407			
137	b	16	1951.85900879	-9.96578407			
137	y	1	175.11891174	-6.39117050			
137	y	2	276.16656494	-8.95636463			
137	y	3	333.18801880	-5.93387508			
137	y	4	496.25134277	-5.28617811			
137	y	5	567.28851318	-5.36359167			
137	y	6	668.33618164	-4.30268955			
137	y	7	799.37664795	-6.87170362			
137	y	8	856.39813232	-4.73907423			
137	y	9	984.45672607	-6.67350721			
137	y	10	1112.51525879	-9.46524334			
137	y	11	1199.54724121	-9.48275566			
137	y	12	1270.58435059	-9.60455894			
137	y	13	1417.65283203	-9.80418587			
137	y	14	1545.74780273	-9.96578407			
137	y	15	1659.79077148	-9.96160603			
137	y	16	2068.94921875	-9.96578407			
138	b	1	114.09129333	-9.96578407			
138	b	2	227.17535400	-4.74990368			
138	b	3	374.24377441	-7.08833504			
138	b	4	445.28088379	-8.79322338			
138	b	5	516.31805420	-9.34042454			
138	b	6	644.41302490	-9.73000622			
138	b	7	772.47161865	-8.30803013			
138	b	8	885.55566406	-9.90728664			
138	b	9	1014.59826660	-9.80980778			
138	b	10	1129.62512207	-8.60890293			
138	b	11	1186.64660645	-9.96578407			
138	y	1	175.11891174	-7.10768318			
138	y	2	232.14038086	-4.63818979			
138	y	3	347.16729736	-7.38879681			
138	y	4	476.20986938	-7.80373669			
138	y	5	589.29394531	-6.86864328			
138	y	6	717.35253906	-5.54905605			
138	y	7	845.44750977	-6.23166227			
138	y	8	916.48461914	-4.96749353			
138	y	9	987.52172852	-5.01334429			
138	y	10	1134.59008789	-4.81073713			
138	y	11	1247.67419434	-9.18085194			
139	b	1	310.12191772	-9.96578407			
139	b	2	367.14337158	-7.01418018			
139	b	3	468.19104004	-8.41676807			
139	b	4	582.23400879	-9.06078243			
139	b	5	710.32897949	-8.63409042			
139	b	6	857.39739990	-7.84527683			
139	b	7	928.43450928	-8.05883217			
139	b	8	1015.46655273	-8.09240341			
139	b	9	1143.52502441	-8.30256462			
139	b	10	1271.58361816	-9.53437233			
139	b	11	1328.60510254	-8.86192131			
139	b	12	1459.64562988	-9.89356899			
139	b	13	1560.69335938	-9.96578407			
139	b	14	1631.73046875	-9.91770363			
139	b	15	1794.79382324	-9.96578407			
139	b	16	1851.81530762	-9.96578407			
139	b	17	1952.86303711	-9.95953178			
139	y	1	175.11891174	-6.55022907			
139	y	2	276.16656494	-8.98404980			
139	y	3	333.18801880	-6.20610285			
139	y	4	496.25134277	-5.88317919			
139	y	5	567.28851318	-5.48447371			
139	y	6	668.33618164	-4.44506931			
139	y	7	799.37664795	-7.00873852			
139	y	8	856.39813232	-4.68997383			
139	y	9	984.45672607	-6.46868134			
139	y	10	1112.51525879	-8.78281975			
139	y	11	1199.54724121	-9.21505070			
139	y	12	1270.58435059	-8.82401752			
139	y	13	1417.65283203	-9.38143158			
139	y	14	1545.74780273	-9.95119667			
139	y	15	1659.79077148	-9.96578407			
139	y	16	1760.83850098	-9.95137119			
139	y	17	1817.85998535	-9.96385098			
140	b	1	114.09129333	-9.92986298			
140	b	2	243.13392639	-5.38131523			
140	b	3	300.15539551	-4.10007477			
140	b	4	413.23947144	-8.80078125			
140	b	5	514.28717041	-9.44512463			
140	b	6	629.31408691	-9.74401379			
140	b	7	758.35668945	-9.79359341			
140	b	8	871.44073486	-9.94107151			
140	b	9	985.48364258	-9.90356922			
140	b	10	1132.55200195	-9.92228031			
140	b	11	1245.63610840	-9.94843292			
140	y	1	175.11891174	-5.51903582			
140	y	2	288.20297241	-7.86886263			
140	y	3	435.27139282	-7.95362568			
140	y	4	549.31433105	-5.59748936			
140	y	5	662.39837646	-6.19423294			
140	y	6	791.44097900	-5.39586401			
140	y	7	906.46789551	-5.20027161			
140	y	8	1007.51556396	-3.83849359			
140	y	9	1120.59960938	-8.25501823			
140	y	10	1177.62109375	-5.66424799			
140	y	11	1306.66369629	-7.76309204			
141	b	1	115.05016327	-8.75547981			
141	b	2	202.08218384	-5.34396648			
141	b	3	315.16622925	-6.42494488			
141	b	4	444.20883179	-8.79111767			
141	b	5	531.24090576	-9.85065651			
141	b	6	694.31549072	-9.36331558			
141	b	7	765.35260010	-8.12782288			
141	b	8	912.42102051	-8.54112339			
141	b	9	1026.46386719	-8.16942501			
141	b	10	1173.49926758	-9.69778252			
141	y	1	147.11276245	-6.14779997			
141	y	2	294.14813232	-6.94715691			
141	y	3	408.19107056	-7.79473639			
141	y	4	555.25952148	-7.41294813			
141	y	5	626.29663086	-6.73515224			
141	y	6	789.37121582	-7.53293514			
141	y	7	876.40325928	-5.43485260			
141	y	8	1005.44586182	-5.69440556			
141	y	9	1118.52990723	-7.55892181			
141	y	10	1205.56188965	-9.56876469			
142	b	1	190.08625793	-9.96578407			
142	b	2	291.13394165	-6.63511419			
142	b	3	404.21798706	-9.12596607			
142	b	4	533.26062012	-8.18110466			
142	b	5	636.26983643	-9.94280529			
142	b	6	737.31750488	-9.77535152			
142	b	7	874.37640381	-9.96578407			
142	b	8	971.42913818	-9.96578407			
142	b	9	1070.49743652	-9.90650845			
142	b	10	1199.54003906	-9.91291046			
142	b	11	1314.56701660	-9.96578407			
142	b	12	1371.58850098	-9.05905056			
142	b	13	1484.67260742	-9.49727154			
142	b	14	1615.71313477	-9.72845268			
142	b	15	1730.74011230	-9.93792248			
142	b	16	1819.76782227	-9.86042309			
142	b	17	1890.80493164	-9.81183338			
142	b	18	2004.84790039	-9.89942074			
142	b	19	2151.91650391	-9.90094185			
142	b	20	2280.95898438	-9.96578407			
142	b	21	2409.01757812	-9.96578407			
142	b	22	2556.08593750	-9.96578407			
142	b	23	2669.16992188	-9.95520020			
142	b	24	2797.22851562	-9.95469093			
142	b	25	2926.27099609	-9.96578407			
142	y	1	175.11891174	-6.42491531			
142	y	2	304.16146851	-7.24025297			
142	y	3	432.22006226	-6.66294479			
142	y	4	545.30413818	-7.19022846			
142	y	5	692.37255859	-6.63656998			
142	y	6	820.43115234	-6.58965206			
142	y	7	949.47375488	-6.13845396			
142	y	8	1096.54223633	-6.35581827			
142	y	9	1210.58520508	-6.23252296			
142	y	10	1281.62231445	-7.07139587			
142	y	11	1370.65002441	-7.97825289			
142	y	12	1485.67700195	-7.76323080			
142	y	13	1616.71752930	-8.75980377			
142	y	14	1729.80163574	-9.96578407			
142	y	15	1786.82312012	-9.77476120			
142	y	16	1901.85009766	-9.85956955			
142	y	17	2030.89270020	-9.94841194			
142	y	18	2129.96118164	-9.96578407			
142	y	19	2227.01391602	-9.85854053			
142	y	20	2364.07275391	-9.93297958			
142	y	21	2465.12036133	-9.96578407			
142	y	22	2568.12963867	-9.95804024			
142	y	23	2697.17211914	-9.96578407			
142	y	24	2810.25610352	-9.96252251			
142	y	25	2911.30371094	-9.96065140			
143	b	1	129.06581116	-8.93939209			
143	b	2	244.09274292	-5.79237700			
143	b	3	407.15606689	-7.72977638			
143	b	4	521.19903564	-8.68430138			
143	b	5	649.25762939	-9.83188152			
143	b	6	764.28454590	-9.96578407			
143	b	7	851.31658936	-9.96578407			
143	b	8	980.35919189	-9.96578407			
143	b	9	1051.39624023	-9.96578407			
143	b	10	1122.43334961	-9.90795994			
143	b	11	1235.51745605	-9.96578407			
143	b	12	1349.56042480	-9.96578407			
143	y	1	175.11891174	-6.52230120			
143	y	2	289.16183472	-6.76225567			
143	y	3	402.24588013	-6.69768047			
143	y	4	473.28298950	-6.68776655			
143	y	5	544.32012939	-5.80737305			
143	y	6	673.36273193	-7.13072014			
143	y	7	760.39477539	-4.66064215			
143	y	8	875.42169189	-4.98852396			
143	y	9	1003.48028564	-6.00076532			
143	y	10	1117.52319336	-5.85267878			
143	y	11	1280.58654785	-7.28611231			
143	y	12	1395.61352539	-9.58313179			
144	b	1	130.04986572	-9.96578407			
144	b	2	217.08189392	-8.20649052			
144	b	3	274.10336304	-9.43846226			
144	b	4	331.12481689	-8.12806129			
144	b	5	428.17758179	-8.92747116			
144	b	6	591.24090576	-8.38548851			
144	b	7	648.26239014	-9.12312603			
144	b	8	705.28387451	-9.43068981			
144	b	9	762.30535889	-9.10614109			
144	b	10	925.36871338	-8.85862064			
144	b	11	982.39019775	-9.66394329			
144	b	12	1069.42211914	-9.77041435			
144	b	13	1126.44360352	-9.82837677			
144	b	14	1183.46508789	-9.95493317			
144	b	15	1240.48657227	-9.86755085			
144	b	16	1327.51855469	-9.93570328			
144	b	17	1384.54003906	-9.94555378			
144	b	18	1441.56152344	-9.91367531			
144	b	19	1604.62487793	-9.95122433			
144	b	20	1661.64636230	-9.90811443			
144	b	21	1748.67834473	-9.96578407			
144	y	1	175.11891174	-6.96257353			
144	y	2	262.15093994	-9.23862839			
144	y	3	319.17239380	-6.56883383			
144	y	4	482.23571777	-8.63193798			
144	y	5	539.25720215	-7.73014021			
144	y	6	596.27868652	-6.64656591			
144	y	7	683.31072998	-7.29603434			
144	y	8	740.33221436	-6.71597433			
144	y	9	797.35369873	-5.79231596			
144	y	10	854.37518311	-5.42688227			
144	y	11	941.40722656	-6.23612690			
144	y	12	998.42871094	-5.00528049			
144	y	13	1161.49206543	-6.37225771			
144	y	14	1218.51354980	-6.06158829			
144	y	15	1275.53503418	-5.78052187			
144	y	16	1332.55651855	-4.25246716			
144	y	17	1495.61987305	-7.07804823			
144	y	18	1592.67260742	-8.26550579			
144	y	19	1649.69409180	-9.96578407			
144	y	20	1706.71557617	-9.54112434			
144	y	21	1793.74755859	-9.96578407			
145	b	1	142.08624268	-9.96578407			
145	b	2	243.13391113	-6.33295345			
145	b	3	356.21798706	-7.76422930			
145	b	4	427.25509644	-7.16435099			
145	b	5	528.30279541	-7.87259960			
145	b	6	641.38684082	-8.57930946			
145	b	7	769.48181152	-9.28882790			
145	b	8	916.51721191	-8.65865040			
145	b	9	1003.54925537	-9.26198673			
145	b	10	1074.58630371	-8.41450977			
145	b	11	1202.64489746	-7.27830791			
145	b	12	1299.69763184	-9.70692444			
145	b	13	1400.74536133	-9.35005474			
145	b	14	1499.81372070	-9.28413963			
145	b	15	1586.84570312	-9.85128117			
145	b	16	1699.92980957	-9.84604549			
145	b	17	1756.95129395	-9.82957172			
145	b	18	1813.97277832	-9.93129444			
145	b	19	1961.04113770	-9.93773937			
145	b	20	2090.08374023	-9.92794609			
145	b	21	2203.16772461	-9.89222908			
145	b	22	2304.21533203	-9.94960785			
145	b	23	2401.26806641	-9.96578407			
145	b	24	2498.32080078	-9.96578407			
145	b	25	2597.38916016	-9.95265484			
145	b	26	2696.45751953	-9.95944118			
145	b	27	2809.54150391	-9.96578407			
145	y	1	175.11891174	-7.21675348			
145	y	2	288.20297241	-8.36675072			
145	y	3	387.27139282	-8.99337959			
145	y	4	486.33981323	-9.91900635			
145	y	5	583.39257812	-7.54010534			
145	y	6	680.44531250	-5.41940022			
145	y	7	781.49298096	-5.84970903			
145	y	8	894.57702637	-6.92926693			
145	y	9	1023.61962891	-7.15421391			
145	y	10	1170.68798828	-8.74764729			
145	y	11	1227.70947266	-8.03052521			
145	y	12	1284.73095703	-7.37479258			
145	y	13	1397.81506348	-9.32891464			
145	y	14	1484.84704590	-8.41660786			
145	y	15	1583.91540527	-9.55390930			
145	y	16	1684.96313477	-9.81039715			
145	y	17	1782.01586914	-9.35683250			
145	y	18	1910.07446289	-9.94066143			
145	y	19	1981.11157227	-9.94670868			
145	y	20	2068.14355469	-9.96578407			
145	y	21	2215.17895508	-9.89239788			
145	y	22	2343.27392578	-9.93220901			
145	y	23	2456.35791016	-9.93379402			
145	y	24	2557.40551758	-9.96578407			
145	y	25	2628.44262695	-9.96578407			
145	y	26	2741.52661133	-9.95383739			
145	y	27	2842.57421875	-9.96271133			
146	b	1	100.03929901	-9.96578407			
146	b	2	187.07131958	-8.84341812			
146	b	3	244.09278870	-7.39201212			
146	b	4	357.17684937	-7.69972420			
146	b	5	471.21978760	-8.32531071			
146	b	6	584.30389404	-7.96181917			
146	b	7	744.33459473	-9.96578407			
146	b	8	873.37719727	-9.96578407			
146	b	9	970.42999268	-9.96578407			
146	b	10	1084.47290039	-9.96578407			
146	b	11	1198.51586914	-9.96578407			
146	b	12	1326.61083984	-9.90949917			
146	b	13	1455.65344238	-9.84105873			
146	b	14	1512.67492676	-9.92435837			
146	b	15	1675.73828125	-9.96578407			
146	b	16	1838.80163574	-9.96578407			
146	b	17	1895.82312012	-9.96578407			
146	b	18	2058.88647461	-9.96578407			
146	b	19	2159.93408203	-9.94676113			
146	b	20	2216.95556641	-9.96076584			
146	b	21	2287.99267578	-9.96578407			
146	b	22	2435.06103516	-9.96578407			
146	y	1	175.11891174	-7.12067509			
146	y	2	322.18731689	-8.31931782			
146	y	3	393.22442627	-9.20863342			
146	y	4	450.24588013	-7.24392986			
146	y	5	551.29357910	-6.66537046			
146	y	6	714.35693359	-7.52146435			
146	y	7	771.37841797	-5.27336979			
146	y	8	934.44177246	-5.88283730			
146	y	9	1097.50512695	-8.64263058			
146	y	10	1154.52661133	-6.96966124			
146	y	11	1283.56921387	-7.47210026			
146	y	12	1411.66418457	-9.04800320			
146	y	13	1525.70715332	-9.52608681			
146	y	14	1639.75012207	-9.85439491			
146	y	15	1736.80285645	-9.54923153			
146	y	16	1865.84545898	-9.95868015			
146	y	17	2025.87622070	-9.96578407			
146	y	18	2138.96020508	-9.96578407			
146	y	19	2253.00317383	-9.96578407			
146	y	20	2366.08715820	-9.95577335			
146	y	21	2423.10864258	-9.95123100			
146	y	22	2510.14062500	-9.96578407			
147	b	1	138.06614685	-9.47771549			
147	b	2	239.11383057	-7.50892115			
147	b	3	296.13528442	-9.12436390			
147	b	4	393.18804932	-9.86299038			
147	b	5	450.20950317	-9.02959061			
147	b	6	563.29357910	-6.74869490			
147	b	7	676.37762451	-6.54686022			
147	b	8	763.40966797	-7.48608780			
147	b	9	910.44506836	-7.46920729			
147	b	10	981.48217773	-7.23684931			
147	b	11	1095.52502441	-7.50540113			
147	b	12	1166.56213379	-6.99777699			
147	b	13	1223.58361816	-7.18481016			
147	b	14	1320.63635254	-9.42417431			
147	b	15	1433.72045898	-8.78492451			
147	b	16	1534.76818848	-9.72511387			
147	b	17	1648.81115723	-9.93422508			
147	b	18	1735.84313965	-9.92411900			
147	b	19	1822.87512207	-9.90255165			
147	b	20	1950.93371582	-9.94320393			
147	b	21	2098.00219727	-9.96578407			
147	b	22	2245.07055664	-9.96578407			
147	b	23	2358.15454102	-9.96578407			
147	b	24	2518.18530273	-9.96578407			
147	b	25	2619.23291016	-9.96578407			
147	b	26	2690.27001953	-9.96031857			
147	y	1	147.11276245	-7.08167982			
147	y	2	218.14988708	-7.93758774			
147	y	3	319.19754028	-7.26580095			
147	y	4	479.22824097	-9.96578407			
147	y	5	592.31231689	-9.14378929			
147	y	6	739.38073730	-9.96578407			
147	y	7	886.44915771	-9.75825977			
147	y	8	1014.50775146	-9.82072735			
147	y	9	1101.53979492	-9.67872143			
147	y	10	1188.57177734	-9.43445301			
147	y	11	1302.61474609	-9.63931751			
147	y	12	1403.66247559	-9.80156803			
147	y	13	1516.74658203	-9.91394424			
147	y	14	1613.79931641	-9.96578407			
147	y	15	1670.82080078	-8.98647881			
147	y	16	1741.85791016	-9.96578407			
147	y	17	1855.90087891	-9.96578407			
147	y	18	1926.93798828	-9.96578407			
147	y	19	2073.97338867	-9.96578407			
147	y	20	2161.00537109	-9.96578407			
147	y	21	2274.08935547	-9.96578407			
147	y	22	2387.17333984	-9.96578407			
147	y	23	2444.19482422	-9.96578407			
147	y	24	2541.24755859	-9.96578407			
147	y	25	2598.26904297	-9.95006180			
147	y	26	2699.31665039	-9.96578407			
148	b	1	148.04261780	-9.84590912			
148	b	2	245.09538269	-8.19853115			
148	b	3	359.13830566	-6.79783297			
148	b	4	458.20672607	-7.62141085			
148	b	5	515.22821045	-9.10723305			
148	b	6	644.27081299	-8.91315746			
148	b	7	757.35485840	-8.92445183			
148	b	8	856.42327881	-8.75150967			
148	b	9	913.44476318	-9.85701370			
148	b	10	970.46624756	-9.96578407			
148	b	11	1057.49816895	-9.96578407			
148	b	12	1204.53356934	-9.85935402			
148	b	13	1360.63464355	-9.41194248			
148	b	14	1473.71875000	-9.52424622			
148	b	15	1620.78723145	-9.96578407			
148	b	16	1735.81420898	-9.85920906			
148	b	17	1822.84619141	-9.96578407			
148	b	18	1951.88879395	-9.92780495			
148	b	19	2080.93139648	-9.94948578			
148	b	20	2194.01538086	-9.92662811			
148	b	21	2307.09936523	-9.95019531			
148	b	22	2378.13647461	-9.96578407			
148	b	23	2435.15795898	-9.94299698			
148	b	24	2598.22119141	-9.96578407			
148	b	25	2726.31616211	-9.96578407			
148	y	1	175.11891174	-7.43476725			
148	y	2	303.21383667	-8.94712353			
148	y	3	466.27716064	-9.53987598			
148	y	4	523.29864502	-7.80787754			
148	y	5	594.33575439	-7.34038115			
148	y	6	707.41979980	-8.12311077			
148	y	7	820.50384521	-8.45127201			
148	y	8	949.54644775	-8.41637993			
148	y	9	1078.58898926	-8.79743767			
148	y	10	1165.62097168	-7.29326487			
148	y	11	1280.64794922	-8.35933399			
148	y	12	1427.71630859	-8.28014660			
148	y	13	1540.80041504	-9.48002052			
148	y	14	1696.90148926	-9.83441162			
148	y	15	1843.93688965	-9.92310810			
148	y	16	1930.96887207	-9.96578407			
148	y	17	1987.99035645	-9.91720867			
148	y	18	2045.01184082	-9.84752464			
148	y	19	2144.08032227	-9.96578407			
148	y	20	2257.16430664	-9.96578407			
148	y	21	2386.20678711	-9.94912720			
148	y	22	2443.22827148	-9.88253689			
148	y	23	2542.29663086	-9.93238640			
148	y	24	2656.33959961	-9.94850540			
148	y	25	2753.39233398	-9.95655251			
149	b	1	148.04261780	-9.96578407			
149	b	2	285.10153198	-6.74098921			
149	b	3	414.14413452	-7.30166245			
149	b	4	543.18676758	-7.42077255			
149	b	5	706.25006104	-5.69699860			
149	b	6	803.30279541	-9.96578407			
149	b	7	917.34570312	-8.40506554			
149	b	8	1020.35491943	-9.96578407			
149	b	9	1133.43896484	-9.96578407			
149	b	10	1280.47436523	-9.90143490			
149	b	11	1394.51733398	-9.96578407			
149	b	12	1495.56506348	-9.94107914			
149	b	13	1642.63342285	-9.96578407			
149	b	14	1729.66540527	-9.96578407			
149	b	15	1828.73376465	-9.96413803			
149	b	16	1927.80212402	-9.90883732			
149	b	17	2024.85485840	-9.96578407			
149	b	18	2111.88696289	-9.96578407			
149	b	19	2208.93969727	-9.96299648			
149	y	1	147.11276245	-6.78000259			
149	y	2	244.16552734	-5.74890041			
149	y	3	331.19754028	-8.49643993			
149	y	4	428.25030518	-4.22053003			
149	y	5	527.31872559	-6.93668270			
149	y	6	626.38714600	-8.31768799			
149	y	7	713.41918945	-6.77992487			
149	y	8	860.48760986	-7.40336943			
149	y	9	961.53527832	-8.18792439			
149	y	10	1075.57824707	-7.63191223			
149	y	11	1222.61364746	-8.72636795			
149	y	12	1335.69775391	-9.85959148			
149	y	13	1438.70690918	-9.96578407			
149	y	14	1552.74987793	-9.96578407			
149	y	15	1649.80261230	-9.96578407			
149	y	16	1812.86596680	-9.96578407			
149	y	17	1941.90856934	-9.95354271			
149	y	18	2070.95117188	-9.96127701			
149	y	19	2208.01000977	-9.95753860			
150	b	1	187.08654785	-8.34676456			
150	b	2	334.12191772	-6.26285791			
150	b	3	447.20596313	-7.52575827			
150	b	4	578.24645996	-8.90517521			
150	b	5	693.27337646	-9.22960567			
150	b	6	750.29486084	-9.15225410			
150	b	7	864.33776855	-9.40998459			
150	b	8	921.35925293	-8.68410778			
150	b	9	1084.42248535	-8.85012722			
150	b	10	1197.50659180	-9.91561699			
150	b	11	1284.53857422	-9.96578407			
150	b	12	1355.57568359	-9.89581108			
150	b	13	1426.61279297	-9.96578407			
150	b	14	1555.65539551	-9.96034718			
150	b	15	1668.73950195	-9.96578407			
150	y	1	175.11891174	-6.18085098			
150	y	2	288.20297241	-6.18095016			
150	y	3	417.24557495	-8.20713329			
150	y	4	488.28268433	-6.56680393			
150	y	5	559.31982422	-6.09812450			
150	y	6	646.35186768	-4.58386660			
150	y	7	759.43591309	-5.19420719			
150	y	8	922.49926758	-8.24870872			
150	y	9	979.52075195	-7.92222452			
150	y	10	1093.56372070	-9.39878845			
150	y	11	1150.58520508	-8.66480160			
150	y	12	1265.61218262	-9.00152111			
150	y	13	1396.65270996	-9.39909172			
150	y	14	1509.73681641	-9.80885410			
150	y	15	1656.77221680	-9.96578407			
151	b	1	88.03926086	-9.88248825			
151	b	2	235.10768127	-5.81475973			
151	b	3	322.13970947	-8.56452656			
151	b	4	450.23464966	-9.51300335			
151	b	5	579.27728271	-8.50018120			
151	b	6	708.31988525	-7.47349310			
151	b	7	821.40393066	-6.53179026			
151	b	8	968.43933105	-7.41941023			
151	b	9	1055.47131348	-8.80729294			
151	b	10	1142.50329590	-9.72174835			
151	b	11	1257.53027344	-7.28930283			
151	b	12	1370.61437988	-8.71520519			
151	b	13	1499.65698242	-9.45840168			
151	b	14	1628.69958496	-9.56650734			
151	b	15	1729.74731445	-9.96578407			
151	b	16	1800.78442383	-9.96578407			
151	b	17	1857.80590820	-9.95708561			
151	b	18	1944.83789062	-9.96578407			
151	b	19	2045.88562012	-9.96578407			
151	b	20	2132.91772461	-9.96578407			
151	b	21	2246.00170898	-9.96578407			
151	b	22	2343.05444336	-9.96578407			
151	y	1	147.11276245	-7.77468014			
151	y	2	244.16552734	-4.83917713			
151	y	3	357.24957275	-8.36518955			
151	y	4	444.28158569	-8.21460915			
151	y	5	545.32928467	-7.90786457			
151	y	6	632.36132812	-8.41292191			
151	y	7	689.38281250	-5.76532745			
151	y	8	760.41992188	-6.31251431			
151	y	9	861.46759033	-6.51572084			
151	y	10	990.51019287	-7.13109541			
151	y	11	1119.55273438	-7.40114117			
151	y	12	1232.63684082	-8.72527885			
151	y	13	1347.66381836	-9.54450798			
151	y	14	1434.69580078	-9.74811172			
151	y	15	1521.72778320	-9.79311371			
151	y	16	1668.76318359	-9.96578407			
151	y	17	1781.84729004	-9.96578407			
151	y	18	1910.88989258	-9.94877911			
151	y	19	2039.93249512	-9.96507454			
151	y	20	2168.02734375	-9.96578407			
151	y	21	2255.05932617	-9.96578407			
151	y	22	2402.12768555	-9.95785522			
152	b	1	126.09129333	-9.78632832			
152	b	2	286.12197876	-9.96578407			
152	b	3	449.18530273	-8.73445702			
152	b	4	548.25372314	-9.96578407			
152	b	5	619.29083252	-8.98404312			
152	b	6	732.37487793	-9.23317909			
152	b	7	847.40179443	-9.20254421			
152	b	8	994.47021484	-9.94765854			
152	b	9	1123.51269531	-9.69276333			
152	b	10	1251.57128906	-9.92816544			
152	b	11	1380.61389160	-9.80082512			
152	b	12	1527.64929199	-9.70201206			
152	b	13	1598.68640137	-9.87875080			
152	b	14	1699.73413086	-9.94021702			
152	b	15	1770.77124023	-9.81898022			
152	b	16	1841.80834961	-9.87850952			
152	b	17	1928.84033203	-9.83511162			
152	b	18	2015.87231445	-9.87088013			
152	b	19	2102.90454102	-9.88734436			
152	b	20	2189.93652344	-9.88093376			
152	b	21	2303.02050781	-9.96578407			
152	b	22	2432.06298828	-9.96578407			
152	y	1	147.11276245	-6.96200371			
152	y	2	276.15533447	-7.88671303			
152	y	3	389.23941040	-8.77668285			
152	y	4	476.27145386	-8.38045883			
152	y	5	563.30352783	-8.12286663			
152	y	6	650.33557129	-7.70422745			
152	y	7	737.36761475	-6.90681934			
152	y	8	808.40472412	-6.86116934			
152	y	9	879.44183350	-7.55073595			
152	y	10	980.48950195	-7.43203688			
152	y	11	1051.52661133	-7.68831778			
152	y	12	1198.56201172	-7.72566509			
152	y	13	1327.60461426	-7.98620796			
152	y	14	1455.66320801	-8.03251362			
152	y	15	1584.70581055	-7.67604733			
152	y	16	1731.77416992	-7.80663824			
152	y	17	1846.80114746	-7.72335911			
152	y	18	1959.88525391	-9.30891514			
152	y	19	2030.92236328	-9.08971786			
152	y	20	2129.99072266	-9.64508629			
152	y	21	2293.05395508	-9.58538723			
152	y	22	2453.08471680	-9.96578407			
153	b	1	114.09129333	-9.96464252			
153	b	2	243.13388062	-5.39806604			
153	b	3	358.16082764	-4.04429388			
153	b	4	471.24490356	-8.05348301			
153	b	5	558.27697754	-8.81650829			
153	b	6	686.34057617	-9.41550446			
153	b	7	814.39916992	-9.45833015			
153	b	8	885.43627930	-9.46641254			
153	b	9	1013.49487305	-9.59764481			
153	b	10	1126.57885742	-9.62161350			
153	b	11	1197.61596680	-9.96578407			
153	b	12	1268.65307617	-9.96188164			
153	b	13	1339.69018555	-9.91471291			
153	b	14	1468.73278809	-9.93176746			
153	y	1	147.11276245	-6.21612692			
153	y	2	276.15533447	-7.77781582			
153	y	3	347.19244385	-6.48241997			
153	y	4	418.22955322	-6.02552700			
153	y	5	489.26666260	-5.81391048			
153	y	6	602.35076904	-6.62979698			
153	y	7	730.40936279	-6.78419685			
153	y	8	801.44647217	-5.52231026			
153	y	9	929.50506592	-6.74411726			
153	y	10	1057.56860352	-6.41166782			
153	y	11	1144.60058594	-4.91771555			
153	y	12	1257.68469238	-8.38738823			
153	y	13	1372.71166992	-6.87381744			
153	y	14	1501.75427246	-9.71136093			
154	b	1	130.04981995	-9.62310219			
154	b	2	258.14477539	-8.37268734			
154	b	3	383.22885132	-9.58147526			
154	b	4	543.25958252	-9.96578407			
154	b	5	706.32293701	-9.96578407			
154	b	6	805.39135742	-9.96578407			
154	b	7	876.42846680	-9.96578407			
154	b	8	989.51251221	-9.76014423			
154	b	9	1104.53942871	-9.63694477			
154	b	10	1251.60778809	-9.96578407			
154	b	11	1380.65039062	-9.88861275			
154	b	12	1508.70898438	-9.90867424			
154	b	13	1637.75158691	-9.75797462			
154	b	14	1784.78698730	-9.86595631			
154	b	15	1855.82409668	-9.96578407			
154	b	16	1956.87182617	-9.95256996			
154	b	17	2027.90893555	-9.96578407			
154	b	18	2098.94628906	-9.96578407			
154	b	19	2185.97827148	-9.95377922			
154	b	20	2273.01025391	-9.93000507			
154	b	21	2360.04223633	-9.93181324			
154	b	22	2447.07421875	-9.94214439			
154	b	23	2560.15820312	-9.96264839			
154	b	24	2689.20068359	-9.96578407			
154	y	1	147.11276245	-7.41118908			
154	y	2	276.15533447	-7.73270082			
154	y	3	389.23941040	-8.52715874			
154	y	4	476.27145386	-8.27851391			
154	y	5	563.30352783	-7.64488983			
154	y	6	650.33557129	-7.10112906			
154	y	7	737.36761475	-6.13343000			
154	y	8	808.40472412	-6.05211020			
154	y	9	879.44183350	-6.42013502			
154	y	10	980.48950195	-6.10058880			
154	y	11	1051.52661133	-6.45755625			
154	y	12	1198.56201172	-7.50309515			
154	y	13	1327.60461426	-8.44487953			
154	y	14	1455.66320801	-9.19143486			
154	y	15	1584.70581055	-9.78923130			
154	y	16	1731.77416992	-9.76842403			
154	y	17	1846.80114746	-9.91731834			
154	y	18	1959.88525391	-9.96578407			
154	y	19	2030.92236328	-9.92756081			
154	y	20	2129.99072266	-9.95794296			
154	y	21	2293.05395508	-9.95843792			
154	y	22	2453.08471680	-9.96578407			
154	y	23	2578.16870117	-9.96578407			
154	y	24	2706.26367188	-9.95624065			
155	b	1	126.09134674	-9.96578407			
155	b	2	239.17541504	-6.04093599			
155	b	3	354.20236206	-4.34591770			
155	b	4	453.27078247	-5.73361397			
155	b	5	552.33923340	-7.24548626			
155	b	6	715.40252686	-9.65280151			
155	b	7	829.44543457	-9.85512066			
155	b	8	900.48254395	-9.34675312			
155	b	9	987.51458740	-9.81058311			
155	b	10	1101.55749512	-9.92135620			
155	b	11	1215.60046387	-9.95069504			
155	b	12	1344.64306641	-9.96578407			
155	b	13	1457.72717285	-9.96578407			
155	b	14	1556.79553223	-9.96202564			
155	y	1	175.11891174	-6.04881430			
155	y	2	274.18731689	-8.18754673			
155	y	3	387.27139282	-7.99928951			
155	y	4	516.31402588	-9.25806046			
155	y	5	630.35693359	-8.27902126			
155	y	6	744.39984131	-7.08279705			
155	y	7	831.43188477	-5.74028730			
155	y	8	902.46899414	-6.24719763			
155	y	9	1016.51190186	-5.00524139			
155	y	10	1179.57519531	-4.55194902			
155	y	11	1278.64355469	-5.58420849			
155	y	12	1377.71191406	-8.20277500			
155	y	13	1492.73889160	-7.01487875			
155	y	14	1605.82299805	-9.96578407			
156	b	1	88.03926086	-9.95452404			
156	b	2	187.10766602	-6.51915026			
156	b	3	316.15023804	-7.00537443			
156	b	4	447.19070435	-9.47145081			
156	b	5	584.24963379	-8.76397133			
156	b	6	721.30853271	-8.81850338			
156	b	7	850.35113525	-8.19239998			
156	b	8	921.38824463	-7.12618732			
156	b	9	1034.47229004	-6.92004442			
156	b	10	1291.51770020	-9.25457001			
156	b	11	1420.56030273	-8.11267757			
156	b	12	1519.62866211	-8.08138847			
156	b	13	1632.71276855	-7.94254875			
156	b	14	1729.76550293	-9.96578407			
156	b	15	1786.78698730	-9.96578407			
156	b	16	1901.81396484	-9.96578407			
156	b	17	2015.85693359	-9.95315170			
156	b	18	2114.92553711	-9.95427990			
156	b	19	2171.94702148	-9.96578407			
156	b	20	2319.01538086	-9.96578407			
156	b	21	2433.05834961	-9.96578407			
156	b	22	2532.12670898	-9.95068550			
156	y	1	147.11276245	-7.06074476			
156	y	2	246.18116760	-8.56934166			
156	y	3	360.22409058	-8.52310753			
156	y	4	507.29251099	-9.21347713			
156	y	5	564.31402588	-6.88739061			
156	y	6	663.38244629	-8.86488628			
156	y	7	777.42535400	-7.67002535			
156	y	8	892.45227051	-8.61867714			
156	y	9	949.47375488	-7.12464809			
156	y	10	1046.52648926	-4.47366190			
156	y	11	1159.61059570	-7.93372631			
156	y	12	1258.67895508	-9.36293983			
156	y	13	1387.72155762	-9.89086914			
156	y	14	1644.76684570	-9.76931477			
156	y	15	1757.85095215	-9.96578407			
156	y	16	1828.88806152	-9.89480591			
156	y	17	1957.93066406	-9.96578407			
156	y	18	2094.98950195	-9.92554569			
156	y	19	2232.04833984	-9.95185471			
156	y	20	2363.08886719	-9.96578407			
156	y	21	2492.13134766	-9.96410179			
156	y	22	2591.19970703	-9.95576286			
157	b	1	130.04980469	-7.73465014			
157	b	2	243.13386536	-6.74395990			
157	b	3	358.16079712	-7.65637541			
157	b	4	445.19284058	-7.94684219			
157	b	5	558.27691650	-9.41377068			
157	b	6	659.32458496	-8.87717628			
157	b	7	756.37738037	-9.95284843			
157	b	8	885.41998291	-9.96578407			
157	b	9	984.48840332	-9.79124165			
157	b	10	1097.57238770	-9.82462025			
157	b	11	1194.62512207	-9.92537594			
157	b	12	1251.64660645	-9.86570454			
157	b	13	1437.72595215	-9.94611454			
157	y	1	147.11276245	-6.73391342			
157	y	2	333.19204712	-7.49742699			
157	y	3	390.21350098	-8.74848270			
157	y	4	487.26626587	-4.18256950			
157	y	5	600.35034180	-7.08238792			
157	y	6	699.41876221	-7.95124245			
157	y	7	828.46136475	-9.57220078			
157	y	8	925.51416016	-4.57044268			
157	y	9	1026.56176758	-5.73748398			
157	y	10	1139.64587402	-8.83542061			
157	y	11	1226.67785645	-8.46606255			
157	y	12	1341.70483398	-7.01538897			
157	y	13	1454.78894043	-9.95088196			
158	b	1	58.02870178	-9.96578407			
158	b	2	171.11276245	-6.61620808			
158	b	3	299.17135620	-5.71428823			
158	b	4	370.20846558	-6.22936916			
158	b	5	498.26705933	-7.01400518			
158	b	6	611.35113525	-7.26771259			
158	b	7	682.38824463	-7.82089615			
158	b	8	769.42028809	-9.38300991			
158	b	9	856.45233154	-9.63987923			
158	b	10	913.47381592	-9.58902454			
158	b	11	1026.55786133	-9.68270302			
158	b	12	1127.60559082	-9.67609978			
158	b	13	1184.62707520	-9.96578407			
158	b	14	1355.71667480	-9.89119434			
158	b	15	1454.78503418	-9.87250137			
158	b	16	1569.81201172	-9.90106106			
158	b	17	1640.84912109	-9.84603596			
158	b	18	1737.90185547	-9.96578407			
158	y	1	147.11276245	-6.71274424			
158	y	2	244.16552734	-4.91521406			
158	y	3	315.20263672	-6.51929903			
158	y	4	430.22958374	-6.90543747			
158	y	5	529.29803467	-7.22825003			
158	y	6	700.38763428	-8.97364998			
158	y	7	757.40911865	-6.84734154			
158	y	8	858.45678711	-6.37605429			
158	y	9	971.54083252	-8.48564625			
158	y	10	1028.56225586	-6.63238001			
158	y	11	1115.59436035	-6.51662493			
158	y	12	1202.62634277	-5.49972343			
158	y	13	1273.66345215	-5.25178909			
158	y	14	1386.74755859	-5.90769720			
158	y	15	1514.80615234	-8.45326138			
158	y	16	1585.84326172	-8.15357590			
158	y	17	1713.90185547	-9.95927620			
158	y	18	1826.98596191	-9.96578407			
159	b	1	58.02870178	-9.96578407			
159	b	2	205.09712219	-6.34599972			
159	b	3	262.11859131	-6.78624821			
159	b	4	409.18701172	-8.52159119			
159	b	5	522.27111816	-9.53937149			
159	b	6	623.31878662	-9.52606106			
159	b	7	772.37768555	-9.21126366			
159	b	8	843.41479492	-9.37085152			
159	b	9	944.46246338	-9.23219585			
159	b	10	1043.53076172	-9.44073868			
159	b	11	1172.57336426	-9.81813431			
159	b	12	1301.61596680	-9.80368042			
159	b	13	1400.68432617	-9.93294525			
159	b	14	1515.71130371	-9.73989964			
159	b	15	1586.74841309	-9.94168186			
159	b	16	1657.78552246	-9.94552422			
159	b	17	1804.82092285	-9.94778633			
159	b	18	1918.86389160	-9.96578407			
159	b	19	1989.90100098	-9.96578407			
159	b	20	2146.00219727	-9.96578407			
159	b	21	2243.05493164	-9.94222832			
159	b	22	2380.11376953	-9.95009422			
159	y	1	147.11276245	-6.95490694			
159	y	2	284.17166138	-9.37154579			
159	y	3	381.22442627	-8.29587650			
159	y	4	537.32556152	-8.85870647			
159	y	5	608.36267090	-8.24531364			
159	y	6	722.40557861	-7.60498714			
159	y	7	869.44097900	-7.35950994			
159	y	8	940.47808838	-8.46419334			
159	y	9	1011.51519775	-8.47314739			
159	y	10	1126.54211426	-8.50505829			
159	y	11	1225.61047363	-9.61139297			
159	y	12	1354.65307617	-9.89775372			
159	y	13	1483.69567871	-9.82457447			
159	y	14	1582.76403809	-9.96578407			
159	y	15	1683.81176758	-9.91669655			
159	y	16	1754.84887695	-9.94248009			
159	y	17	1903.90783691	-9.93687916			
159	y	18	2004.95556641	-9.96578407			
159	y	19	2118.03955078	-9.94033718			
159	y	20	2265.10791016	-9.96578407			
159	y	21	2322.12939453	-9.96578407			
159	y	22	2469.19775391	-9.95676136			
160	b	1	84.04434967	-9.80804539			
160	b	2	185.09202576	-6.53825951			
160	b	3	242.11349487	-8.31872177			
160	b	4	343.16116333	-6.66948986			
160	b	5	456.24520874	-8.41817474			
160	b	6	619.30853271	-9.67281723			
160	b	7	720.35620117	-9.72194958			
160	b	8	883.41949463	-9.93619823			
160	b	9	980.47222900	-9.86525726			
160	b	10	1109.51477051	-9.90013790			
160	b	11	1223.55773926	-9.88709164			
160	b	12	1409.63708496	-9.96578407			
160	y	1	175.11891174	-6.59112501			
160	y	2	361.19821167	-8.51539516			
160	y	3	475.24114990	-7.77316189			
160	y	4	604.28375244	-9.29220676			
160	y	5	701.33654785	-4.25543022			
160	y	6	864.39990234	-5.62968206			
160	y	7	965.44757080	-4.93316746			
160	y	8	1128.51086426	-4.56880713			
160	y	9	1241.59497070	-6.49912310			
160	y	10	1342.64270020	-9.10568142			
160	y	11	1399.66418457	-8.22549248			
160	y	12	1500.71191406	-9.96578407			
161	b	1	138.06614685	-8.81871128			
161	b	2	239.11383057	-6.03421164			
161	b	3	296.13528442	-8.45284748			
161	b	4	393.18804932	-9.89215279			
161	b	5	450.20950317	-8.90554619			
161	b	6	563.29357910	-6.99537706			
161	b	7	676.37762451	-7.33626699			
161	b	8	763.40966797	-7.91685057			
161	b	9	910.44506836	-7.90714025			
161	b	10	981.48217773	-8.13920212			
161	b	11	1095.52502441	-8.46757221			
161	b	12	1166.56213379	-8.28672504			
161	b	13	1223.58361816	-7.81532717			
161	b	14	1320.63635254	-9.89902306			
161	b	15	1434.67932129	-9.58646011			
161	b	16	1535.72705078	-9.80929661			
161	b	17	1649.77001953	-9.86264038			
161	b	18	1706.79150391	-9.91504574			
161	b	19	1793.82348633	-9.90907192			
161	b	20	1921.88208008	-9.89215755			
161	b	21	2068.95068359	-9.96578407			
161	b	22	2231.96313477	-9.96578407			
161	b	23	2333.01074219	-9.96578407			
161	b	24	2489.11181641	-9.96578407			
161	b	25	2590.15942383	-9.95589638			
161	b	26	2661.19653320	-9.96578407			
161	y	1	147.11276245	-7.34724760			
161	y	2	218.14988708	-9.23314190			
161	y	3	319.19754028	-9.23918819			
161	y	4	475.29864502	-9.18369198			
161	y	5	576.34637451	-8.19655991			
161	y	6	739.35888672	-7.16838646			
161	y	7	886.42730713	-7.99394655			
161	y	8	1014.48590088	-8.77175617			
161	y	9	1101.51794434	-8.77125359			
161	y	10	1158.53942871	-7.98119402			
161	y	11	1272.58239746	-8.46520138			
161	y	12	1373.63012695	-9.01466846			
161	y	13	1487.67309570	-9.59031010			
161	y	14	1584.72583008	-9.06314087			
161	y	15	1641.74731445	-9.27424335			
161	y	16	1712.78442383	-9.69435024			
161	y	17	1826.82739258	-9.72710896			
161	y	18	1897.86450195	-9.84697628			
161	y	19	2044.89990234	-9.96578407			
161	y	20	2131.93188477	-9.86364079			
161	y	21	2245.01586914	-9.93338394			
161	y	22	2358.09985352	-9.96578407			
161	y	23	2415.12133789	-9.96568012			
161	y	24	2512.17407227	-9.92034435			
161	y	25	2569.19555664	-9.96578407			
161	y	26	2670.24316406	-9.96103096			
162	b	1	148.04261780	-9.81490421			
162	b	2	261.12667847	-5.56374025			
162	b	3	390.16928101	-6.37732840			
162	b	4	519.21185303	-8.26275921			
162	b	5	647.30682373	-8.71054554			
162	b	6	833.38616943	-8.23573780			
162	b	7	920.41821289	-8.77681541			
162	b	8	1033.50219727	-8.15207005			
162	b	9	1146.58630371	-8.33678055			
162	b	10	1274.64489746	-8.87347603			
162	b	11	1402.70349121	-9.42310524			
162	b	12	1530.76208496	-9.96578407			
162	y	1	147.11276245	-6.46183968			
162	y	2	275.17132568	-7.76621532			
162	y	3	403.22988892	-7.48499870			
162	y	4	531.28851318	-6.80062771			
162	y	5	644.37255859	-6.23165417			
162	y	6	757.45660400	-7.88108826			
162	y	7	844.48864746	-6.10845470			
162	y	8	1030.56799316	-5.35365295			
162	y	9	1158.66296387	-7.37802649			
162	y	10	1287.70556641	-6.92664003			
162	y	11	1416.74816895	-7.30026484			
162	y	12	1529.83227539	-9.92407608			
163	b	1	114.09129333	-9.96079636			
163	b	2	227.17535400	-6.35529947			
163	b	3	328.22302246	-7.53312349			
163	b	4	475.29144287	-9.48698807			
163	b	5	590.31842041	-8.78342152			
163	b	6	718.37701416	-8.05414391			
163	b	7	831.46105957	-8.58631802			
163	b	8	902.49816895	-8.36075497			
163	b	9	999.55096436	-9.96578407			
163	b	10	1138.53601074	-9.85267258			
163	b	11	1209.57312012	-9.40716076			
163	b	12	1306.62585449	-9.96578407			
163	b	13	1434.72082520	-9.86181164			
163	b	14	1491.74230957	-9.89931488			
163	b	15	1651.77307129	-9.96578407			
163	b	16	1708.79455566	-9.96578407			
163	b	17	1809.84228516	-9.96578407			
163	b	18	1908.91064453	-9.96578407			
163	b	19	2021.99475098	-9.93504143			
163	b	20	2135.07885742	-9.93857670			
163	b	21	2222.11083984	-9.92872906			
163	b	22	2279.13232422	-9.92082787			
163	b	23	2376.18505859	-9.96578407			
163	y	1	175.11891174	-8.05811882			
163	y	2	272.17166138	-9.32179642			
163	y	3	329.19311523	-7.70639801			
163	y	4	416.22512817	-6.57984829			
163	y	5	529.30920410	-6.36180544			
163	y	6	642.39324951	-6.06358385			
163	y	7	741.46166992	-7.52096558			
163	y	8	842.50933838	-8.71487141			
163	y	9	899.53082275	-7.52773190			
163	y	10	1059.56152344	-9.96578407			
163	y	11	1116.58300781	-7.12946463			
163	y	12	1244.67797852	-9.69391918			
163	y	13	1341.73071289	-8.04760265			
163	y	14	1412.76782227	-9.83296680			
163	y	15	1551.75292969	-9.91864395			
163	y	16	1648.80566406	-8.99408436			
163	y	17	1719.84277344	-9.87451077			
163	y	18	1832.92687988	-9.96578407			
163	y	19	1960.98547363	-9.96578407			
163	y	20	2076.01245117	-9.96578407			
163	y	21	2223.08081055	-9.96578407			
163	y	22	2324.12841797	-9.96578407			
163	y	23	2437.21240234	-9.96578407			
164	b	1	102.05490875	-8.41328144			
164	b	2	201.12332153	-4.50630283			
164	b	3	314.20736694	-4.51018190			
164	b	4	427.29141235	-7.68385983			
164	b	5	556.33404541	-8.86226463			
164	b	6	684.39263916	-9.40679932			
164	b	7	771.42468262	-9.42169762			
164	b	8	957.50396729	-9.80606937			
164	b	9	1014.52545166	-9.71709442			
164	b	10	1101.55737305	-9.95145321			
164	b	11	1226.64147949	-9.88695717			
164	b	12	1354.70007324	-9.92882919			
164	b	13	1453.76843262	-9.96578407			
164	b	14	1554.81616211	-9.96578407			
164	y	1	147.11276245	-6.69614124			
164	y	2	248.16044617	-6.73304892			
164	y	3	347.22885132	-8.04483318			
164	y	4	475.28744507	-9.96578407			
164	y	5	600.37152100	-5.89325380			
164	y	6	687.40356445	-8.25571632			
164	y	7	744.42504883	-6.12704086			
164	y	8	930.50439453	-6.84825706			
164	y	9	1017.53643799	-6.12705898			
164	y	10	1145.59497070	-6.76091671			
164	y	11	1274.63757324	-5.92405748			
164	y	12	1387.72167969	-7.13230991			
164	y	13	1500.80578613	-8.80895805			
164	y	14	1599.87414551	-9.96578407			
165	b	1	115.05016327	-9.72005367			
165	b	2	228.13421631	-4.90479231			
165	b	3	341.21829224	-5.64841080			
165	b	4	438.27105713	-9.57152462			
165	b	5	585.33953857	-9.96578407			
165	b	6	700.36645508	-9.55009174			
165	b	7	828.42504883	-9.21695995			
165	b	8	989.47613525	-9.21712685			
165	b	9	1090.52380371	-9.70604038			
165	b	10	1191.57153320	-9.92589664			
165	b	11	1320.61413574	-9.85809135			
165	b	12	1435.64111328	-9.32783031			
165	b	13	1548.72521973	-9.96578407			
165	b	14	1662.76818848	-9.96578407			
165	b	15	1791.81079102	-9.96578407			
165	b	16	1862.84790039	-9.96578407			
165	b	17	2009.91638184	-9.96467972			
165	b	18	2106.96923828	-9.90286732			
165	b	19	2236.01171875	-9.94356251			
165	b	20	2337.05932617	-9.96407795			
165	y	1	147.11276245	-6.58157492			
165	y	2	248.16044617	-6.33416986			
165	y	3	377.20303345	-9.41833401			
165	y	4	474.25579834	-4.48351717			
165	y	5	621.32421875	-6.52810478			
165	y	6	692.36132812	-6.69616699			
165	y	7	821.40393066	-7.50312853			
165	y	8	935.44683838	-6.49295139			
165	y	9	1048.53088379	-7.84781551			
165	y	10	1163.55786133	-7.57745790			
165	y	11	1292.60046387	-8.79833698			
165	y	12	1393.64819336	-8.84812641			
165	y	13	1494.69592285	-9.29497433			
165	y	14	1655.74694824	-9.47217560			
165	y	15	1783.80554199	-9.96578407			
165	y	16	1898.83251953	-9.96578407			
165	y	17	2045.90087891	-9.96578407			
165	y	18	2142.95361328	-9.96578407			
165	y	19	2256.03759766	-9.96578407			
165	y	20	2369.12158203	-9.95422173			
166	b	1	114.09129333	-9.91278076			
166	b	2	185.12841797	-5.50631905			
166	b	3	284.19683838	-9.31408978			
166	b	4	398.23977661	-8.74702454			
166	b	5	545.27520752	-8.64431572			
166	b	6	644.34362793	-9.69559479			
166	b	7	741.39642334	-9.96578407			
166	b	8	888.46484375	-9.94103241			
166	b	9	985.51763916	-9.91335201			
166	y	1	175.11891174	-6.65399265			
166	y	2	272.17166138	-6.29993582			
166	y	3	419.24008179	-8.45356941			
166	y	4	516.29284668	-3.47542977			
166	y	5	615.36126709	-6.19679022			
166	y	6	762.39666748	-6.49106932			
166	y	7	876.43957520	-5.40427780			
166	y	8	975.50799561	-7.52499628			
166	y	9	1046.54516602	-8.20119381			
167	b	1	171.07641602	-8.89306736			
167	b	2	270.14483643	-6.57024956			
167	b	3	383.22891235	-8.57124233			
167	b	4	511.32388306	-9.70977402			
167	b	5	658.39233398	-9.22058010			
167	b	6	1272.60925293	-9.17386532			
167	b	7	1385.69335938	-9.10990238			
167	b	8	1500.72033691	-8.42230701			
167	b	9	1660.75109863	-9.96496964			
167	b	10	1761.79882812	-9.93122387			
167	b	11	1898.85778809	-9.84706116			
167	b	12	1995.91052246	-9.86722660			
167	b	13	2094.97900391	-9.96578407			
167	b	14	2224.02148438	-9.94383526			
167	b	15	2387.08471680	-9.93597603			
167	b	16	2444.10620117	-9.86322975			
167	b	17	2557.19018555	-9.90506268			
167	b	18	2670.27416992	-9.96578407			
167	b	19	2785.30102539	-9.93407726			
167	b	20	2856.33813477	-9.93204498			
167	b	21	2927.37524414	-9.92479801			
167	b	22	3041.41821289	-9.93852425			
167	b	23	3188.48657227	-9.94296074			
167	b	24	3317.52905273	-9.96578407			
167	b	25	3445.58764648	-9.93619061			
167	b	26	3592.65600586	-9.96039963			
167	b	27	3705.73999023	-9.96342945			
167	b	28	3833.79858398	-9.95352554			
167	b	29	3962.84106445	-9.96209812			
167	y	1	175.11891174	-7.33986187			
167	y	2	304.16146851	-8.42043304			
167	y	3	432.22006226	-7.58584833			
167	y	4	545.30413818	-7.42812920			
167	y	5	692.37255859	-7.09147501			
167	y	6	820.43115234	-7.00421524			
167	y	7	949.47375488	-7.51711798			
167	y	8	1096.54223633	-7.60672379			
167	y	9	1210.58520508	-7.95483255			
167	y	10	1281.62231445	-9.03563118			
167	y	11	1352.65942383	-9.43794727			
167	y	12	1467.68640137	-8.88799095			
167	y	13	1580.77050781	-9.73531151			
167	y	14	1693.85461426	-9.96578407			
167	y	15	1750.87609863	-9.84797955			
167	y	16	1913.93945312	-9.96578407			
167	y	17	2042.98205566	-9.96578407			
167	y	18	2142.05053711	-9.96578407			
167	y	19	2239.10327148	-9.92464256			
167	y	20	2376.16210938	-9.96311665			
167	y	21	2477.20971680	-9.96148396			
167	y	22	2637.24047852	-9.96578407			
167	y	23	2752.26733398	-9.96578407			
167	y	24	2865.35131836	-9.96578407			
167	y	25	3479.56835938	-9.96578407			
167	y	26	3626.63671875	-9.96578407			
167	y	27	3754.73168945	-9.96567917			
167	y	28	3867.81567383	-9.96578407			
167	y	29	3966.88403320	-9.96578407			
168	b	1	138.06614685	-9.46213722			
168	b	2	239.11383057	-7.44034433			
168	b	3	296.13528442	-9.13871574			
168	b	4	393.18804932	-9.78444004			
168	b	5	450.20950317	-8.83985424			
168	b	6	563.29357910	-6.80317593			
168	b	7	676.37762451	-6.71881580			
168	b	8	763.40966797	-7.49643040			
168	b	9	910.44506836	-7.60049343			
168	b	10	981.48217773	-7.20052910			
168	b	11	1095.52502441	-7.96158123			
168	b	12	1166.56213379	-7.37833118			
168	b	13	1223.58361816	-7.65106821			
168	b	14	1336.66772461	-8.32155800			
168	b	15	1450.71069336	-9.30021477			
168	b	16	1551.75842285	-9.81859779			
168	b	17	1680.80102539	-9.96578407			
168	b	18	1737.82250977	-9.92216396			
168	b	19	1824.85449219	-9.88723278			
168	b	20	1952.91308594	-9.92008018			
168	b	21	2099.98168945	-9.96578407			
168	b	22	2247.05004883	-9.96578407			
168	b	23	2360.13403320	-9.96578407			
168	b	24	2520.16479492	-9.96578407			
168	b	25	2621.21240234	-9.96429348			
168	b	26	2692.24951172	-9.95398617			
168	y	1	147.11276245	-6.86852074			
168	y	2	218.14988708	-7.64397049			
168	y	3	319.19754028	-7.11424589			
168	y	4	479.22824097	-9.94341946			
168	y	5	592.31231689	-9.34028530			
168	y	6	739.38073730	-9.96578407			
168	y	7	886.44915771	-9.79954529			
168	y	8	1014.50775146	-9.96578407			
168	y	9	1101.53979492	-9.68767357			
168	y	10	1158.56127930	-7.97008705			
168	y	11	1287.60388184	-9.41331100			
168	y	12	1388.65161133	-9.54965687			
168	y	13	1502.69458008	-9.76446819			
168	y	14	1615.77868652	-9.96578407			
168	y	15	1672.80017090	-9.11820698			
168	y	16	1743.83728027	-9.96578407			
168	y	17	1857.88024902	-9.96578407			
168	y	18	1928.91735840	-9.96578407			
168	y	19	2075.95263672	-9.96578407			
168	y	20	2162.98461914	-9.96578407			
168	y	21	2276.06860352	-9.96578407			
168	y	22	2389.15258789	-9.96578407			
168	y	23	2446.17407227	-9.96578407			
168	y	24	2543.22680664	-9.96578407			
168	y	25	2600.24829102	-9.95990181			
168	y	26	2701.29589844	-9.96561050			
169	b	1	129.06579590	-9.96578407			
169	b	2	242.14985657	-5.28703213			
169	b	3	341.21826172	-7.31545258			
169	b	4	398.23971558	-8.88278580			
169	b	5	526.29833984	-8.88619423			
169	b	6	613.33038330	-9.44590473			
169	b	7	741.38897705	-8.88542652			
169	b	8	869.44757080	-8.69023323			
169	b	9	940.48468018	-8.67316246			
169	b	10	1103.54797363	-9.55250072			
169	b	11	1231.60656738	-9.96578407			
169	b	12	1360.64916992	-9.94984913			
169	b	13	1431.68627930	-9.96578407			
169	b	14	1578.75476074	-9.96578407			
169	b	15	1707.79736328	-9.96578407			
169	b	16	1820.88146973	-9.96287441			
169	b	17	1907.91345215	-9.94445610			
169	b	18	2036.00842285	-9.96578407			
169	y	1	147.11276245	-7.35682392			
169	y	2	275.20770264	-8.29747105			
169	y	3	362.23971558	-6.57487392			
169	y	4	475.32376099	-7.21610880			
169	y	5	604.36639404	-7.35086060			
169	y	6	751.43481445	-6.62561131			
169	y	7	822.47192383	-6.53896570			
169	y	8	951.51452637	-6.13085842			
169	y	9	1079.57312012	-6.74397850			
169	y	10	1242.63647461	-7.25693274			
169	y	11	1313.67358398	-7.44305658			
169	y	12	1441.73217773	-9.20391560			
169	y	13	1569.79077148	-9.88536549			
169	y	14	1656.82275391	-9.76100254			
169	y	15	1784.88134766	-9.92576885			
169	y	16	1841.90283203	-9.90554047			
169	y	17	1940.97119141	-9.96578407			
169	y	18	2054.05517578	-9.95410061			
170	b	1	88.03926086	-9.94727516			
170	b	2	145.06072998	-9.47733498			
170	b	3	242.11349487	-7.73375797			
170	b	4	389.18191528	-8.14986897			
170	b	5	446.20336914	-8.82071018			
170	b	6	574.26196289	-8.28688526			
170	b	7	687.34600830	-8.68930912			
170	b	8	834.41442871	-9.41370106			
170	b	9	990.51556396	-8.32699585			
170	b	10	1087.56823730	-9.72416019			
170	b	11	1253.64245605	-9.02589035			
170	b	12	1367.68542480	-8.32646084			
170	b	13	1514.75378418	-8.48423100			
170	b	14	1627.83789062	-8.99137497			
170	b	15	1740.92199707	-9.55008411			
170	b	16	1797.94348145	-9.81554413			
170	b	17	1926.00207520	-9.95944214			
170	b	18	2013.03405762	-9.96578407			
170	b	19	2070.05566406	-9.96174431			
170	b	20	2141.09277344	-9.91945267			
170	b	21	2198.11425781	-9.96578407			
170	b	22	2312.15722656	-9.93239594			
170	b	23	2426.20019531	-9.93091393			
170	b	24	2612.27954102	-9.96578407			
170	b	25	2683.31665039	-9.96578407			
170	y	1	147.11276245	-7.40651703			
170	y	2	218.14988708	-8.00964355			
170	y	3	404.22918701	-8.21947289			
170	y	4	518.27215576	-8.66173363			
170	y	5	632.31506348	-9.38699913			
170	y	6	689.33654785	-7.66400433			
170	y	7	760.37365723	-8.37688828			
170	y	8	817.39514160	-7.17343903			
170	y	9	904.42718506	-6.27328539			
170	y	10	1032.48571777	-8.27558327			
170	y	11	1089.50720215	-5.47691822			
170	y	12	1202.59130859	-6.16375446			
170	y	13	1315.67541504	-8.14397430			
170	y	14	1462.74389648	-9.43130970			
170	y	15	1576.78686523	-9.66997910			
170	y	16	1742.86108398	-9.96578407			
170	y	17	1839.91381836	-9.77400303			
170	y	18	1996.01489258	-9.96578407			
170	y	19	2143.08325195	-9.86506367			
170	y	20	2256.16723633	-9.96578407			
170	y	21	2384.22583008	-9.96578407			
170	y	22	2441.24731445	-9.96408749			
170	y	23	2588.31567383	-9.94818687			
170	y	24	2685.36840820	-9.96578407			
170	y	25	2742.38989258	-9.96578407			
171	b	1	130.04981995	-9.04628563			
171	b	2	245.07675171	-7.29715204			
171	b	3	332.10879517	-7.57327700			
171	b	4	463.14926147	-9.18317413			
171	b	5	578.17620850	-8.71862888			
171	b	6	709.21667480	-9.65005207			
171	b	7	780.25378418	-9.57288456			
171	b	8	911.29425049	-9.71697426			
171	b	9	1281.37194824	-9.96578407			
171	b	10	1378.42468262	-9.96578407			
171	b	11	1491.50878906	-9.96578407			
171	b	12	1647.60986328	-9.83899021			
171	b	13	1744.66259766	-9.96578407			
171	b	14	1872.72119141	-9.96578407			
171	b	15	1986.76416016	-9.95855522			
171	b	16	2149.82763672	-9.96578407			
171	b	17	2262.91162109	-9.96578407			
171	b	18	2409.97998047	-9.96578407			
171	b	19	2467.00146484	-9.96578407			
171	b	20	2627.03222656	-9.95872974			
171	b	21	2756.07470703	-9.93523979			
171	b	22	2869.15869141	-9.94306755			
171	y	1	147.11276245	-6.96568394			
171	y	2	260.19680786	-6.91814709			
171	y	3	389.23941040	-9.08640671			
171	y	4	549.27014160	-9.89429092			
171	y	5	606.29162598	-8.61841583			
171	y	6	753.36004639	-9.96578407			
171	y	7	866.44409180	-9.96578407			
171	y	8	1029.50744629	-9.71240044			
171	y	9	1143.55041504	-9.96578407			
171	y	10	1271.60900879	-9.96578407			
171	y	11	1368.66174316	-9.92428207			
171	y	12	1524.76281738	-9.96578407			
171	y	13	1637.84692383	-9.96578407			
171	y	14	1734.89965820	-9.84407711			
171	y	15	2104.97729492	-9.96578407			
171	y	16	2236.01782227	-9.96578407			
171	y	17	2307.05493164	-9.96012783			
171	y	18	2438.09545898	-9.96578407			
171	y	19	2553.12231445	-9.96578407			
171	y	20	2684.16284180	-9.94815254			
171	y	21	2771.19482422	-9.95727539			
171	y	22	2886.22167969	-9.96272469			
172	b	1	148.07565308	-9.96578407			
172	b	2	261.15969849	-5.99470997			
172	b	3	376.18661499	-9.07746983			
172	b	4	433.20806885	-9.32848358			
172	b	5	546.29217529	-9.91811848			
172	b	6	709.35552979	-9.93386269			
172	b	7	808.42395020	-9.62609959			
172	b	8	895.45599365	-9.49952602			
172	b	9	1024.49853516	-9.89555645			
172	y	1	147.11276245	-6.11909103			
172	y	2	276.15533447	-8.90627003			
172	y	3	363.18734741	-5.66030502			
172	y	4	462.25576782	-6.74091387			
172	y	5	625.31909180	-5.76406479			
172	y	6	738.40313721	-8.02957726			
172	y	7	795.42462158	-6.31610298			
172	y	8	910.45153809	-4.61556673			
172	y	9	1023.53558350	-8.24328136			
173	b	1	86.06001282	-8.58106422			
173	b	2	214.11859131	-3.42754865			
173	b	3	327.20266724	-5.68601656			
173	b	4	474.27108765	-9.28527832			
173	b	5	545.30822754	-9.76040745			
173	b	6	659.35113525	-9.81827831			
173	b	7	760.39880371	-9.86033821			
173	b	8	859.46722412	-9.83647251			
173	b	9	974.49414062	-9.86601543			
173	b	10	1088.53698730	-9.91737366			
173	b	11	1159.57409668	-9.96578407			
173	y	1	175.11891174	-6.56278706			
173	y	2	246.15602112	-9.06741714			
173	y	3	360.19894409	-6.24867868			
173	y	4	475.22589111	-6.23044395			
173	y	5	574.29431152	-7.44094133			
173	y	6	675.34197998	-6.78846312			
173	y	7	789.38488770	-5.32293892			
173	y	8	860.42199707	-4.32172155			
173	y	9	1007.49041748	-3.96953321			
173	y	10	1120.57446289	-4.47878075			
173	y	11	1248.63305664	-9.86475754			
174	b	1	174.05831909	-9.47905636			
174	b	2	273.12673950	-6.14782429			
174	b	3	360.15878296	-8.10446739			
174	b	4	447.19082642	-9.82221031			
174	b	5	518.22796631	-8.96223545			
174	b	6	785.39581299	-9.47933102			
174	b	7	900.42272949	-8.85971928			
174	b	8	1001.47039795	-8.21455956			
174	b	9	1100.53869629	-7.38705206			
174	b	10	1171.57580566	-7.83484364			
174	b	11	1272.62353516	-9.02624607			
174	b	12	1400.68212891	-8.62143993			
174	b	13	1513.76623535	-9.81439972			
174	b	14	1600.79821777	-9.89587498			
174	b	15	1729.84082031	-9.96578407			
174	b	16	1800.87792969	-9.93838692			
174	b	17	1899.94628906	-9.93583584			
174	b	18	2014.97326660	-9.96578407			
174	b	19	2086.01049805	-9.96578407			
174	b	20	2187.05810547	-9.96578407			
174	y	1	175.11891174	-6.99337149			
174	y	2	276.16656494	-8.90825367			
174	y	3	347.20367432	-5.98383522			
174	y	4	462.23062134	-6.73447514			
174	y	5	561.29907227	-6.83446646			
174	y	6	632.33618164	-5.45844889			
174	y	7	761.37878418	-6.31379938			
174	y	8	848.41082764	-4.12349463			
174	y	9	961.49487305	-5.76453733			
174	y	10	1089.55346680	-7.29384279			
174	y	11	1190.60119629	-8.38382721			
174	y	12	1261.63830566	-8.36401939			
174	y	13	1360.70666504	-9.96578407			
174	y	14	1461.75439453	-9.85603905			
174	y	15	1576.78137207	-9.68624592			
174	y	16	1843.94921875	-9.89656448			
174	y	17	1914.98632812	-9.96578407			
174	y	18	2002.01831055	-9.96578407			
174	y	19	2089.05029297	-9.96578407			
174	y	20	2188.11865234	-9.96373463			
175	b	1	114.09129333	-9.95705032			
175	b	2	243.13388062	-4.65417099			
175	b	3	342.20230103	-5.60643101			
175	b	4	455.28634644	-8.77396011			
175	b	5	584.32897949	-7.53163147			
175	b	6	697.41302490	-9.17887211			
175	b	7	844.44842529	-9.76604843			
175	b	8	931.48046875	-9.89320374			
175	b	9	1046.50732422	-9.96578407			
175	b	10	1202.60839844	-9.91997051			
175	b	11	1259.62988281	-9.89524078			
175	b	12	1360.67761230	-9.63169384			
175	b	13	1417.69909668	-8.98943615			
175	y	1	147.11276245	-7.03495073			
175	y	2	204.13423157	-7.30810452			
175	y	3	305.18194580	-9.60076618			
175	y	4	362.20339966	-8.90093136			
175	y	5	518.30450439	-7.12105656			
175	y	6	633.33148193	-8.32994652			
175	y	7	720.36352539	-6.07348251			
175	y	8	867.39892578	-5.52504539			
175	y	9	980.48297119	-5.08186245			
175	y	10	1109.52551270	-5.08249187			
175	y	11	1222.60961914	-6.10512209			
175	y	12	1321.67797852	-7.46098995			
175	y	13	1450.72058105	-9.64659309			
176	b	1	114.09129333	-9.91228104			
176	b	2	261.15969849	-6.91695642			
176	b	3	360.22811890	-9.96578407			
176	b	4	417.24957275	-9.82255173			
176	b	5	504.28158569	-9.40523720			
176	b	6	617.36566162	-9.96578407			
176	b	7	843.53381348	-9.96578407			
176	b	8	972.57641602	-9.96578407			
176	b	9	1087.60327148	-9.93519878			
176	b	10	1188.65100098	-9.94055367			
176	b	11	1317.69360352	-9.93289661			
176	b	12	1446.73620605	-9.95113564			
176	b	13	1583.79516602	-9.96370029			
176	b	14	1720.85412598	-9.95274925			
176	b	15	1833.93823242	-9.94501305			
176	y	1	175.11891174	-5.27003717			
176	y	2	288.20297241	-5.15153885			
176	y	3	425.26187134	-4.91249847			
176	y	4	562.32080078	-5.82216072			
176	y	5	691.36340332	-6.58109617			
176	y	6	820.40600586	-8.00355816			
176	y	7	921.45367432	-8.65377617			
176	y	8	1036.48059082	-8.51902294			
176	y	9	1165.52319336	-8.14280987			
176	y	10	1391.69140625	-9.44217873			
176	y	11	1504.77551270	-9.96578407			
176	y	12	1591.80749512	-9.96578407			
176	y	13	1648.82897949	-9.91499424			
176	y	14	1747.89733887	-9.96578407			
176	y	15	1894.96582031	-9.96578407			
177	b	1	102.05490875	-9.05600548			
177	b	2	230.14987183	-6.56643963			
177	b	3	327.20263672	-9.66165543			
177	b	4	490.26596069	-8.05949783			
177	b	5	589.33441162	-7.64505053			
177	b	6	731.40869141	-6.67537880			
177	b	7	830.47711182	-9.02704144			
177	b	8	945.50402832	-7.26448774			
177	b	9	1058.58801270	-9.96578407			
177	b	10	1115.60949707	-9.96578407			
177	b	11	1172.63098145	-9.96578407			
177	b	12	1229.65246582	-9.94878292			
177	b	13	1357.71105957	-9.93516445			
177	b	14	1458.75878906	-9.96578407			
177	y	1	147.11276245	-6.38646507			
177	y	2	248.16044617	-6.88783693			
177	y	3	376.21902466	-9.45967960			
177	y	4	433.24047852	-7.69520760			
177	y	5	490.26193237	-6.42549276			
177	y	6	547.28344727	-4.46335840			
177	y	7	660.36749268	-5.47744751			
177	y	8	775.39440918	-4.69925785			
177	y	9	874.46282959	-6.28008032			
177	y	10	1016.53710938	-8.73480988			
177	y	11	1115.60546875	-9.39045906			
177	y	12	1278.66882324	-9.92119122			
177	y	13	1375.72155762	-9.96578407			
177	y	14	1503.81652832	-9.96578407			
178	b	1	114.05496216	-9.44650650			
178	b	2	227.13902283	-4.86349154			
178	b	3	314.17105103	-8.83164024			
178	b	4	429.19799805	-9.21302032			
178	b	5	592.26135254	-9.80492401			
178	b	6	706.30426025	-9.81661701			
178	b	7	819.38830566	-9.65550709			
178	b	8	947.44689941	-9.91192913			
178	y	1	147.11276245	-6.04740620			
178	y	2	275.17132568	-6.35242653			
178	y	3	388.25540161	-6.83230591			
178	y	4	502.29833984	-6.72304106			
178	y	5	665.36169434	-5.76341486			
178	y	6	780.38861084	-6.63765574			
178	y	7	867.42065430	-4.12466812			
178	y	8	980.50469971	-9.96578407			
179	b	1	100.07564545	-9.94261456			
179	b	2	187.10766602	-6.33608580			
179	b	3	334.17608643	-8.96631622			
179	b	4	463.21865845	-6.92991686			
179	b	5	576.30273438	-8.93548107			
179	b	6	723.37115479	-9.72347450			
179	b	7	794.40826416	-9.72689915			
179	b	8	909.43518066	-9.66329575			
179	b	9	1037.53002930	-9.08713245			
179	b	10	1150.61413574	-7.09257269			
179	b	11	1247.66687012	-9.96133804			
179	y	1	147.11276245	-6.13117743			
179	y	2	244.16552734	-4.28940392			
179	y	3	357.24957275	-7.39062262			
179	y	4	485.34451294	-6.78672075			
179	y	5	600.37145996	-7.99840403			
179	y	6	671.40856934	-6.02879667			
179	y	7	818.47698975	-4.83078098			
179	y	8	931.56103516	-5.45105505			
179	y	9	1060.60363770	-6.18653822			
179	y	10	1207.67211914	-8.55312634			
179	y	11	1294.70410156	-9.23413277			
180	b	1	102.05490875	-8.74252987			
180	b	2	215.13897705	-4.88681650			
180	b	3	316.18664551	-7.10873652			
180	b	4	429.27072144	-9.67119980			
180	b	5	557.36572266	-9.02285480			
180	b	6	656.43414307	-8.46239376			
180	b	7	785.47674561	-6.85056400			
180	b	8	882.52947998	-9.96578407			
180	b	9	969.56152344	-9.80020809			
180	b	10	1084.58837891	-9.02095222			
180	b	11	1185.63610840	-9.32800388			
180	b	12	1298.72021484	-9.80065060			
180	b	13	1427.76281738	-9.92792702			
180	b	14	1541.80578613	-9.96578407			
180	b	15	1654.88989258	-9.95078182			
180	b	16	1782.98486328	-9.96578407			
180	b	17	1854.02197266	-9.96578407			
180	y	1	147.11276245	-7.64846134			
180	y	2	218.14988708	-7.11030865			
180	y	3	346.24484253	-7.67940521			
180	y	4	459.32888794	-9.22476959			
180	y	5	573.37182617	-7.03281593			
180	y	6	702.41442871	-5.92096519			
180	y	7	815.49847412	-7.57503366			
180	y	8	916.54614258	-7.36180735			
180	y	9	1031.57299805	-8.07584476			
180	y	10	1118.60510254	-7.85933113			
180	y	11	1215.65783691	-6.30054474			
180	y	12	1344.70043945	-8.93865967			
180	y	13	1443.76879883	-9.38632965			
180	y	14	1571.86376953	-9.89860249			
180	y	15	1684.94787598	-9.96578407			
180	y	16	1785.99560547	-9.96578407			
180	y	17	1899.07971191	-9.95989895			
181	b	1	100.07564545	-9.90004158			
181	b	2	247.14407349	-6.07310057			
181	b	3	375.20266724	-6.17010069			
181	b	4	446.23977661	-7.75663805			
181	b	5	547.28747559	-9.03458118			
181	b	6	646.35589600	-9.02494907			
181	b	7	745.42431641	-9.96578407			
181	b	8	816.46142578	-9.82727337			
181	b	9	915.52984619	-9.96578407			
181	b	10	972.55133057	-9.94637585			
181	b	11	1059.58325195	-9.96578407			
181	b	12	1116.60473633	-9.96578407			
181	b	13	1203.63671875	-9.96578407			
181	y	1	147.11276245	-6.68666363			
181	y	2	234.14479065	-8.51892281			
181	y	3	291.16622925	-7.83209515			
181	y	4	378.19827271	-7.67958832			
181	y	5	435.21972656	-5.42967749			
181	y	6	534.28814697	-6.03352928			
181	y	7	605.32525635	-5.14463902			
181	y	8	704.39367676	-5.14049864			
181	y	9	803.46209717	-6.26479435			
181	y	10	904.50976562	-5.97951174			
181	y	11	975.54687500	-6.41400337			
181	y	12	1103.60546875	-7.28227806			
181	y	13	1250.67382812	-9.21873283			
182	b	1	171.11279297	-7.39007378			
182	b	2	318.14816284	-8.34576416			
182	b	3	417.21658325	-8.19868851			
182	b	4	530.30065918	-8.08406067			
182	b	5	644.34356689	-8.69786930			
182	b	6	781.40246582	-7.65685606			
182	b	7	894.48651123	-8.72047424			
182	b	8	1023.52911377	-8.24800682			
182	b	9	1151.62402344	-9.06242847			
182	b	10	1264.70812988	-9.29810715			
182	b	11	1411.77648926	-9.69492817			
182	b	12	1510.84484863	-9.49475765			
182	b	13	1611.89257812	-9.96578407			
182	b	14	1725.93554688	-9.96578407			
182	b	15	1840.96252441	-9.96578407			
182	b	16	1911.99963379	-9.96578407			
182	b	17	1983.03674316	-9.96578407			
182	b	18	2084.08447266	-9.96578407			
182	b	19	2197.16845703	-9.96578407			
182	b	20	2310.25244141	-9.93222523			
182	y	1	175.11891174	-6.72280169			
182	y	2	288.20297241	-8.16161442			
182	y	3	401.28701782	-8.87632179			
182	y	4	502.33468628	-7.89102316			
182	y	5	573.37182617	-7.99579334			
182	y	6	644.40893555	-6.54488516			
182	y	7	759.43585205	-7.16550922			
182	y	8	873.47875977	-6.58499384			
182	y	9	974.52642822	-5.80485821			
182	y	10	1073.59484863	-7.09306288			
182	y	11	1220.66333008	-7.53573895			
182	y	12	1333.74743652	-8.55516434			
182	y	13	1461.84240723	-9.38910198			
182	y	14	1590.88500977	-9.59621334			
182	y	15	1703.96911621	-9.80449009			
182	y	16	1841.02807617	-9.96578407			
182	y	17	1955.07104492	-9.96578407			
182	y	18	2068.15502930	-9.94129181			
182	y	19	2167.22338867	-9.96267700			
182	y	20	2314.25878906	-9.96578407			
183	b	1	130.04981995	-9.40859699			
183	b	2	229.11822510	-7.31878567			
183	b	3	344.14517212	-8.12912369			
183	b	4	473.18777466	-8.62208366			
183	b	5	544.22491455	-8.13066387			
183	b	6	707.28826904	-8.72403240			
183	b	7	854.32366943	-9.57486534			
183	b	8	968.36657715	-9.44244003			
183	b	9	1096.46142578	-9.10150719			
183	b	10	1195.52978516	-9.42159748			
183	b	11	1324.57238770	-9.21850967			
183	b	12	1437.65649414	-9.34144402			
183	b	13	1494.67797852	-9.74438858			
183	b	14	1581.70996094	-9.96578407			
183	b	15	1737.81103516	-9.96578407			
183	b	16	1850.89514160	-9.93060493			
183	b	17	1979.93774414	-9.94258118			
183	b	18	2036.95922852	-9.96276188			
183	b	19	2150.04345703	-9.91879082			
183	b	20	2251.09106445	-9.96578407			
183	b	21	2366.11791992	-9.95416451			
183	b	22	2495.16040039	-9.94542313			
183	b	23	2608.24438477	-9.95924854			
183	b	24	2722.28735352	-9.94438934			
183	b	25	2869.35571289	-9.94024658			
183	b	26	2982.43969727	-9.96578407			
183	y	1	175.11891174	-7.63727188			
183	y	2	288.20297241	-9.06425762			
183	y	3	435.27139282	-9.14263344			
183	y	4	549.31433105	-8.50203037			
183	y	5	662.39837646	-8.71648121			
183	y	6	791.44097900	-7.42406368			
183	y	7	906.46789551	-8.24924946			
183	y	8	1007.51556396	-7.41622162			
183	y	9	1120.59960938	-8.75418472			
183	y	10	1177.62109375	-7.75630093			
183	y	11	1306.66369629	-8.45480251			
183	y	12	1419.74780273	-9.12808990			
183	y	13	1575.84887695	-9.78278255			
183	y	14	1662.88085938	-9.81134796			
183	y	15	1719.90234375	-9.56376076			
183	y	16	1832.98645020	-9.92971516			
183	y	17	1962.02905273	-9.84195423			
183	y	18	2061.09741211	-9.96578407			
183	y	19	2189.19238281	-9.96578407			
183	y	20	2303.23535156	-9.90730286			
183	y	21	2450.27075195	-9.89097309			
183	y	22	2613.33398438	-9.96578407			
183	y	23	2684.37109375	-9.96578407			
183	y	24	2813.41357422	-9.96578407			
183	y	25	2928.44042969	-9.96578407			
183	y	26	3027.50878906	-9.96245766			
184	b	1	116.03417206	-9.83860493			
184	b	2	203.06619263	-8.93917751			
184	b	3	363.09689331	-9.96578407			
184	b	4	478.12384033	-9.96578407			
184	b	5	607.16644287	-9.96578407			
184	b	6	720.25048828	-9.82741547			
184	b	7	833.33453369	-9.55950546			
184	b	8	930.38726807	-9.95045662			
184	b	9	1059.42980957	-9.96578407			
184	b	10	1222.49316406	-9.96578407			
184	b	11	1335.57727051	-9.96578407			
184	b	12	1449.62023926	-9.96578407			
184	b	13	1596.68859863	-9.96578407			
184	b	14	1709.77270508	-9.95397854			
184	b	15	1846.83166504	-9.96578407			
184	b	16	1903.85314941	-9.91915512			
184	b	17	2002.92150879	-9.89145851			
184	b	18	2101.98999023	-9.89575672			
184	b	19	2217.01684570	-9.95890427			
184	b	20	2304.04882812	-9.96578407			
184	b	21	2433.09130859	-9.93945599			
184	b	22	2548.11816406	-9.95394135			
184	b	23	2661.20214844	-9.96578407			
184	b	24	2758.25488281	-9.96578407			
184	b	25	2871.33886719	-9.95702744			
184	b	26	2985.38183594	-9.93601894			
184	b	27	3098.46582031	-9.96578407			
184	b	28	3185.49780273	-9.95984554			
184	y	1	175.11891174	-7.07737112			
184	y	2	262.15093994	-8.15206814			
184	y	3	375.23498535	-8.97103500			
184	y	4	489.27792358	-8.21144009			
184	y	5	602.36199951	-9.27094555			
184	y	6	699.41479492	-5.43315697			
184	y	7	812.49884033	-6.98657227			
184	y	8	927.52575684	-7.53280926			
184	y	9	1056.56835938	-8.00229645			
184	y	10	1143.60034180	-7.30951786			
184	y	11	1258.62731934	-7.07384682			
184	y	12	1357.69567871	-7.24941921			
184	y	13	1456.76403809	-9.05606651			
184	y	14	1513.78552246	-8.14449501			
184	y	15	1650.84448242	-8.96276188			
184	y	16	1763.92858887	-9.70101547			
184	y	17	1910.99707031	-9.87371922			
184	y	18	2025.04003906	-9.96578407			
184	y	19	2138.12402344	-9.96578407			
184	y	20	2301.18725586	-9.92200756			
184	y	21	2430.22973633	-9.95757008			
184	y	22	2527.28247070	-9.90043926			
184	y	23	2640.36645508	-9.96578407			
184	y	24	2753.45043945	-9.96578407			
184	y	25	2882.49291992	-9.94253254			
184	y	26	2997.51977539	-9.96578407			
184	y	27	3157.55053711	-9.96506786			
184	y	28	3244.58251953	-9.96356010			
185	b	1	190.05322266	-9.96578407			
185	b	2	247.07469177	-7.06575346			
185	b	3	360.15875244	-6.75950193			
185	b	4	488.21731567	-7.69100380			
185	b	5	575.24938965	-9.03597069			
185	b	6	704.29199219	-8.65850163			
185	b	7	851.36041260	-8.49816990			
185	b	8	998.42883301	-8.67096424			
185	b	9	1111.51281738	-9.39497757			
185	b	10	1225.55578613	-9.87452793			
185	b	11	1326.60351562	-9.96578407			
185	b	12	1427.65124512	-9.96578407			
185	b	13	1583.75231934	-9.45483303			
185	b	14	1654.78942871	-9.60237026			
185	b	15	1711.81091309	-8.78472996			
185	b	16	1808.86364746	-9.92276192			
185	b	17	1865.88513184	-9.96578407			
185	b	18	1966.93286133	-9.90252113			
185	b	19	2080.01708984	-9.93003178			
185	b	20	2167.04907227	-9.96315575			
185	b	21	2266.11743164	-9.94234562			
185	b	22	2367.16503906	-9.96046352			
185	b	23	2480.24902344	-9.96386051			
185	b	24	2609.29150391	-9.96578407			
185	b	25	2666.31298828	-9.88881874			
185	b	26	2763.36572266	-9.96578407			
185	b	27	2850.39770508	-9.96578407			
185	y	1	147.11276245	-7.32243729			
185	y	2	234.14479065	-8.87648678			
185	y	3	331.19754028	-8.00939846			
185	y	4	388.21899414	-6.78131723			
185	y	5	517.26159668	-7.45385361			
185	y	6	630.34564209	-7.90018511			
185	y	7	731.39331055	-7.06246424			
185	y	8	830.46173096	-8.48406792			
185	y	9	917.49377441	-7.11584854			
185	y	10	1030.57775879	-8.63657951			
185	y	11	1131.62548828	-9.50485420			
185	y	12	1188.64697266	-8.72679710			
185	y	13	1285.69970703	-7.59942627			
185	y	14	1342.72119141	-8.02812767			
185	y	15	1413.75830078	-9.16366100			
185	y	16	1569.85937500	-9.63667488			
185	y	17	1670.90710449	-9.76104069			
185	y	18	1771.95483398	-9.95285511			
185	y	19	1885.99780273	-9.79626083			
185	y	20	1999.08190918	-9.93699169			
185	y	21	2146.15039062	-9.96578407			
185	y	22	2293.21875000	-9.94019127			
185	y	23	2422.26123047	-9.95084667			
185	y	24	2509.29321289	-9.96578407			
185	y	25	2637.35180664	-9.95446491			
185	y	26	2750.43579102	-9.96578407			
185	y	27	2807.45727539	-9.96480179			
186	b	1	172.06042480	-9.66239452			
186	b	2	243.09753418	-6.01013947			
186	b	3	390.13290405	-9.07796764			
186	b	4	518.19152832	-9.96578407			
186	b	5	605.22357178	-9.94536018			
186	b	6	718.30761719	-9.95013142			
186	b	7	832.35052490	-9.96578407			
186	b	8	947.37744141	-9.96578407			
186	y	1	175.11891174	-4.80690193			
186	y	2	290.14584351	-7.98395824			
186	y	3	404.18878174	-5.19023657			
186	y	4	517.27288818	-5.64062548			
186	y	5	604.30493164	-3.90077186			
186	y	6	732.36352539	-4.62038374			
186	y	7	879.39892578	-6.19969702			
186	y	8	950.43603516	-8.87237453			
187	b	1	114.05494690	-9.95447445			
187	b	2	242.14990234	-6.89657545			
187	b	3	389.18527222	-7.51021671			
187	b	4	502.26931763	-8.30256557			
187	b	5	631.31195068	-8.46108627			
187	b	6	760.35455322	-8.57591152			
187	b	7	874.39746094	-8.44302368			
187	b	8	975.44512939	-8.77134705			
187	b	9	1089.48803711	-7.90613842			
187	b	10	1202.57214355	-8.22540474			
187	b	11	1315.65625000	-8.96576500			
187	b	12	1443.75122070	-9.85186577			
187	b	13	1590.81970215	-9.96578407			
187	b	14	1647.84118652	-9.96578407			
187	b	15	1810.90454102	-9.84462357			
187	b	16	1938.96313477	-9.96578407			
187	b	17	2086.03173828	-9.96578407			
187	b	18	2187.07934570	-9.95631981			
187	b	19	2315.13793945	-9.96578407			
187	b	20	2443.19653320	-9.96578407			
187	b	21	2500.21801758	-9.96578407			
187	b	22	2597.27075195	-9.96578407			
187	y	1	175.11891174	-8.64712238			
187	y	2	272.17166138	-8.43270397			
187	y	3	329.19311523	-6.61781645			
187	y	4	457.25167847	-6.81753159			
187	y	5	585.31030273	-6.55741692			
187	y	6	686.35797119	-5.84629440			
187	y	7	833.42639160	-6.50771189			
187	y	8	961.48498535	-7.34390831			
187	y	9	1124.54833984	-9.09865475			
187	y	10	1181.56982422	-7.57528162			
187	y	11	1328.63818359	-8.34443092			
187	y	12	1456.73315430	-9.39065075			
187	y	13	1569.81726074	-9.88405704			
187	y	14	1682.90136719	-9.92228127			
187	y	15	1796.94433594	-9.90905762			
187	y	16	1897.99206543	-9.96518421			
187	y	17	2012.03503418	-9.94289875			
187	y	18	2141.07763672	-9.96578407			
187	y	19	2270.12011719	-9.96578407			
187	y	20	2383.20410156	-9.96578407			
187	y	21	2530.23950195	-9.96578407			
187	y	22	2658.33447266	-9.96150112			
188	b	1	262.08551025	-9.45655727			
188	b	2	363.13317871	-6.35491800			
188	b	3	462.20159912	-8.81336880			
188	b	4	519.22308350	-9.00943661			
188	b	5	679.25378418	-9.47108650			
188	b	6	778.32220459	-9.68783092			
188	b	7	849.35931396	-9.82758236			
188	b	8	906.38079834	-9.16255665			
188	b	9	1021.40771484	-9.87413025			
188	b	10	1150.45019531	-9.96578407			
188	b	11	1279.49279785	-9.73971653			
188	b	12	1366.52478027	-9.96578407			
188	b	13	1529.58813477	-9.95083332			
188	b	14	1658.63073730	-9.94298267			
188	b	15	1757.69909668	-9.96578407			
188	b	16	1904.76745605	-9.96578407			
188	b	17	2032.86242676	-9.96578407			
188	b	18	2147.88940430	-9.96578407			
188	b	19	2260.97338867	-9.96578407			
188	b	20	2408.04174805	-9.96578407			
188	b	21	2523.06860352	-9.96578407			
188	b	22	2620.12133789	-9.96578407			
188	b	23	2733.20532227	-9.96578407			
188	b	24	2846.28930664	-9.92444420			
188	b	25	2975.33178711	-9.96578407			
188	b	26	3090.35864258	-9.96578407			
188	y	1	175.11891174	-6.38606215			
188	y	2	290.14584351	-7.32867575			
188	y	3	419.18844604	-7.73980522			
188	y	4	532.27252197	-7.49378109			
188	y	5	645.35656738	-9.31499767			
188	y	6	742.40930176	-5.12350893			
188	y	7	857.43621826	-7.19806576			
188	y	8	1004.50463867	-7.68823481			
188	y	9	1117.58874512	-7.84618139			
188	y	10	1232.61572266	-7.38801765			
188	y	11	1360.71069336	-8.31669140			
188	y	12	1507.77905273	-7.99621582			
188	y	13	1606.84741211	-9.39418697			
188	y	14	1735.89001465	-9.68754292			
188	y	15	1898.95336914	-9.88856411			
188	y	16	1985.98535156	-9.88434315			
188	y	17	2115.02783203	-9.96578407			
188	y	18	2244.07031250	-9.96578407			
188	y	19	2359.09716797	-9.92957973			
188	y	20	2416.11865234	-9.95403671			
188	y	21	2487.15576172	-9.90160275			
188	y	22	2586.22412109	-9.96578407			
188	y	23	2746.25488281	-9.96578407			
188	y	24	2803.27636719	-9.96578407			
188	y	25	2902.34472656	-9.96578407			
188	y	26	3003.39233398	-9.95934963			
189	b	1	114.05494690	-9.84123898			
189	b	2	211.10771179	-8.03802490			
189	b	3	268.12918091	-8.68751144			
189	b	4	707.26177979	-7.32371044			
189	b	5	806.33020020	-6.75642490			
189	b	6	905.39862061	-6.58204174			
189	b	7	976.43572998	-7.07963848			
189	b	8	1123.50402832	-6.90746403			
189	b	9	1222.57238770	-6.15395880			
189	b	10	1319.62512207	-9.91492462			
189	b	11	1418.69348145	-8.41670704			
189	b	12	1505.72546387	-9.39944363			
189	b	13	1562.74694824	-8.92841339			
189	b	14	1748.82629395	-9.41769981			
189	b	15	1862.86926270	-9.64258862			
189	b	16	1919.89074707	-9.89348602			
189	b	17	2034.91772461	-9.66517258			
189	b	18	2135.96557617	-9.79201603			
189	b	19	2267.00610352	-9.90570831			
189	b	20	2380.09008789	-9.96578407			
189	b	21	2509.13256836	-9.96578407			
189	b	22	2606.18530273	-9.96578407			
189	b	23	2693.21728516	-9.96578407			
189	b	24	2764.25439453	-9.96578407			
189	b	25	2878.29736328	-9.96578407			
189	b	26	3025.33276367	-9.94515324			
189	b	27	3122.38549805	-9.94291115			
189	b	28	3308.46484375	-9.96578407			
189	b	29	3455.53320312	-9.95601559			
189	y	1	147.11276245	-7.07585907			
189	y	2	294.18118286	-6.77883339			
189	y	3	480.26049805	-8.68249035			
189	y	4	577.31329346	-5.48358631			
189	y	5	724.34869385	-8.12473774			
189	y	6	838.39160156	-7.80518103			
189	y	7	909.42871094	-8.07855892			
189	y	8	996.46075439	-8.12190628			
189	y	9	1093.51354980	-4.50258875			
189	y	10	1222.55615234	-6.44425297			
189	y	11	1335.64025879	-7.26174784			
189	y	12	1466.68078613	-8.89439583			
189	y	13	1567.72851562	-8.75414276			
189	y	14	1682.75549316	-9.80208874			
189	y	15	1739.77697754	-9.35023594			
189	y	16	1853.81994629	-9.67642593			
189	y	17	2039.89929199	-9.96578407			
189	y	18	2096.92065430	-9.92204952			
189	y	19	2183.95263672	-9.96578407			
189	y	20	2283.02099609	-9.96578407			
189	y	21	2380.07373047	-9.94981194			
189	y	22	2479.14208984	-9.96578407			
189	y	23	2626.21044922	-9.96578407			
189	y	24	2697.24755859	-9.94133282			
189	y	25	2796.31591797	-9.96578407			
189	y	26	2895.38427734	-9.96510029			
189	y	27	3334.51684570	-9.96571255			
189	y	28	3391.53833008	-9.96578407			
189	y	29	3488.59106445	-9.95960712			
190	b	1	142.08624268	-9.76924515			
190	b	2	229.11827087	-6.49911976			
190	b	3	316.15029907	-8.95418549			
190	b	4	662.28790283	-9.09839439			
190	b	5	790.38287354	-9.78897190			
190	b	6	905.40979004	-8.49821949			
190	b	7	1006.45745850	-7.66419935			
190	b	8	1105.52575684	-6.88485289			
190	b	9	1176.56286621	-7.41274071			
190	b	10	1277.61059570	-8.34987640			
190	b	11	1405.66918945	-7.48630047			
190	b	12	1518.75329590	-9.57907581			
190	b	13	1605.78527832	-9.87739277			
190	b	14	1734.82788086	-9.94611073			
190	b	15	1805.86499023	-9.76320362			
190	b	16	1904.93334961	-9.95361233			
190	b	17	2019.96032715	-9.96578407			
190	b	18	2090.99755859	-9.96578407			
190	b	19	2192.04516602	-9.96578407			
190	y	1	175.11891174	-6.91167355			
190	y	2	276.16656494	-8.91178036			
190	y	3	347.20367432	-6.05334616			
190	y	4	462.23062134	-6.42796278			
190	y	5	561.29907227	-6.00138330			
190	y	6	632.33618164	-5.13307047			
190	y	7	761.37878418	-5.98410892			
190	y	8	848.41082764	-3.87465405			
190	y	9	961.49487305	-5.63635731			
190	y	10	1089.55346680	-7.92818069			
190	y	11	1190.60119629	-8.84598732			
190	y	12	1261.63830566	-8.60400391			
190	y	13	1360.70666504	-9.96578407			
190	y	14	1461.75439453	-9.90084171			
190	y	15	1576.78137207	-9.75027561			
190	y	16	1704.87634277	-9.96578407			
190	y	17	2051.01391602	-9.96578407			
190	y	18	2138.04589844	-9.96578407			
190	y	19	2225.07788086	-9.95845509			
191	b	1	86.02357483	-9.96578407			
191	b	2	187.07125854	-5.87586737			
191	b	3	244.09272766	-5.96313524			
191	b	4	391.12811279	-8.73078537			
191	b	5	519.18670654	-9.41078186			
191	b	6	632.27075195	-9.62729359			
191	b	7	760.32934570	-9.91037560			
191	b	8	817.35083008	-9.96578407			
191	b	9	980.41412354	-9.96578407			
191	y	1	175.11891174	-5.94363499			
191	y	2	338.18222046	-9.04931831			
191	y	3	395.20367432	-5.16432238			
191	y	4	523.26226807	-4.85218334			
191	y	5	636.34631348	-4.53616905			
191	y	6	764.40490723	-4.30268908			
191	y	7	911.44030762	-7.39197874			
191	y	8	968.46179199	-5.68149042			
191	y	9	1069.50952148	-9.96578407			
192	b	1	114.09129333	-9.96578407			
192	b	2	242.14987183	-4.42900085			
192	b	3	355.23391724	-7.82767963			
192	b	4	484.27651978	-8.50720501			
192	b	5	585.32421875	-9.52775288			
192	b	6	714.36682129	-9.03625298			
192	b	7	861.40222168	-9.19088459			
192	b	8	990.44482422	-9.43681240			
192	b	9	1061.48193359	-9.42560577			
192	b	10	1174.56604004	-9.57928181			
192	b	11	1302.66101074	-9.96044731			
192	b	12	1431.70361328	-9.93143559			
192	b	13	1560.74621582	-9.67716694			
192	b	14	1673.83032227	-9.80552006			
192	b	15	1786.91442871	-9.94043732			
192	b	16	1933.98278809	-9.96578407			
192	b	17	2065.02343750	-9.96578407			
192	b	18	2193.11840820	-9.96578407			
192	y	1	147.11276245	-8.10896873			
192	y	2	275.20770264	-7.00177813			
192	y	3	406.24819946	-6.88574171			
192	y	4	553.31665039	-6.13433552			
192	y	5	666.40069580	-6.84444094			
192	y	6	779.48474121	-8.05260944			
192	y	7	908.52734375	-7.97739887			
192	y	8	1037.56994629	-6.21822309			
192	y	9	1165.66491699	-7.06076002			
192	y	10	1278.74902344	-8.47121525			
192	y	11	1349.78613281	-8.47528934			
192	y	12	1478.82873535	-9.36420155			
192	y	13	1625.86413574	-9.67059898			
192	y	14	1754.90673828	-9.79310513			
192	y	15	1855.95446777	-9.89003944			
192	y	16	1984.99707031	-9.90408707			
192	y	17	2098.08105469	-9.95058727			
192	y	18	2226.13964844	-9.96578407			
193	b	1	100.07564545	-9.96578407			
193	b	2	229.11822510	-5.15134478			
193	b	3	376.15359497	-9.82362080			
193	b	4	477.20126343	-9.91919136			
193	b	5	606.24389648	-9.48463440			
193	b	6	753.31231689	-9.96578407			
193	b	7	882.35491943	-9.92313099			
193	b	8	997.38183594	-9.85023022			
193	b	9	1110.46582031	-9.96578407			
193	b	10	1238.56079102	-9.96578407			
193	b	11	1325.59277344	-9.96308231			
193	b	12	1382.61425781	-9.96578407			
193	b	13	1545.67761230	-9.96578407			
193	y	1	175.11891174	-6.08496714			
193	y	2	338.18222046	-9.51876450			
193	y	3	395.20367432	-8.14072800			
193	y	4	482.23568726	-5.48117256			
193	y	5	610.33068848	-5.73795700			
193	y	6	723.41473389	-7.23446846			
193	y	7	838.44165039	-5.98216105			
193	y	8	967.48425293	-6.35606337			
193	y	9	1114.55273438	-7.17824316			
193	y	10	1243.59533691	-8.27364445			
193	y	11	1344.64306641	-9.23699951			
193	y	12	1491.67846680	-9.96578407			
193	y	13	1620.72106934	-9.94862270			
194	b	1	72.04434967	-9.77985477			
194	b	2	185.12841797	-5.40907192			
194	b	3	314.17098999	-8.09290791			
194	b	4	397.20806885	-7.66596317			
194	b	5	510.29214478	-8.54551506			
194	b	6	607.34490967	-9.49171162			
194	b	7	720.42895508	-9.96578407			
194	b	8	835.45587158	-9.87784195			
194	b	9	906.49298096	-9.09849167			
194	b	10	1005.56140137	-9.74829578			
194	b	11	1118.64538574	-9.96578407			
194	b	12	1247.68798828	-9.96578407			
194	b	13	1318.72509766	-9.93032455			
194	b	14	1447.76770020	-9.96578407			
194	b	15	1584.82666016	-9.94786930			
194	b	16	1685.87438965	-9.96578407			
194	b	17	1798.95849609	-9.96578407			
194	y	1	175.11891174	-6.95456839			
194	y	2	288.20297241	-9.06063843			
194	y	3	389.25064087	-8.57610703			
194	y	4	526.30957031	-7.36182928			
194	y	5	655.35217285	-7.39230061			
194	y	6	726.38928223	-6.05758095			
194	y	7	855.43188477	-6.08523083			
194	y	8	968.51593018	-5.80024052			
194	y	9	1067.58435059	-8.14332581			
194	y	10	1138.62145996	-8.02886105			
194	y	11	1253.64843750	-7.42238045			
194	y	12	1366.73254395	-9.37216854			
194	y	13	1463.78527832	-9.21538353			
194	y	14	1576.86938477	-9.95903206			
194	y	15	1659.90649414	-9.96387863			
194	y	16	1788.94909668	-9.95519447			
194	y	17	1902.03320312	-9.95942020			
195	b	1	72.04434967	-9.85070324			
195	b	2	235.10766602	-9.47369576			
195	b	3	372.16659546	-7.23365450			
195	b	4	501.20919800	-7.76658869			
195	b	5	629.26782227	-6.91258860			
195	b	6	742.35186768	-6.36333942			
195	b	7	829.38391113	-7.18854570			
195	b	8	928.45233154	-6.56343460			
195	b	9	999.48944092	-6.43001413			
195	b	10	1128.53198242	-5.73498535			
195	b	11	1241.61608887	-6.98495483			
195	b	12	1342.66381836	-8.69316006			
195	b	13	1456.70678711	-9.45831776			
195	b	14	1527.74389648	-9.54102325			
195	b	15	1701.82666016	-9.79297447			
195	b	16	1848.89514160	-9.94559193			
195	b	17	1977.93774414	-9.77721405			
195	b	18	2074.99072266	-9.96578407			
195	b	19	2146.02783203	-9.93995762			
195	b	20	2260.07080078	-9.96578407			
195	b	21	2388.12939453	-9.96578407			
195	b	22	2535.16479492	-9.96578407			
195	b	23	2634.23315430	-9.96578407			
195	y	1	147.11276245	-6.70956230			
195	y	2	246.18116760	-8.26843834			
195	y	3	393.21652222	-7.83288956			
195	y	4	521.27514648	-8.97406864			
195	y	5	635.31805420	-7.44103289			
195	y	6	706.35516357	-8.50013256			
195	y	7	803.40795898	-4.38387012			
195	y	8	932.45056152	-6.84654999			
195	y	9	1079.51904297	-7.02523279			
195	y	10	1253.60180664	-6.56263065			
195	y	11	1324.63891602	-8.31164837			
195	y	12	1438.68188477	-8.37301159			
195	y	13	1539.72961426	-8.69100571			
195	y	14	1652.81372070	-9.75668716			
195	y	15	1781.85632324	-9.89149666			
195	y	16	1852.89343262	-9.82999897			
195	y	17	1951.96179199	-9.96578407			
195	y	18	2038.99377441	-9.96578407			
195	y	19	2152.07788086	-9.96578407			
195	y	20	2280.13647461	-9.96578407			
195	y	21	2409.17895508	-9.96056271			
195	y	22	2546.23779297	-9.96578407			
195	y	23	2709.30102539	-9.96578407			
196	b	1	130.04981995	-9.42716789			
196	b	2	258.14477539	-7.56844997			
196	b	3	371.22885132	-7.71038961			
196	b	4	531.25958252	-9.83744335			
196	b	5	694.32293701	-9.96578407			
196	b	6	807.40698242	-9.96578407			
196	b	7	950.46527100	-9.96578407			
196	b	8	1063.54931641	-9.96578407			
196	b	9	1178.57629395	-9.57519627			
196	b	10	1325.64465332	-9.96578407			
196	b	11	1454.68725586	-9.85235786			
196	b	12	1582.78222656	-9.83364582			
196	b	13	1711.82482910	-9.94969845			
196	b	14	1842.86535645	-9.89463615			
196	b	15	1913.90246582	-9.94797421			
196	b	16	2014.95019531	-9.93266201			
196	b	17	2085.98754883	-9.94618225			
196	b	18	2157.02465820	-9.94944191			
196	b	19	2244.05664062	-9.88533688			
196	b	20	2331.08862305	-9.91188908			
196	b	21	2418.12060547	-9.93632507			
196	b	22	2505.15258789	-9.93322468			
196	b	23	2618.23657227	-9.91094494			
196	b	24	2747.27905273	-9.96302223			
196	y	1	147.11276245	-8.06414890			
196	y	2	276.15533447	-7.62721682			
196	y	3	389.23941040	-8.66545868			
196	y	4	476.27145386	-8.14672661			
196	y	5	563.30352783	-7.75150824			
196	y	6	650.33557129	-7.05843925			
196	y	7	737.36761475	-6.34343052			
196	y	8	808.40472412	-6.23632383			
196	y	9	879.44183350	-6.48057938			
196	y	10	980.48950195	-6.68415213			
196	y	11	1051.52661133	-7.43800211			
196	y	12	1182.56713867	-7.86234188			
196	y	13	1311.60974121	-8.22746086			
196	y	14	1439.70471191	-9.17814922			
196	y	15	1568.74731445	-9.68180847			
196	y	16	1715.81567383	-9.71121502			
196	y	17	1830.84265137	-9.91651440			
196	y	18	1943.92675781	-9.87422085			
196	y	19	2086.98510742	-9.91517448			
196	y	20	2200.06909180	-9.93334675			
196	y	21	2363.13232422	-9.86950207			
196	y	22	2523.16308594	-9.95832443			
196	y	23	2636.24707031	-9.94374084			
196	y	24	2764.34204102	-9.95466805			
197	b	1	858.45648193	-9.90545273			
197	b	2	971.54052734	-5.84780025			
197	b	3	1042.57763672	-7.50799084			
197	b	4	1129.60961914	-7.29184628			
197	b	5	1242.69372559	-8.69418430			
197	b	6	1356.73669434	-7.60638142			
197	b	7	1469.82080078	-5.88701773			
197	b	8	1566.87353516	-9.76068974			
197	b	9	1637.91064453	-8.58987522			
197	b	10	1708.94775391	-7.94234657			
197	b	11	1822.03186035	-9.03576660			
197	b	12	1951.07446289	-9.55119610			
197	b	13	2066.10156250	-8.76969719			
197	b	14	2165.16992188	-9.62293434			
197	b	15	2252.20190430	-9.93515205			
197	b	16	2309.22338867	-9.96578407			
197	b	17	2424.25024414	-9.96578407			
197	b	18	2525.29785156	-9.90563011			
197	b	19	2624.36621094	-9.95425224			
197	b	20	2721.41894531	-9.95322990			
197	b	21	2849.47753906	-9.94781017			
197	b	22	2936.50952148	-9.96434402			
197	b	23	3049.59350586	-9.96578407			
197	b	24	3162.67749023	-9.96578407			
197	b	25	3263.72509766	-9.96578407			
197	y	1	147.11276245	-6.63900805			
197	y	2	248.16044617	-6.77492332			
197	y	3	361.24447632	-7.12712288			
197	y	4	474.32852173	-8.90864277			
197	y	5	561.36059570	-7.84910870			
197	y	6	689.41918945	-9.25641346			
197	y	7	786.47192383	-3.84405732			
197	y	8	885.54034424	-7.61628389			
197	y	9	986.58801270	-7.22222567			
197	y	10	1101.61499023	-8.38812733			
197	y	11	1158.63647461	-6.70972872			
197	y	12	1245.66845703	-6.42157984			
197	y	13	1344.73681641	-8.98661518			
197	y	14	1459.76379395	-8.61606121			
197	y	15	1588.80639648	-9.13552284			
197	y	16	1701.89050293	-9.96578407			
197	y	17	1772.92761230	-9.89955711			
197	y	18	1843.96472168	-9.89105511			
197	y	19	1941.01745605	-9.96578407			
197	y	20	2054.10156250	-9.96578407			
197	y	21	2168.14453125	-9.96578407			
197	y	22	2281.22851562	-9.96578407			
197	y	23	2368.26049805	-9.94511509			
197	y	24	2439.29760742	-9.96247005			
197	y	25	2552.38159180	-9.96578407			
198	b	1	138.06614685	-8.92733288			
198	b	2	266.12472534	-6.01707888			
198	b	3	323.14617920	-9.08831215			
198	b	4	422.21459961	-7.09154510			
198	b	5	569.25000000	-6.79022694			
198	b	6	668.31842041	-7.08073187			
198	b	7	725.33990479	-7.41787338			
198	b	8	872.37530518	-8.04425335			
198	b	9	929.39678955	-8.68171215			
198	b	10	1057.45532227	-7.46663618			
198	b	11	1185.55029297	-9.96578407			
198	b	12	1300.57727051	-9.88999844			
198	b	13	1387.60925293	-9.94164562			
198	b	14	1550.67260742	-9.87086868			
198	b	15	1649.74096680	-9.96578407			
198	b	16	1706.76245117	-9.94712925			
198	b	17	1821.78942871	-9.87794876			
198	b	18	1950.83203125	-9.92660904			
198	b	19	2021.86914062	-9.96578407			
198	b	20	2149.92773438	-9.96247387			
198	b	21	2236.95971680	-9.95164776			
198	y	1	147.11276245	-7.81435966			
198	y	2	234.14479065	-6.52582741			
198	y	3	362.20333862	-8.02664948			
198	y	4	433.24044800	-7.65069723			
198	y	5	562.28308105	-7.28129625			
198	y	6	677.30999756	-8.41090679			
198	y	7	734.33148193	-5.58060932			
198	y	8	833.39990234	-6.51847792			
198	y	9	996.46325684	-7.36564541			
198	y	10	1083.49523926	-6.82524204			
198	y	11	1198.52221680	-6.81204319			
198	y	12	1326.61718750	-8.64475060			
198	y	13	1454.67578125	-9.96578407			
198	y	14	1511.69726562	-9.43809414			
198	y	15	1658.73266602	-9.91075230			
198	y	16	1715.75415039	-9.75373840			
198	y	17	1814.82250977	-9.91220760			
198	y	18	1961.85791016	-9.93683529			
198	y	19	2060.92626953	-9.96578407			
198	y	20	2117.94775391	-9.95764065			
198	y	21	2246.00634766	-9.96578407			
199	b	1	130.04981995	-9.33180809			
199	b	2	243.13388062	-7.44198465			
199	b	3	371.19247437	-8.26156807			
199	b	4	458.22451782	-9.16615772			
199	b	5	586.28314209	-8.62279320			
199	b	6	699.36718750	-8.28432751			
199	b	7	786.39923096	-9.31862354			
199	b	8	857.43634033	-8.91115093			
199	b	9	958.48400879	-9.59926605			
199	b	10	1089.52453613	-9.23543549			
199	b	11	1188.59289551	-9.47490215			
199	b	12	1287.66125488	-9.67979431			
199	b	13	1400.74536133	-9.96578407			
199	b	14	1487.77734375	-9.96578407			
199	b	15	1634.81274414	-9.92765427			
199	b	16	1749.83972168	-9.96578407			
199	b	17	1863.88269043	-9.96578407			
199	b	18	1950.91467285	-9.95301628			
199	y	1	175.11891174	-6.91594887			
199	y	2	262.15093994	-9.44816780			
199	y	3	376.19384766	-6.19766760			
199	y	4	491.22079468	-6.81614971			
199	y	5	638.25622559	-6.05318499			
199	y	6	725.28826904	-4.20356989			
199	y	7	838.37231445	-4.28239632			
199	y	8	937.44073486	-4.90911484			
199	y	9	1036.50915527	-7.85066319			
199	y	10	1167.54968262	-7.95046043			
199	y	11	1268.59741211	-9.14252186			
199	y	12	1339.63452148	-9.72036648			
199	y	13	1426.66650391	-9.54363918			
199	y	14	1539.75061035	-9.96578407			
199	y	15	1667.80920410	-9.96578407			
199	y	16	1754.84118652	-9.93001938			
199	y	17	1882.89978027	-9.96578407			
199	y	18	1995.98388672	-9.96578407			
200	b	1	171.07641602	-8.18696117			
200	b	2	284.16049194	-6.75212049			
200	b	3	447.22381592	-8.33465767			
200	b	4	576.26641846	-8.76410675			
200	b	5	705.30902100	-8.75551891			
200	b	6	834.35162354	-7.66834068			
200	b	7	947.43566895	-6.72981310			
200	b	8	1044.48840332	-9.27949905			
200	b	9	1173.53100586	-8.15010166			
200	b	10	1286.61511230	-9.19948483			
200	b	11	1414.67370605	-9.47213554			
200	b	12	1501.70568848	-9.62669945			
200	b	13	1644.76391602	-9.57973766			
200	b	14	1757.84802246	-9.65517616			
200	b	15	1870.93212891	-9.82004452			
200	b	16	1985.95910645	-9.90154171			
200	b	17	2087.00683594	-9.96578407			
200	b	18	2174.03881836	-9.94922924			
200	b	19	2273.10717773	-9.96578407			
200	b	20	2372.17553711	-9.96578407			
200	b	21	2485.25952148	-9.95363331			
200	b	22	2572.29150391	-9.93646717			
200	b	23	2719.32690430	-9.87920380			
200	b	24	2834.35375977	-9.93204689			
200	b	25	2948.39672852	-9.92766953			
200	b	26	3035.42871094	-9.91086864			
200	y	1	175.11891174	-7.20948219			
200	y	2	262.15093994	-8.84541225			
200	y	3	376.19384766	-6.63304329			
200	y	4	491.22079468	-7.77415466			
200	y	5	638.25622559	-7.23792267			
200	y	6	725.28826904	-5.61129761			
200	y	7	838.37231445	-5.64794350			
200	y	8	937.44073486	-5.69174290			
200	y	9	1036.50915527	-7.67193985			
200	y	10	1123.54113770	-7.25455093			
200	y	11	1224.58886719	-8.50990868			
200	y	12	1339.61584473	-8.30131245			
200	y	13	1452.69995117	-8.87973499			
200	y	14	1565.78405762	-9.56983566			
200	y	15	1708.84228516	-9.80393219			
200	y	16	1795.87426758	-9.77541161			
200	y	17	1923.93286133	-9.96578407			
200	y	18	2037.01696777	-9.96578407			
200	y	19	2166.05957031	-9.92601109			
200	y	20	2263.11230469	-9.91471195			
200	y	21	2376.19628906	-9.96578407			
200	y	22	2505.23876953	-9.96578407			
200	y	23	2634.28125000	-9.96578407			
200	y	24	2763.32373047	-9.96578407			
200	y	25	2926.38696289	-9.94515610			
200	y	26	3039.47094727	-9.95877552			
201	b	1	100.07564545	-9.96294594			
201	b	2	231.11611938	-5.84120512			
201	b	3	360.15872192	-5.88839436			
201	b	4	459.22714233	-8.36483860			
201	b	5	516.24865723	-9.51762772			
201	b	6	603.28070068	-9.59307384			
201	b	7	731.37567139	-8.69592571			
201	b	8	844.45971680	-7.75520611			
201	b	9	1007.52301025	-7.77435589			
201	b	10	1106.59130859	-8.19343281			
201	b	11	1221.61828613	-9.27248383			
201	b	12	1336.64526367	-9.79647350			
201	b	13	1393.66674805	-9.04572487			
201	b	14	1506.75085449	-9.95663166			
201	b	15	1619.83496094	-9.96578407			
201	b	16	1706.86694336	-9.96578407			
201	b	17	1819.95104980	-9.94760132			
201	b	18	1948.00964355	-9.96578407			
201	b	19	2047.07800293	-9.96578407			
201	y	1	147.11276245	-6.85131359			
201	y	2	246.18116760	-7.15601826			
201	y	3	374.23971558	-7.34962130			
201	y	4	487.32376099	-7.65436935			
201	y	5	574.35583496	-6.22717667			
201	y	6	687.43988037	-6.64237881			
201	y	7	800.52392578	-8.79346561			
201	y	8	857.54541016	-7.49664783			
201	y	9	972.57232666	-7.28948832			
201	y	10	1087.59924316	-6.14477444			
201	y	11	1186.66760254	-7.90264893			
201	y	12	1349.73095703	-8.00301933			
201	y	13	1462.81506348	-8.99260807			
201	y	14	1590.91003418	-9.96578407			
201	y	15	1677.94201660	-9.96578407			
201	y	16	1734.96350098	-9.83755970			
201	y	17	1834.03186035	-9.96578407			
201	y	18	1963.07446289	-9.96578407			
201	y	19	2094.11499023	-9.96382809			
202	b	1	130.04981995	-9.22039890			
202	b	2	229.11822510	-6.58550882			
202	b	3	300.15533447	-7.43412638			
202	b	4	371.19244385	-7.28740931			
202	b	5	518.26092529	-8.17205715			
202	b	6	589.29803467	-8.23245811			
202	b	7	717.35662842	-8.37808323			
202	b	8	864.42504883	-9.18116093			
202	b	9	921.44653320	-9.66909027			
202	b	10	1008.47857666	-9.62221241			
202	b	11	1123.50549316	-8.80719662			
202	b	12	1236.58959961	-9.48765755			
202	b	13	1350.63256836	-9.61411572			
202	b	14	1421.66967773	-9.70284748			
202	b	15	1518.72241211	-9.96578407			
202	b	16	1619.77014160	-9.96578407			
202	b	17	1747.82873535	-9.96578407			
202	b	18	1875.88732910	-9.96578407			
202	b	19	1988.97143555	-9.96578407			
202	b	20	2102.05566406	-9.96578407			
202	b	21	2189.08764648	-9.96578407			
202	y	1	175.11891174	-6.93809414			
202	y	2	262.15093994	-6.62077236			
202	y	3	375.23498535	-6.44684076			
202	y	4	488.31906128	-7.33996248			
202	y	5	616.37768555	-7.00467443			
202	y	6	744.43627930	-7.14688349			
202	y	7	845.48394775	-7.16058731			
202	y	8	942.53674316	-4.18396378			
202	y	9	1013.57385254	-6.95748472			
202	y	10	1127.61682129	-7.19261360			
202	y	11	1240.70092773	-8.81827545			
202	y	12	1355.72790527	-9.15797615			
202	y	13	1442.75988770	-9.50230789			
202	y	14	1499.78137207	-9.14404011			
202	y	15	1646.84985352	-9.81259441			
202	y	16	1774.90844727	-9.96578407			
202	y	17	1845.94555664	-9.96578407			
202	y	18	1993.01391602	-9.96578407			
202	y	19	2064.05102539	-9.96578407			
202	y	20	2135.08813477	-9.95762444			
202	y	21	2234.15649414	-9.96274090			
203	b	1	172.06042480	-9.40232754			
203	b	2	300.15536499	-7.63879299			
203	b	3	413.23941040	-7.83194017			
203	b	4	516.24865723	-9.80328941			
203	b	5	679.31195068	-9.94930935			
203	b	6	792.39599609	-9.84409904			
203	b	7	893.44366455	-9.95230865			
203	b	8	1006.52770996	-9.96578407			
203	b	9	1121.55456543	-9.58262348			
203	b	10	1268.62292480	-9.79705429			
203	b	11	1397.66552734	-9.84754753			
203	b	12	1525.72412109	-9.83761215			
203	b	13	1654.76672363	-9.67175198			
203	b	14	1801.80212402	-9.87001705			
203	b	15	1872.83923340	-9.95831585			
203	b	16	1973.88696289	-9.94437599			
203	b	17	2044.92407227	-9.96578407			
203	b	18	2115.96142578	-9.96359444			
203	b	19	2202.99340820	-9.90809059			
203	b	20	2290.02539062	-9.93449497			
203	b	21	2377.05737305	-9.94270802			
203	b	22	2464.08935547	-9.94732380			
203	b	23	2577.17333984	-9.94584656			
203	b	24	2706.21582031	-9.96578407			
203	y	1	147.11276245	-7.11890411			
203	y	2	276.15533447	-7.61557102			
203	y	3	389.23941040	-8.58118343			
203	y	4	476.27145386	-8.09925175			
203	y	5	563.30352783	-7.59442472			
203	y	6	650.33557129	-6.90283155			
203	y	7	737.36761475	-6.18733931			
203	y	8	808.40472412	-6.16489887			
203	y	9	879.44183350	-6.40741920			
203	y	10	980.48950195	-6.77244663			
203	y	11	1051.52661133	-6.86733627			
203	y	12	1198.56201172	-7.66908598			
203	y	13	1327.60461426	-8.31931782			
203	y	14	1455.66320801	-9.18443584			
203	y	15	1584.70581055	-9.64586163			
203	y	16	1731.77416992	-9.75658131			
203	y	17	1846.80114746	-9.88663769			
203	y	18	1959.88525391	-9.96578407			
203	y	19	2060.93286133	-9.95722580			
203	y	20	2174.01708984	-9.96524620			
203	y	21	2337.08032227	-9.96578407			
203	y	22	2440.08959961	-9.95498180			
203	y	23	2553.17358398	-9.94979668			
203	y	24	2681.26855469	-9.95320034			
204	b	1	129.06581116	-8.46959782			
204	b	2	258.10839844	-8.14432621			
204	b	3	421.17172241	-9.96578407			
204	b	4	536.19866943	-9.71238518			
204	b	5	665.24127197	-9.67024231			
204	b	6	752.27331543	-9.88355255			
204	b	7	809.29479980	-9.87377262			
204	b	8	906.34759521	-9.96578407			
204	b	9	1066.37829590	-9.96578407			
204	b	10	1179.46240234	-9.96578407			
204	b	11	1278.53076172	-9.91188622			
204	b	12	1415.58972168	-9.96044445			
204	y	1	175.11891174	-4.96181870			
204	y	2	312.17782593	-5.79912043			
204	y	3	411.24624634	-5.95064831			
204	y	4	524.33032227	-6.21905375			
204	y	5	684.36102295	-9.28648663			
204	y	6	781.41381836	-8.18243790			
204	y	7	838.43530273	-7.39964437			
204	y	8	925.46734619	-7.71823549			
204	y	9	1054.50988770	-9.65223217			
204	y	10	1169.53686523	-9.58823776			
204	y	11	1332.60021973	-9.60879993			
204	y	12	1461.64282227	-9.96578407			
205	b	1	172.06042480	-9.76688766			
205	b	2	229.08189392	-7.48035431			
205	b	3	376.11727905	-9.18235683			
205	b	4	504.21224976	-8.98487377			
205	b	5	651.28070068	-8.93920422			
205	b	6	766.30761719	-8.17598820			
205	b	7	894.36621094	-8.70547676			
205	b	8	951.38769531	-8.12360859			
205	b	9	1114.45092773	-6.78375816			
205	b	10	1227.53503418	-8.35064602			
205	b	11	1314.56701660	-8.92923546			
205	b	12	1411.61975098	-9.96578407			
205	b	13	1574.68310547	-9.96578407			
205	b	14	1721.75158691	-9.96578407			
205	b	15	1834.83569336	-9.96578407			
205	b	16	1948.87866211	-9.96578407			
205	b	17	2049.92651367	-9.95612621			
205	b	18	2136.95849609	-9.96578407			
205	y	1	147.11276245	-7.77282381			
205	y	2	234.14479065	-7.28017950			
205	y	3	335.19244385	-7.40378857			
205	y	4	449.23538208	-5.75625181			
205	y	5	562.31945801	-6.06912422			
205	y	6	709.38787842	-5.97718859			
205	y	7	872.45117188	-6.51469994			
205	y	8	969.50390625	-4.79909372			
205	y	9	1056.53588867	-6.22338915			
205	y	10	1169.61999512	-8.33893681			
205	y	11	1332.68334961	-9.95912075			
205	y	12	1389.70483398	-9.78302097			
205	y	13	1517.76342773	-9.96578407			
205	y	14	1632.79040527	-9.96578407			
205	y	15	1779.85888672	-9.96578407			
205	y	16	1907.95385742	-9.96578407			
205	y	17	2054.98925781	-9.95863819			
205	y	18	2112.01074219	-9.96578407			
206	b	1	100.03929901	-9.96552753			
206	b	2	187.07131958	-9.86009502			
206	b	3	343.17242432	-8.73258591			
206	b	4	490.24084473	-9.75696182			
206	b	5	627.29980469	-8.60807037			
206	b	6	783.40093994	-9.35443687			
206	b	7	896.48498535	-9.73266220			
206	b	8	1009.56903076	-9.53093052			
206	b	9	1106.62170410	-9.96578407			
206	b	10	1163.64318848	-9.96578407			
206	b	11	1310.71154785	-9.96578407			
206	b	12	1457.74694824	-9.96578407			
206	b	13	1560.75610352	-9.96578407			
206	b	14	1688.81469727	-9.96578407			
206	b	15	1745.83618164	-9.96578407			
206	b	16	1802.85766602	-9.96331024			
206	b	17	1917.88464355	-9.96578407			
206	b	18	2064.95312500	-9.96578407			
206	b	19	2166.00073242	-9.96578407			
206	y	1	175.11891174	-6.73037243			
206	y	2	276.16656494	-9.42383671			
206	y	3	423.23498535	-6.68310595			
206	y	4	538.26196289	-9.55420780			
206	y	5	595.28344727	-8.69647312			
206	y	6	652.30493164	-7.50242996			
206	y	7	780.36352539	-8.32643795			
206	y	8	883.37274170	-9.60792351			
206	y	9	1030.40808105	-9.96578407			
206	y	10	1177.47656250	-9.68069458			
206	y	11	1234.49804688	-8.67793655			
206	y	12	1331.55078125	-8.49435329			
206	y	13	1444.63488770	-9.62967396			
206	y	14	1557.71899414	-9.76158047			
206	y	15	1713.82006836	-9.96578407			
206	y	16	1850.87902832	-9.96578407			
206	y	17	1997.94750977	-9.96578407			
206	y	18	2154.04858398	-9.95507908			
206	y	19	2241.08056641	-9.96399307			
207	b	1	282.09060669	-9.58461857			
207	b	2	395.17465210	-6.28802919			
207	b	3	452.19610596	-4.91748238			
207	b	4	551.26452637	-7.87180614			
207	b	5	652.31219482	-8.51849461			
207	b	6	815.37554932	-9.18765354			
207	b	7	872.39703369	-9.66574764			
207	b	8	929.41851807	-9.79851627			
207	b	9	1044.44543457	-9.78859711			
207	b	10	1159.47241211	-9.26655674			
207	b	11	1272.55651855	-9.35325623			
207	b	12	1369.60925293	-9.93675518			
207	b	13	1482.69335938	-9.88503456			
207	b	14	1569.72534180	-9.87119484			
207	b	15	1666.77807617	-9.92326450			
207	b	16	1829.84143066	-9.96578407			
207	y	1	175.11891174	-6.83883858			
207	y	2	338.18222046	-9.49403286			
207	y	3	435.23498535	-6.66736412			
207	y	4	522.26702881	-7.39906025			
207	y	5	635.35107422	-9.21725273			
207	y	6	732.40380859	-4.26148319			
207	y	7	845.48785400	-6.65645552			
207	y	8	960.51477051	-7.05681610			
207	y	9	1075.54174805	-8.24341869			
207	y	10	1132.56323242	-6.58260918			
207	y	11	1189.58471680	-5.22856903			
207	y	12	1352.64807129	-6.43059492			
207	y	13	1453.69580078	-6.00605440			
207	y	14	1552.76416016	-9.46810150			
207	y	15	1609.78564453	-7.51236343			
207	y	16	1722.86975098	-9.96213150			
208	b	1	138.06614685	-9.17906666			
208	b	2	239.11383057	-7.27990866			
208	b	3	326.14584351	-7.64618015			
208	b	4	393.18801880	-9.93223572			
208	b	5	450.20947266	-8.87176132			
208	b	6	563.29357910	-6.44453049			
208	b	7	676.37762451	-6.44192314			
208	b	8	763.40966797	-7.37128210			
208	b	9	894.45013428	-7.55890846			
208	b	10	981.48217773	-8.36627865			
208	b	11	1095.52502441	-8.25752449			
208	b	12	1166.56213379	-7.21145582			
208	b	13	1223.58361816	-6.94578171			
208	b	14	1320.63635254	-9.69374847			
208	b	15	1434.67932129	-9.52915001			
208	b	16	1535.72705078	-9.87751293			
208	b	17	1649.77001953	-9.93513966			
208	b	18	1706.79150391	-9.92327404			
208	b	19	1793.82348633	-9.96578407			
208	b	20	1921.88208008	-9.88758564			
208	b	21	2068.95068359	-9.96578407			
208	b	22	2216.01904297	-9.96578407			
208	b	23	2329.10302734	-9.96145725			
208	b	24	2489.13378906	-9.94323635			
208	b	25	2590.18139648	-9.96495819			
208	b	26	2661.21850586	-9.94764805			
208	y	1	147.11276245	-6.84641457			
208	y	2	218.14988708	-7.75501823			
208	y	3	319.19754028	-7.29218245			
208	y	4	479.22824097	-9.84891033			
208	y	5	592.31231689	-8.89666843			
208	y	6	739.38073730	-9.86453629			
208	y	7	886.44915771	-9.90948868			
208	y	8	1014.50775146	-9.87795639			
208	y	9	1101.53979492	-9.41882324			
208	y	10	1158.56127930	-7.64754343			
208	y	11	1272.60424805	-9.32483864			
208	y	12	1373.65197754	-9.92187786			
208	y	13	1487.69494629	-9.85869789			
208	y	14	1584.74768066	-9.84214306			
208	y	15	1641.76916504	-8.99186802			
208	y	16	1712.80627441	-9.96578407			
208	y	17	1826.84924316	-9.96578407			
208	y	18	1913.88122559	-9.96578407			
208	y	19	2044.92175293	-9.96578407			
208	y	20	2131.95385742	-9.96578407			
208	y	21	2245.03784180	-9.96578407			
208	y	22	2358.12182617	-9.96578407			
208	y	23	2415.14331055	-9.96578407			
208	y	24	2482.18554688	-9.96003819			
208	y	25	2569.21752930	-9.96578407			
208	y	26	2670.26513672	-9.96578407			
209	b	1	100.07564545	-9.82557011			
209	b	2	229.11822510	-5.86518621			
209	b	3	330.16589355	-8.22493458			
209	b	4	387.18734741	-7.95224524			
209	b	5	500.27139282	-7.65666294			
209	b	6	613.35546875	-7.57006359			
209	b	7	741.45043945	-8.54867554			
209	b	8	838.50323486	-9.75164413			
209	b	9	895.52471924	-9.93262291			
209	b	10	1042.56005859	-7.52995825			
209	b	11	1141.62841797	-6.99669552			
209	b	12	1240.69677734	-7.96589422			
209	b	13	1341.74450684	-8.90630817			
209	b	14	1488.81286621	-9.64854050			
209	b	15	1559.84997559	-8.80255795			
209	b	16	1656.90270996	-9.93809223			
209	b	17	1755.97106934	-9.74815464			
209	b	18	1870.99804688	-9.96189117			
209	b	19	1970.06640625	-9.94016266			
209	b	20	2071.11425781	-9.94486427			
209	b	21	2172.16186523	-9.95840168			
209	b	22	2301.20434570	-9.96328926			
209	b	23	2400.27270508	-9.96578407			
209	y	1	147.11276245	-7.10212803			
209	y	2	246.18116760	-7.54718447			
209	y	3	375.22372437	-8.97100735			
209	y	4	476.27139282	-8.25138664			
209	y	5	577.31909180	-6.97683001			
209	y	6	676.38751221	-8.92253876			
209	y	7	791.41442871	-6.49902201			
209	y	8	890.48284912	-8.37210751			
209	y	9	987.53564453	-4.48312092			
209	y	10	1058.57275391	-6.36507034			
209	y	11	1205.64111328	-7.16341877			
209	y	12	1306.68884277	-7.05441141			
209	y	13	1405.75720215	-9.02574825			
209	y	14	1504.82556152	-9.77907276			
209	y	15	1651.86096191	-9.96578407			
209	y	16	1708.88244629	-9.96578407			
209	y	17	1805.93518066	-9.65168762			
209	y	18	1934.03015137	-9.93021393			
209	y	19	2047.11425781	-9.96578407			
209	y	20	2160.19824219	-9.96517849			
209	y	21	2217.21972656	-9.94998455			
209	y	22	2318.26733398	-9.96294022			
209	y	23	2447.30981445	-9.96005917			
210	b	1	138.06614685	-8.77110004			
210	b	2	209.10327148	-4.75709915			
210	b	3	308.17169189	-7.29503918			
210	b	4	395.20370483	-9.21724224			
210	b	5	524.24633789	-7.83592653			
210	b	6	581.26782227	-7.86244345			
210	b	7	682.31549072	-7.00016212			
210	b	8	838.40533447	-8.26616287			
210	b	9	909.44244385	-8.61725235			
210	b	10	1022.52648926	-9.63959980			
210	b	11	1123.57409668	-9.49924278			
210	b	12	1251.66906738	-9.96578407			
210	b	13	1414.73242188	-9.96578407			
210	b	14	1515.78015137	-9.91300964			
210	b	15	1602.81213379	-9.96269798			
210	b	16	1673.84924316	-9.95663166			
210	y	1	147.11276245	-6.62042761			
210	y	2	218.14988708	-7.67391300			
210	y	3	305.18191528	-7.81972790			
210	y	4	406.22958374	-7.18340397			
210	y	5	569.29296875	-6.47355032			
210	y	6	697.38793945	-6.84683752			
210	y	7	798.43560791	-5.66141415			
210	y	8	911.51965332	-6.26804543			
210	y	9	982.55676270	-6.06373978			
210	y	10	1138.64660645	-9.01735210			
210	y	11	1239.69433594	-9.84673691			
210	y	12	1296.71582031	-9.74722576			
210	y	13	1425.75842285	-9.96578407			
210	y	14	1512.79040527	-9.90873623			
210	y	15	1611.85876465	-9.96578407			
210	y	16	1682.89587402	-9.96578407			
211	b	1	156.07666016	-9.26099586			
211	b	2	243.10868835	-5.38257456			
211	b	3	358.13562012	-7.80171919			
211	b	4	473.16256714	-5.01994562			
211	b	5	586.24664307	-7.78236580			
211	b	6	687.29431152	-8.84607983			
211	b	7	815.35290527	-9.93754005			
211	b	8	944.39550781	-9.74690723			
211	b	9	1073.43798828	-9.71275139			
211	b	10	1236.50134277	-9.85661793			
211	b	11	1293.52282715	-9.81066990			
211	b	12	1422.56542969	-9.87296867			
211	b	13	1569.63391113	-9.96578407			
211	b	14	1732.69726562	-9.96578407			
211	y	1	147.11276245	-6.01129007			
211	y	2	310.17605591	-6.26812506			
211	y	3	457.24447632	-6.37185907			
211	y	4	586.28710938	-8.78207684			
211	y	5	643.30859375	-5.80600166			
211	y	6	806.37194824	-6.16352510			
211	y	7	935.41455078	-7.02807045			
211	y	8	1064.45715332	-6.08486271			
211	y	9	1192.51574707	-6.81613398			
211	y	10	1293.56347656	-5.58149719			
211	y	11	1406.64758301	-7.96204042			
211	y	12	1521.67456055	-8.65598297			
211	y	13	1636.70153809	-8.93610764			
211	y	14	1723.73352051	-9.96578407			
212	b	1	72.04434967	-9.87907887			
212	b	2	143.08146667	-5.52177858			
212	b	3	242.14987183	-7.04711819			
212	b	4	339.20263672	-9.65026569			
212	b	5	426.23464966	-9.67188644			
212	b	6	539.31872559	-9.51425076			
212	b	7	667.41369629	-9.96578407			
212	b	8	814.48211670	-9.96578407			
212	b	9	974.51281738	-9.94124317			
212	b	10	1087.59680176	-9.94252300			
212	b	11	1202.62377930	-9.96252155			
212	b	12	1316.66674805	-9.96578407			
212	b	13	1373.68823242	-9.96578407			
212	b	14	1444.72534180	-9.96578407			
212	y	1	147.11276245	-6.58885098			
212	y	2	218.14988708	-8.43585491			
212	y	3	275.17132568	-7.36572647			
212	y	4	389.21426392	-6.18505001			
212	y	5	504.24121094	-5.76768875			
212	y	6	617.32531738	-6.60251379			
212	y	7	777.35601807	-6.37885475			
212	y	8	924.42443848	-5.82827139			
212	y	9	1052.51940918	-6.89642048			
212	y	10	1165.60351562	-8.60002613			
212	y	11	1252.63549805	-8.72060013			
212	y	12	1349.68823242	-9.61550903			
212	y	13	1448.75659180	-9.96578407			
212	y	14	1519.79370117	-9.96578407			
213	b	1	114.09129333	-9.90453243			
213	b	2	213.15969849	-5.23470306			
213	b	3	284.19680786	-5.65643740			
213	b	4	397.28085327	-8.81492043			
213	b	5	454.30230713	-9.71186543			
213	b	6	582.39727783	-9.11116695			
213	b	7	639.41876221	-8.02346420			
213	b	8	752.50280762	-6.97873974			
213	b	9	865.58685303	-7.50990486			
213	b	10	936.62396240	-7.84089422			
213	b	11	1007.66107178	-9.43043232			
213	b	12	1122.68798828	-9.18250751			
213	b	13	1251.73059082	-9.65684891			
213	b	14	1338.76257324	-9.84275818			
213	b	15	1439.81030273	-9.96578407			
213	b	16	1496.83178711	-9.95928478			
213	b	17	1583.86376953	-9.86170101			
213	b	18	1696.94787598	-9.96506023			
213	b	19	1767.98498535	-9.96578407			
213	y	1	147.11276245	-7.00943184			
213	y	2	218.14988708	-6.68142557			
213	y	3	331.23391724	-8.67666817			
213	y	4	418.26596069	-8.72939682			
213	y	5	475.28741455	-7.29316521			
213	y	6	576.33514404	-6.37798834			
213	y	7	663.36718750	-5.41334915			
213	y	8	792.40979004	-6.29268074			
213	y	9	907.43670654	-6.06254959			
213	y	10	978.47381592	-5.94707680			
213	y	11	1049.51098633	-6.82606220			
213	y	12	1162.59509277	-8.07815742			
213	y	13	1275.67919922	-9.65137577			
213	y	14	1332.70068359	-8.43222237			
213	y	15	1460.79565430	-9.96224785			
213	y	16	1517.81713867	-9.57621765			
213	y	17	1630.90124512	-9.96578407			
213	y	18	1701.93835449	-9.86844921			
213	y	19	1801.00671387	-9.96529007			
214	b	1	148.04261780	-8.02238846			
214	b	2	277.08520508	-5.57286072			
214	b	3	376.15362549	-6.42582655			
214	b	4	477.20129395	-7.32776213			
214	b	5	624.26971436	-8.14247227			
214	b	6	787.33306885	-7.94494390			
214	b	7	884.38580322	-9.58850670			
214	b	8	941.40728760	-9.91453743			
214	b	9	1070.44982910	-9.89138985			
214	b	10	1199.49243164	-9.95719719			
214	b	11	1300.54016113	-9.96578407			
214	b	12	1399.60852051	-9.91677666			
214	b	13	1555.70959473	-9.24447918			
214	b	14	1668.79370117	-9.11182594			
214	b	15	1769.84143066	-9.45975208			
214	b	16	1897.90002441	-9.57081985			
214	b	17	1998.94775391	-9.85983753			
214	b	18	2069.98510742	-9.86867332			
214	b	19	2199.02758789	-9.96578407			
214	b	20	2256.04907227	-9.89973736			
214	b	21	2369.13305664	-9.96578407			
214	b	22	2484.15991211	-9.96578407			
214	b	23	2581.21264648	-9.96578407			
214	b	24	2710.25512695	-9.96578407			
214	b	25	2824.29809570	-9.96578407			
214	b	26	2987.36132812	-9.96578407			
214	b	27	3100.44531250	-9.96578407			
214	b	28	3187.47729492	-9.96578407			
214	b	29	3300.56127930	-9.96547127			
214	y	1	147.11276245	-7.02801991			
214	y	2	260.19680786	-8.24013042			
214	y	3	347.22885132	-7.14749575			
214	y	4	460.31289673	-8.49002552			
214	y	5	623.37622070	-9.49929237			
214	y	6	737.41912842	-8.86027813			
214	y	7	866.46173096	-9.32215786			
214	y	8	963.51452637	-6.03855515			
214	y	9	1078.54150391	-7.70695257			
214	y	10	1191.62561035	-9.16543484			
214	y	11	1248.64709473	-7.62802172			
214	y	12	1377.68969727	-8.30047321			
214	y	13	1448.72680664	-8.21833706			
214	y	14	1549.77453613	-8.76308823			
214	y	15	1677.83312988	-9.56510639			
214	y	16	1778.88085938	-9.45125008			
214	y	17	1891.96496582	-9.90834618			
214	y	18	2048.06591797	-9.87632942			
214	y	19	2147.13452148	-9.93130589			
214	y	20	2248.18212891	-9.93513870			
214	y	21	2377.22460938	-9.96578407			
214	y	22	2506.26708984	-9.96578407			
214	y	23	2563.28857422	-9.94593525			
214	y	24	2660.34130859	-9.93984127			
214	y	25	2823.40454102	-9.96467876			
214	y	26	2970.47290039	-9.96578407			
214	y	27	3071.52050781	-9.96164513			
214	y	28	3170.58886719	-9.96578407			
214	y	29	3299.63134766	-9.95921135			
215	b	1	190.05322266	-7.96316671			
215	b	2	319.09579468	-6.11800146			
215	b	3	433.13873291	-7.26089573			
215	b	4	596.20208740	-9.70353603			
215	b	5	710.24499512	-9.76763058			
215	b	6	823.32904053	-9.76430702			
215	b	7	894.36614990	-9.95132828			
215	b	8	1007.45019531	-9.96578407			
215	y	1	175.11891174	-5.08139610			
215	y	2	288.20297241	-7.14977551			
215	y	3	359.24008179	-6.36236858			
215	y	4	472.32412720	-6.81344700			
215	y	5	586.36706543	-5.33846474			
215	y	6	749.43041992	-5.68748140			
215	y	7	863.47332764	-4.89487314			
215	y	8	992.51593018	-6.85952950			
216	b	1	148.04261780	-9.05846119			
216	b	2	311.10592651	-6.95840836			
216	b	3	426.13287354	-5.57799816			
216	b	4	525.20129395	-6.68512630			
216	b	5	638.28533936	-7.61580849			
216	b	6	725.31738281	-9.14498425			
216	b	7	826.36505127	-9.57809162			
216	b	8	954.46002197	-8.69805527			
216	b	9	1051.51269531	-9.89577103			
216	b	10	1150.58105469	-8.49538040			
216	b	11	1263.66516113	-8.31688118			
216	b	12	1377.70812988	-8.70703316			
216	b	13	1505.80310059	-9.71215916			
216	b	14	1618.88720703	-9.83423805			
216	b	15	1719.93493652	-9.91026211			
216	b	16	1819.00329590	-9.80708313			
216	b	17	1982.06665039	-9.96578407			
216	b	18	2083.11450195	-9.96578407			
216	b	19	2184.16210938	-9.96578407			
216	b	20	2297.24609375	-9.96578407			
216	b	21	2410.33007812	-9.96578407			
216	b	22	2525.35693359	-9.96407127			
216	b	23	2624.42529297	-9.93286419			
216	b	24	2725.47290039	-9.96578407			
216	y	1	147.11276245	-7.84025764			
216	y	2	248.16044617	-6.86456680			
216	y	3	347.22885132	-7.15827322			
216	y	4	462.25579834	-7.06937265			
216	y	5	575.33990479	-7.09121656			
216	y	6	688.42395020	-8.17886543			
216	y	7	789.47161865	-7.26235104			
216	y	8	890.51928711	-6.64313078			
216	y	9	1053.58264160	-5.76038933			
216	y	10	1152.65100098	-7.10340166			
216	y	11	1253.69873047	-6.55144644			
216	y	12	1366.78283691	-8.06299114			
216	y	13	1494.87780762	-9.21428490			
216	y	14	1608.92077637	-9.21811104			
216	y	15	1722.00488281	-9.69474411			
216	y	16	1821.07324219	-9.96578407			
216	y	17	1918.12597656	-9.61888790			
216	y	18	2046.22094727	-9.96578407			
216	y	19	2147.26855469	-9.96578407			
216	y	20	2234.30053711	-9.93428326			
216	y	21	2347.38452148	-9.96578407			
216	y	22	2446.45288086	-9.94474983			
216	y	23	2561.47973633	-9.96578407			
216	y	24	2724.54296875	-9.95160675			
217	b	1	102.05490875	-7.23432922			
217	b	2	189.08694458	-5.39381170			
217	b	3	318.12954712	-8.77466965			
217	b	4	478.16024780	-9.65943909			
217	b	5	575.21307373	-9.96578407			
217	b	6	688.29711914	-9.90137386			
217	b	7	801.38116455	-9.89487934			
217	y	1	175.11891174	-5.22379875			
217	y	2	288.20297241	-7.25826073			
217	y	3	401.28701782	-8.02713108			
217	y	4	498.33978271	-4.11436510			
217	y	5	658.37048340	-9.96578407			
217	y	6	787.41308594	-8.81030846			
217	y	7	874.44512939	-9.33888340			
218	b	1	130.04981995	-9.60665798			
218	b	2	258.14477539	-7.40575933			
218	b	3	371.22885132	-7.21332026			
218	b	4	534.29217529	-8.42559242			
218	b	5	697.35552979	-7.74808693			
218	b	6	796.42395020	-7.00365973			
218	b	7	897.47161865	-8.03507423			
218	b	8	1010.55566406	-8.43270779			
218	b	9	1163.52941895	-7.40475225			
218	b	10	1310.59777832	-8.89867687			
218	b	11	1439.64038086	-8.82877064			
218	b	12	1567.69897461	-9.45994949			
218	b	13	1696.74157715	-9.32725239			
218	b	14	1843.77697754	-9.86444855			
218	b	15	1914.81408691	-9.96301651			
218	b	16	2015.86181641	-9.96578407			
218	b	17	2086.89916992	-9.96578407			
218	b	18	2157.93627930	-9.96578407			
218	b	19	2244.96826172	-9.94743156			
218	b	20	2332.00024414	-9.96578407			
218	b	21	2419.03222656	-9.96578407			
218	b	22	2506.06420898	-9.94981003			
218	b	23	2619.14819336	-9.96578407			
218	b	24	2748.19067383	-9.96578407			
218	y	1	147.11276245	-7.51416826			
218	y	2	276.15533447	-7.45900249			
218	y	3	389.23941040	-8.36321545			
218	y	4	476.27145386	-7.91425562			
218	y	5	563.30352783	-7.37360430			
218	y	6	650.33557129	-6.77925444			
218	y	7	737.36761475	-5.86559200			
218	y	8	808.40472412	-5.74584103			
218	y	9	879.44183350	-6.19189215			
218	y	10	980.48950195	-6.40498734			
218	y	11	1051.52661133	-6.26539707			
218	y	12	1198.56201172	-7.22780228			
218	y	13	1327.60461426	-8.12481308			
218	y	14	1455.66320801	-8.83717537			
218	y	15	1584.70581055	-9.50449562			
218	y	16	1731.77416992	-9.72416019			
218	y	17	1884.74804688	-9.86324978			
218	y	18	1997.83215332	-9.93999004			
218	y	19	2098.87988281	-9.86745167			
218	y	20	2197.94824219	-9.94758892			
218	y	21	2361.01147461	-9.91094685			
218	y	22	2524.07470703	-9.92151928			
218	y	23	2637.15869141	-9.95984364			
218	y	24	2765.25366211	-9.96099758			
219	b	1	116.03416443	-9.79650402			
219	b	2	245.07675171	-4.13241529			
219	b	3	316.11386108	-4.23808336			
219	b	4	387.15097046	-5.53450823			
219	b	5	486.21939087	-8.53213596			
219	b	6	601.24633789	-9.79379272			
219	b	7	702.29400635	-9.71415615			
219	b	8	789.32604980	-9.96578407			
219	b	9	876.35809326	-9.96578407			
219	b	10	1005.40069580	-9.93692970			
219	b	11	1118.48474121	-9.93679523			
219	b	12	1219.53247070	-9.93725967			
219	b	13	1320.58020020	-9.90382099			
219	y	1	147.11276245	-6.90271664			
219	y	2	248.16044617	-7.64273453			
219	y	3	349.20809937	-6.52591038			
219	y	4	462.29214478	-7.77615261			
219	y	5	591.33477783	-9.18060780			
219	y	6	678.36682129	-7.21176195			
219	y	7	765.39886475	-6.57880259			
219	y	8	866.44653320	-5.68263626			
219	y	9	981.47344971	-4.23743248			
219	y	10	1080.54187012	-5.15244293			
219	y	11	1151.57897949	-6.30580950			
219	y	12	1222.61608887	-7.59989071			
219	y	13	1351.65869141	-9.95397568			
220	b	1	102.05490875	-7.92098236			
220	b	2	231.09750366	-4.44665575			
220	b	3	378.13290405	-7.49636602			
220	b	4	507.17550659	-9.36489010			
220	b	5	621.21844482	-9.78278923			
220	b	6	750.26104736	-9.37810516			
220	b	7	897.32946777	-9.52232933			
220	b	8	996.39788818	-9.85836124			
220	b	9	1109.48193359	-9.92680454			
220	b	10	1222.56604004	-9.90710449			
220	y	1	147.11276245	-4.83459949			
220	y	2	260.19680786	-5.62566996			
220	y	3	373.28085327	-5.67441130			
220	y	4	472.34927368	-7.46928883			
220	y	5	619.41772461	-6.96858072			
220	y	6	748.46032715	-8.55296707			
220	y	7	862.50323486	-5.99251842			
220	y	8	991.54583740	-6.40238237			
220	y	9	1138.58117676	-6.75066757			
220	y	10	1267.62377930	-9.96183872			
221	b	1	114.09129333	-9.93075848			
221	b	2	199.10772705	-5.69036484			
221	b	3	346.17614746	-9.09033012			
221	b	4	475.21871948	-6.61908674			
221	b	5	588.30279541	-9.18894005			
221	b	6	735.37121582	-9.72740364			
221	b	7	806.40832520	-9.73642254			
221	b	8	921.43524170	-9.59936619			
221	b	9	1049.53015137	-9.13121605			
221	b	10	1148.59851074	-6.98216915			
221	b	11	1245.65124512	-9.96578407			
221	y	1	147.11276245	-6.00444555			
221	y	2	244.16552734	-4.29295444			
221	y	3	343.23391724	-7.17454147			
221	y	4	471.32888794	-7.13097906			
221	y	5	586.35583496	-7.91367149			
221	y	6	657.39294434	-6.08082247			
221	y	7	804.46136475	-5.16101885			
221	y	8	917.54541016	-5.59974766			
221	y	9	1046.58801270	-6.32907200			
221	y	10	1193.65649414	-8.49648285			
221	y	11	1278.67297363	-9.18273449			
222	b	1	114.09129333	-9.90108967			
222	b	2	243.13388062	-5.17972803			
222	b	3	300.15533447	-4.50985098			
222	b	4	413.23941040	-9.56114864			
222	b	5	527.28234863	-9.67734718			
222	b	6	641.32525635	-9.74587727			
222	b	7	899.41046143	-9.52694130			
222	b	8	1012.49450684	-9.86137104			
222	b	9	1126.53735352	-9.87291431			
222	b	10	1273.60583496	-9.95888901			
222	b	11	1386.68994141	-9.95765400			
222	y	1	175.11891174	-5.48179817			
222	y	2	288.20297241	-7.42859030			
222	y	3	435.27139282	-8.03363514			
222	y	4	549.31433105	-5.86848021			
222	y	5	662.39837646	-6.00007010			
222	y	6	920.48358154	-6.36516285			
222	y	7	1034.52648926	-5.76200914			
222	y	8	1148.56945801	-4.28083086			
222	y	9	1261.65356445	-8.22471237			
222	y	10	1318.67504883	-4.99742317			
222	y	11	1447.71765137	-9.29182243			
223	b	1	148.07565308	-9.95948601			
223	b	2	247.14407349	-5.69387913			
223	b	3	362.17098999	-5.87614441			
223	b	4	461.23941040	-9.52543068			
223	b	5	562.28710938	-9.86827660			
223	b	6	691.32971191	-9.80696106			
223	b	7	790.39813232	-9.77466011			
223	b	8	889.46655273	-9.90700340			
223	y	1	175.11891174	-5.84874392			
223	y	2	274.18731689	-7.63204336			
223	y	3	373.25573730	-7.07682085			
223	y	4	502.29830933	-6.78121853			
223	y	5	603.34600830	-4.27838326			
223	y	6	702.41442871	-5.68488503			
223	y	7	817.44134521	-3.85549712			
223	y	8	916.50976562	-7.79947329			
224	b	1	116.03417206	-9.96578407			
224	b	2	229.11822510	-6.34472466			
224	b	3	392.18154907	-6.77540016			
224	b	4	493.22921753	-7.54747534			
224	b	5	607.27215576	-8.82138920			
224	b	6	708.31982422	-7.15777302			
224	b	7	807.38824463	-7.56928015			
224	b	8	920.47229004	-8.36434555			
224	b	9	1007.50433350	-9.22686291			
224	b	10	1064.52575684	-9.87477589			
224	b	11	1121.54724121	-9.79852486			
224	b	12	1222.59497070	-9.79463005			
224	b	13	1323.64270020	-9.96578407			
224	b	14	1470.67810059	-9.88424301			
224	b	15	1633.74145508	-9.84527779			
224	b	16	1730.79418945	-9.89683247			
224	b	17	1787.81567383	-9.96578407			
224	b	18	1900.89978027	-9.93257046			
224	b	19	1971.93688965	-9.91995907			
224	b	20	2086.96386719	-9.96578407			
224	y	1	175.11891174	-5.58276272			
224	y	2	290.14584351	-7.88770485			
224	y	3	361.18295288	-6.12713623			
224	y	4	474.26699829	-9.09412861			
224	y	5	531.28851318	-8.13935280			
224	y	6	628.34130859	-4.07434940			
224	y	7	791.40466309	-5.84713507			
224	y	8	938.44006348	-7.06127739			
224	y	9	1039.48767090	-7.15036011			
224	y	10	1140.53540039	-7.96501398			
224	y	11	1197.55688477	-7.02786922			
224	y	12	1254.57836914	-5.44856119			
224	y	13	1341.61035156	-4.77059984			
224	y	14	1454.69445801	-5.01683569			
224	y	15	1553.76281738	-7.30842304			
224	y	16	1654.81054688	-7.80567169			
224	y	17	1768.85351562	-8.94560528			
224	y	18	1869.90124512	-9.45516205			
224	y	19	2032.96459961	-9.85590076			
224	y	20	2146.04858398	-9.94420815			
225	b	1	148.04261780	-7.98496056			
225	b	2	277.08520508	-6.83629942			
225	b	3	391.12814331	-5.18905067			
225	b	4	554.19146729	-5.84242487			
225	b	5	651.24420166	-8.12929058			
225	b	6	764.32824707	-7.17647409			
225	b	7	861.38104248	-9.39176846			
225	b	8	990.42364502	-9.06243515			
225	b	9	1087.47631836	-9.96578407			
225	b	10	1144.49780273	-9.96578407			
225	b	11	1241.55053711	-9.96578407			
225	b	12	1355.59350586	-9.96578407			
225	b	13	1484.63610840	-9.96578407			
225	b	14	1583.70446777	-9.96578407			
225	b	15	1696.78857422	-9.96578407			
225	b	16	1809.87268066	-9.96578407			
225	y	1	175.11891174	-6.72585011			
225	y	2	288.20297241	-8.39793205			
225	y	3	401.28701782	-8.71844769			
225	y	4	500.35543823	-8.95378685			
225	y	5	629.39807129	-9.90506363			
225	y	6	743.44097900	-9.96578407			
225	y	7	840.49377441	-8.71734524			
225	y	8	897.51525879	-8.76125145			
225	y	9	994.56799316	-5.80664778			
225	y	10	1123.61059570	-8.84329700			
225	y	11	1220.66333008	-4.25762987			
225	y	12	1333.74743652	-8.36573219			
225	y	13	1430.80017090	-5.62638235			
225	y	14	1593.86352539	-9.45469379			
225	y	15	1707.90649414	-9.86614609			
225	y	16	1836.94909668	-9.96578407			
226	b	1	88.03926086	-9.85691452			
226	b	2	201.12332153	-4.06830788			
226	b	3	330.16592407	-6.47543859			
226	b	4	459.20852661	-8.20816708			
226	b	5	573.28784180	-8.71944046			
226	b	6	736.35113525	-9.37522888			
226	b	7	849.43518066	-9.81530857			
226	b	8	996.50360107	-9.96578407			
226	b	9	1083.53552246	-9.89407635			
226	b	10	1196.61962891	-9.96578407			
226	b	11	1293.67236328	-9.94734001			
226	b	12	1406.75646973	-9.96578407			
226	y	1	147.11276245	-5.66480303			
226	y	2	260.19680786	-7.98383999			
226	y	3	357.24957275	-4.20786762			
226	y	4	470.33364868	-8.12181282			
226	y	5	557.36572266	-6.87308884			
226	y	6	704.43414307	-5.84394836			
226	y	7	817.51818848	-6.36589384			
226	y	8	980.58154297	-6.76280689			
226	y	9	1094.66076660	-6.32480049			
226	y	10	1223.70336914	-7.24615526			
226	y	11	1352.74597168	-7.58764839			
226	y	12	1465.83007812	-9.95704842			
227	b	1	174.05831909	-9.76931572			
227	b	2	287.14236450	-9.19231606			
227	b	3	443.24346924	-9.27370262			
227	b	4	500.26492310	-9.96578407			
227	b	5	571.30206299	-9.63436794			
227	b	6	642.33917236	-9.52806187			
227	b	7	757.36608887	-7.15415001			
227	b	8	814.38757324	-9.81407166			
227	b	9	901.41961670	-9.55249882			
227	b	10	1097.51550293	-9.65468884			
227	b	11	1244.58386230	-9.90611649			
227	b	12	1372.64245605	-9.88174152			
227	b	13	1471.71081543	-9.65017700			
227	b	14	1657.79016113	-9.76301193			
227	b	15	1772.81713867	-9.68403149			
227	b	16	1935.88049316	-9.96578407			
227	b	17	2064.92309570	-9.96578407			
227	b	18	2193.96557617	-9.96578407			
227	b	19	2250.98706055	-9.96578407			
227	b	20	2380.02954102	-9.96578407			
227	b	21	2479.09790039	-9.96578407			
227	b	22	2608.14038086	-9.96578407			
227	b	23	2679.17749023	-9.96578407			
227	b	24	2792.26147461	-9.96578407			
227	b	25	2905.34545898	-9.96578407			
227	b	26	3020.37231445	-9.95771408			
227	y	1	175.11891174	-6.44191647			
227	y	2	290.14584351	-9.02746773			
227	y	3	403.22988892	-8.46115398			
227	y	4	516.31396484	-9.10139942			
227	y	5	587.35107422	-7.79384804			
227	y	6	716.39367676	-8.56486130			
227	y	7	815.46209717	-8.11538792			
227	y	8	944.50469971	-8.85284328			
227	y	9	1001.52618408	-7.50958681			
227	y	10	1130.56872559	-8.29742527			
227	y	11	1259.61132812	-9.10720539			
227	y	12	1422.67468262	-8.33839226			
227	y	13	1537.70166016	-8.63762474			
227	y	14	1723.78100586	-8.90103149			
227	y	15	1822.84936523	-9.61575127			
227	y	16	1950.90795898	-9.93537235			
227	y	17	2097.97631836	-9.86083794			
227	y	18	2294.07226562	-9.94993019			
227	y	19	2381.10424805	-9.96578407			
227	y	20	2438.12573242	-9.96578407			
227	y	21	2553.15258789	-9.96578407			
227	y	22	2624.18969727	-9.96578407			
227	y	23	2695.22680664	-9.96172142			
227	y	24	2752.24829102	-9.96578407			
227	y	25	2908.34936523	-9.96578407			
227	y	26	3021.43334961	-9.96330357			
228	b	1	114.09129333	-9.96491814			
228	b	2	171.11276245	-6.86990976			
228	b	3	318.18118286	-6.84802771			
228	b	4	419.22885132	-8.15782261			
228	b	5	476.25030518	-7.22733688			
228	b	6	589.33441162	-7.72368240			
228	b	7	688.40283203	-8.96004772			
228	b	8	816.46142578	-9.64537811			
228	b	9	945.50402832	-9.32337284			
228	b	10	1058.58801270	-9.80354691			
228	b	11	1145.61999512	-9.87462044			
228	b	12	1292.68835449	-9.85342598			
228	b	13	1349.70983887	-9.93544388			
228	b	14	1450.75756836	-9.93713474			
228	b	15	1551.80529785	-9.92377567			
228	y	1	147.11276245	-6.76264763			
228	y	2	248.16044617	-7.44383812			
228	y	3	349.20809937	-8.33643818			
228	y	4	406.22955322	-6.42847681			
228	y	5	553.29797363	-6.86980534			
228	y	6	640.33001709	-5.60991144			
228	y	7	753.41406250	-6.47325182			
228	y	8	882.45666504	-5.83760738			
228	y	9	1010.51525879	-5.27174044			
228	y	10	1109.58361816	-5.11969090			
228	y	11	1222.66772461	-7.74827385			
228	y	12	1279.68920898	-5.93796635			
228	y	13	1380.73693848	-8.09656620			
228	y	14	1527.80541992	-9.72199535			
228	y	15	1584.82690430	-9.73824978			
229	b	1	72.04434967	-9.68974495			
229	b	2	129.06581116	-9.21358490			
229	b	3	226.11857605	-8.25668716			
229	b	4	341.14550781	-7.24097919			
229	b	5	438.19827271	-9.37871838			
229	b	6	495.21972656	-9.00496006			
229	b	7	594.28814697	-7.68775368			
229	b	8	681.32019043	-7.79235935			
229	b	9	778.37298584	-9.70193958			
229	b	10	849.41009521	-8.99121284			
229	b	11	977.46868896	-8.24687099			
229	b	12	1076.53698730	-7.77195930			
229	b	13	1189.62109375	-7.99784184			
229	b	14	1302.70520020	-9.12465382			
229	b	15	1389.73718262	-9.83718777			
229	b	16	1518.77978516	-9.31639767			
229	b	17	1615.83251953	-9.95745945			
229	b	18	1744.87512207	-9.92570400			
229	b	19	1873.91772461	-9.93120480			
229	b	20	1944.95483398	-9.93975067			
229	b	21	2015.99194336	-9.96578407			
229	b	22	2087.02929688	-9.96578407			
229	b	23	2200.11328125	-9.96463966			
229	b	24	2363.17651367	-9.96578407			
229	y	1	175.11891174	-7.16874361			
229	y	2	338.18222046	-8.27169132			
229	y	3	451.26626587	-8.10294724			
229	y	4	522.30340576	-7.86856174			
229	y	5	593.34051514	-7.39298105			
229	y	6	664.37762451	-7.39881134			
229	y	7	793.42022705	-7.23918295			
229	y	8	922.46282959	-7.83255529			
229	y	9	1019.51562500	-4.84877110			
229	y	10	1148.55822754	-8.01373672			
229	y	11	1235.59020996	-6.42328978			
229	y	12	1348.67431641	-7.79269600			
229	y	13	1461.75842285	-8.68135071			
229	y	14	1560.82678223	-9.58784008			
229	y	15	1688.88537598	-9.75289059			
229	y	16	1759.92248535	-9.90794849			
229	y	17	1856.97521973	-9.88157368			
229	y	18	1944.00720215	-9.91848946			
229	y	19	2043.07556152	-9.96578407			
229	y	20	2100.09692383	-9.93281364			
229	y	21	2197.14965820	-9.96578407			
229	y	22	2312.17651367	-9.95041752			
229	y	23	2409.22924805	-9.96098709			
229	y	24	2466.25073242	-9.96035671			
230	b	1	190.05322266	-9.18973541			
230	b	2	289.12164307	-6.33471918			
230	b	3	403.16458130	-6.53219748			
230	b	4	500.21734619	-9.38924694			
230	b	5	601.26507568	-8.46520519			
230	b	6	732.30554199	-8.52851772			
230	b	7	879.37396240	-7.64229441			
230	b	8	1026.44226074	-9.51182747			
230	b	9	1141.46923828	-8.18299770			
230	b	10	1254.55334473	-9.76655197			
230	b	11	1325.59045410	-9.42165089			
230	b	12	1424.65881348	-9.92090893			
230	b	13	1539.68579102	-9.96578407			
230	b	14	1596.70727539	-9.96578407			
230	b	15	1725.74987793	-9.96578407			
230	b	16	1822.80261230	-9.92221737			
230	b	17	1935.88671875	-9.92547894			
230	b	18	1992.90820312	-9.96578407			
230	y	1	175.11891174	-6.99568081			
230	y	2	232.14038086	-8.03160858			
230	y	3	345.22442627	-9.54584217			
230	y	4	442.27719116	-5.05198812			
230	y	5	571.31982422	-8.12764740			
230	y	6	628.34130859	-4.77785873			
230	y	7	743.36822510	-4.66851044			
230	y	8	842.43664551	-5.47762108			
230	y	9	913.47375488	-5.45178270			
230	y	10	1026.55773926	-8.26162052			
230	y	11	1141.58471680	-8.40264606			
230	y	12	1288.65307617	-8.88023472			
230	y	13	1435.72143555	-9.23676109			
230	y	14	1566.76196289	-9.71081448			
230	y	15	1667.80969238	-9.86449242			
230	y	16	1764.86242676	-9.90560436			
230	y	17	1878.90539551	-9.94318008			
230	y	18	1977.97375488	-9.95542049			
231	b	1	190.05322266	-9.36333179			
231	b	2	321.09371948	-6.39343119			
231	b	3	468.16213989	-7.54060173			
231	b	4	569.20983887	-7.73287582			
231	b	5	682.29388428	-8.89919376			
231	b	6	797.32080078	-9.01077080			
231	b	7	957.35150146	-9.96578407			
231	b	8	1058.39916992	-9.96578407			
231	b	9	1195.45812988	-9.81547165			
231	b	10	1308.54223633	-9.69563961			
231	b	11	1407.61059570	-9.55337048			
231	b	12	1536.65319824	-9.72379589			
231	b	13	1650.69616699	-9.81916714			
231	b	14	1707.71765137	-9.32268524			
231	b	15	1820.80175781	-9.75257397			
231	b	16	1933.88586426	-9.84422302			
231	b	17	2048.91284180	-9.88690376			
231	b	18	2119.95019531	-9.89452076			
231	b	19	2190.98730469	-9.87556648			
231	b	20	2305.03027344	-9.91797733			
231	b	21	2452.09863281	-9.96578407			
231	b	22	2581.14111328	-9.96578407			
231	b	23	2709.19970703	-9.94608784			
231	b	24	2856.26806641	-9.96287727			
231	b	25	2969.35205078	-9.96578407			
231	b	26	3097.41064453	-9.96578407			
231	b	27	3226.45312500	-9.96448231			
231	y	1	175.11891174	-6.78451157			
231	y	2	304.16146851	-8.01176548			
231	y	3	432.22006226	-6.94938993			
231	y	4	545.30413818	-7.68531990			
231	y	5	692.37255859	-7.38682413			
231	y	6	820.43115234	-7.26841307			
231	y	7	949.47375488	-7.11290073			
231	y	8	1096.54223633	-7.15725327			
231	y	9	1210.58520508	-6.90142202			
231	y	10	1281.62231445	-7.39429665			
231	y	11	1352.65942383	-7.56627131			
231	y	12	1467.68640137	-7.53424215			
231	y	13	1580.77050781	-8.42327881			
231	y	14	1693.85461426	-9.43633556			
231	y	15	1750.87609863	-9.27234840			
231	y	16	1864.91906738	-9.50091743			
231	y	17	1993.96166992	-9.83005428			
231	y	18	2093.03002930	-9.73466110			
231	y	19	2206.11401367	-9.90652561			
231	y	20	2343.17285156	-9.96578407			
231	y	21	2444.22045898	-9.96578407			
231	y	22	2604.25122070	-9.96578407			
231	y	23	2719.27807617	-9.96578407			
231	y	24	2832.36206055	-9.96578407			
231	y	25	2933.40966797	-9.96578407			
231	y	26	3080.47802734	-9.96184826			
231	y	27	3211.51855469	-9.96043110			
232	b	1	158.04476929	-9.86557579			
232	b	2	255.09753418	-6.63765478			
232	b	3	342.12954712	-8.07007885			
232	b	4	470.22451782	-8.48923588			
232	b	5	583.30859375	-9.43850613			
232	b	6	739.40972900	-8.98764038			
232	b	7	925.48907471	-9.31322098			
232	b	8	982.51055908	-9.34798717			
232	b	9	1096.55346680	-8.77093887			
232	b	10	1167.59057617	-9.23901558			
232	b	11	1224.61206055	-9.47891521			
232	b	12	1295.64916992	-9.50485325			
232	b	13	1424.69177246	-9.46379662			
232	b	14	1587.75512695	-9.72416973			
232	b	15	1700.83923340	-9.94873619			
232	b	16	1831.87976074	-9.96578407			
232	b	17	1960.92236328	-9.91376209			
232	b	18	2047.95434570	-9.96578407			
232	b	19	2149.00219727	-9.96220207			
232	b	20	2206.02368164	-9.96578407			
232	b	21	2305.09204102	-9.96578407			
232	b	22	2452.16040039	-9.96506119			
232	b	23	2553.20800781	-9.96578407			
232	b	24	2654.25561523	-9.96578407			
232	b	25	2785.29614258	-9.96578407			
232	b	26	2914.33862305	-9.96578407			
232	y	1	147.11276245	-7.57737923			
232	y	2	276.15533447	-8.23830223			
232	y	3	407.19583130	-7.82044077			
232	y	4	508.24349976	-7.56196737			
232	y	5	609.29119873	-7.30768633			
232	y	6	756.35961914	-6.09054136			
232	y	7	855.42803955	-7.92585897			
232	y	8	912.44952393	-6.74727821			
232	y	9	1013.49719238	-8.09785080			
232	y	10	1100.52917480	-8.13520336			
232	y	11	1229.57177734	-8.75651073			
232	y	12	1360.61230469	-9.20882511			
232	y	13	1473.69641113	-9.65778255			
232	y	14	1636.75976562	-9.92580700			
232	y	15	1765.80236816	-9.96578407			
232	y	16	1836.83947754	-9.95143509			
232	y	17	1893.86096191	-9.94665432			
232	y	18	1964.89807129	-9.91279602			
232	y	19	2078.94091797	-9.93487453			
232	y	20	2135.96240234	-9.91317749			
232	y	21	2322.04174805	-9.96578407			
232	y	22	2478.14282227	-9.96578407			
232	y	23	2591.22680664	-9.96578407			
232	y	24	2719.32177734	-9.96578407			
232	y	25	2806.35375977	-9.95708561			
232	y	26	2903.40649414	-9.96578407			
233	b	1	100.07564545	-9.89246178			
233	b	2	229.11822510	-4.79959822			
233	b	3	376.15359497	-9.01813412			
233	b	4	477.20126343	-9.58332062			
233	b	5	606.24389648	-9.82969856			
233	b	6	753.31231689	-9.84186935			
233	b	7	882.35491943	-9.82034206			
233	b	8	997.38183594	-9.79906845			
233	b	9	1110.46582031	-9.91147709			
233	y	1	147.11276245	-5.55617762			
233	y	2	260.19680786	-6.18606329			
233	y	3	375.22375488	-7.46239614			
233	y	4	504.26632690	-7.99980736			
233	y	5	651.33477783	-6.26290751			
233	y	6	780.37738037	-6.89679289			
233	y	7	881.42504883	-5.75616169			
233	y	8	1028.46044922	-5.38359785			
233	y	9	1157.50305176	-8.06757259			
234	b	1	148.07565308	-9.88338947			
234	b	2	205.09712219	-6.25840139			
234	b	3	304.16552734	-6.01257610			
234	b	4	433.20809937	-6.55144882			
234	b	5	561.26672363	-7.29275608			
234	b	6	724.33001709	-7.48983479			
234	b	7	823.39843750	-9.04668903			
234	b	8	938.42535400	-9.11362553			
234	b	9	1085.46069336	-9.68495274			
234	b	10	1184.52905273	-9.79735470			
234	b	11	1331.59753418	-9.96578407			
234	b	12	1402.63464355	-9.95657253			
234	b	13	1489.66662598	-9.95877457			
234	b	14	1636.73498535	-9.96578407			
234	b	15	1749.81909180	-9.93808460			
234	y	1	175.11891174	-6.08404684			
234	y	2	288.20297241	-8.23252964			
234	y	3	435.27139282	-7.78160334			
234	y	4	522.30346680	-6.18542767			
234	y	5	593.34057617	-5.93118286			
234	y	6	740.40899658	-5.38915205			
234	y	7	839.47741699	-6.57788706			
234	y	8	986.51281738	-6.60676241			
234	y	9	1101.53979492	-5.33271170			
234	y	10	1200.60815430	-5.59738636			
234	y	11	1363.67150879	-6.13707829			
234	y	12	1491.73010254	-6.82724524			
234	y	13	1620.77270508	-8.14735794			
234	y	14	1719.84106445	-9.96578407			
234	y	15	1776.86254883	-9.90095615			
235	b	1	130.04981995	-9.19702530			
235	b	2	217.08184814	-8.40450668			
235	b	3	377.11254883	-9.89465809			
235	b	4	492.13949585	-9.84663486			
235	b	5	882.20428467	-9.81411362			
235	b	6	995.28833008	-9.73309898			
235	b	7	1123.34680176	-9.74638462			
235	b	8	1180.36828613	-9.84345341			
235	b	9	1327.43664551	-9.96578407			
235	b	10	1455.49523926	-9.96578407			
235	b	11	1568.57934570	-9.95339680			
235	b	12	1639.61645508	-9.96578407			
235	b	13	1776.67541504	-9.96578407			
235	b	14	1863.70739746	-9.96578407			
235	b	15	1976.79150391	-9.85467720			
235	b	16	2033.81298828	-9.79865074			
235	b	17	2090.83447266	-9.89818096			
235	b	18	2147.85595703	-9.89175701			
235	b	19	2248.90356445	-9.96578407			
235	b	20	2305.92504883	-9.96578407			
235	b	21	2392.95703125	-9.96578407			
235	b	22	2449.97851562	-9.96578407			
235	b	23	2581.01904297	-9.96578407			
235	b	24	2638.04052734	-9.95000553			
235	b	25	2739.08813477	-9.96578407			
235	b	26	2852.17211914	-9.96578407			
235	b	27	2965.25610352	-9.96578407			
235	b	28	3078.34008789	-9.96578407			
235	b	29	3165.37207031	-9.96578407			
235	y	1	147.11276245	-6.92376566			
235	y	2	234.14479065	-5.81506777			
235	y	3	347.22885132	-6.57492256			
235	y	4	460.31289673	-7.04625654			
235	y	5	573.39697266	-8.55259323			
235	y	6	674.44464111	-9.09691525			
235	y	7	731.46612549	-7.30522680			
235	y	8	862.50659180	-8.81683159			
235	y	9	919.52807617	-7.76521540			
235	y	10	1006.56011963	-8.28062057			
235	y	11	1063.58154297	-7.36732340			
235	y	12	1164.62927246	-9.01829624			
235	y	13	1221.65075684	-8.81908417			
235	y	14	1278.67224121	-8.22741699			
235	y	15	1335.69372559	-6.44546795			
235	y	16	1448.77783203	-9.13513088			
235	y	17	1535.80981445	-8.60196304			
235	y	18	1672.86877441	-9.05166435			
235	y	19	1743.90588379	-9.36066628			
235	y	20	1856.98999023	-9.96062851			
235	y	21	1985.04858398	-9.83187866			
235	y	22	2132.11694336	-9.96578407			
235	y	23	2189.13842773	-9.82763481			
235	y	24	2317.19702148	-9.94224834			
235	y	25	2430.28100586	-9.95845318			
235	y	26	2820.34570312	-9.92970276			
235	y	27	2935.37255859	-9.95048618			
235	y	28	3095.40332031	-9.94069195			
235	y	29	3182.43530273	-9.93668747			
236	b	1	132.04771423	-9.63303947			
236	b	2	245.13177490	-6.64316940			
236	b	3	346.17944336	-7.70769501			
236	b	4	403.20089722	-9.41732883			
236	b	5	504.24856567	-8.23790169			
236	b	6	591.28063965	-9.08124065			
236	b	7	719.33923340	-7.80994320			
236	b	8	790.37634277	-7.27321577			
236	b	9	847.39782715	-8.31554699			
236	b	10	1237.46252441	-9.75098133			
236	b	11	1308.49963379	-9.58894062			
236	b	12	1407.56799316	-9.51355648			
236	b	13	1520.65209961	-9.65719700			
236	b	14	1633.73620605	-9.95343781			
236	b	15	1732.80456543	-9.96578407			
236	b	16	1803.84167480	-9.96578407			
236	b	17	1874.87878418	-9.96578407			
236	b	18	1931.90026855	-9.53125763			
236	b	19	2030.96862793	-9.87820148			
236	b	20	2087.99023438	-9.96578407			
236	b	21	2217.03271484	-9.96445274			
236	b	22	2364.10107422	-9.92526150			
236	b	23	2493.14355469	-9.90217495			
236	b	24	2564.18066406	-9.96578407			
236	b	25	2621.20214844	-9.96578407			
236	b	26	2734.28613281	-9.95222282			
236	b	27	2821.31811523	-9.96578407			
236	y	1	147.11276245	-7.49520159			
236	y	2	234.14479065	-6.66959190			
236	y	3	347.22885132	-8.69999123			
236	y	4	404.25030518	-6.93642282			
236	y	5	475.28741455	-6.80192375			
236	y	6	604.33001709	-7.63445997			
236	y	7	751.39843750	-6.95277596			
236	y	8	880.44104004	-8.12073517			
236	y	9	937.46252441	-5.44323063			
236	y	10	1036.53088379	-7.86310434			
236	y	11	1093.55236816	-5.50133038			
236	y	12	1164.58947754	-5.60699844			
236	y	13	1235.62658691	-4.80614662			
236	y	14	1334.69494629	-5.61915922			
236	y	15	1447.77905273	-5.88743067			
236	y	16	1560.86315918	-5.91466904			
236	y	17	1659.93151855	-7.48408556			
236	y	18	1730.96862793	-8.44703102			
236	y	19	2121.03344727	-9.71368217			
236	y	20	2178.05493164	-8.71430016			
236	y	21	2249.09204102	-9.64391232			
236	y	22	2377.15063477	-9.82415199			
236	y	23	2464.18261719	-9.75271893			
236	y	24	2565.23022461	-9.96578407			
236	y	25	2622.25170898	-9.81059647			
236	y	26	2723.29931641	-9.96578407			
236	y	27	2836.38330078	-9.94289303			
237	b	1	88.03926086	-9.87145615			
237	b	2	145.06072998	-8.57707596			
237	b	3	260.08767700	-6.40778399			
237	b	4	331.12478638	-6.72084761			
237	b	5	402.16189575	-5.53385496			
237	b	6	515.24597168	-6.46499252			
237	b	7	586.28308105	-7.59599066			
237	b	8	701.30999756	-7.83916235			
237	b	9	848.34539795	-7.66442251			
237	b	10	1017.41931152	-7.56280661			
237	b	11	1114.47204590	-9.84813499			
237	b	12	1171.49353027	-9.87448692			
237	b	13	1299.58850098	-9.42051029			
237	b	14	1396.64123535	-9.96186352			
237	b	15	1527.68176270	-9.73343849			
237	b	16	1687.71252441	-9.96578407			
237	b	17	1786.78088379	-9.96073246			
237	b	18	1915.82348633	-9.92982292			
237	b	19	2002.85546875	-9.96578407			
237	b	20	2149.92407227	-9.96578407			
237	b	21	2236.95605469	-9.96578407			
237	b	22	2351.98291016	-9.95232487			
237	b	23	2515.04614258	-9.96578407			
237	b	24	2612.09887695	-9.95969105			
237	b	25	2709.15161133	-9.95598698			
237	b	26	2822.23559570	-9.96389103			
237	b	27	2879.25708008	-9.95573521			
237	y	1	175.11891174	-7.47405577			
237	y	2	232.14038086	-7.99227524			
237	y	3	345.22442627	-9.80855370			
237	y	4	442.27719116	-7.98629951			
237	y	5	539.32995605	-5.67646551			
237	y	6	702.39331055	-5.96868086			
237	y	7	817.42022705	-8.10750580			
237	y	8	904.45227051	-7.13341999			
237	y	9	1051.52075195	-8.09631920			
237	y	10	1138.55273438	-7.23592758			
237	y	11	1267.59533691	-8.13710976			
237	y	12	1366.66369629	-8.95475101			
237	y	13	1526.69433594	-9.88351917			
237	y	14	1657.73486328	-9.89037323			
237	y	15	1754.78759766	-9.69568920			
237	y	16	1882.88256836	-9.96578407			
237	y	17	1939.90405273	-9.96578407			
237	y	18	2036.95678711	-9.91141415			
237	y	19	2206.03076172	-9.96578407			
237	y	20	2353.06616211	-9.96578407			
237	y	21	2468.09301758	-9.96578407			
237	y	22	2539.13012695	-9.96578407			
237	y	23	2652.21411133	-9.96481323			
237	y	24	2723.25122070	-9.96578407			
237	y	25	2794.28833008	-9.95697784			
237	y	26	2909.31518555	-9.95284176			
237	y	27	2966.33666992	-9.96020126			
238	b	1	129.06581116	-9.39010525			
238	b	2	244.09274292	-6.43743515			
238	b	3	357.17678833	-6.72757292			
238	b	4	454.22955322	-9.65236282			
238	b	5	568.27252197	-9.83863831			
238	b	6	669.32019043	-9.71800327			
238	b	7	816.35559082	-9.74478149			
238	b	8	930.39849854	-9.92651749			
238	b	9	1001.43560791	-9.61957932			
238	b	10	1072.47265625	-9.96578407			
238	b	11	1201.51525879	-9.93344116			
238	b	12	1314.59936523	-9.96578407			
238	b	13	1415.64709473	-9.96578407			
238	b	14	1530.67407227	-9.91879177			
238	b	15	1658.76904297	-9.96578407			
238	b	16	1771.85314941	-9.96578407			
238	b	17	1828.87463379	-9.93840027			
238	b	18	1941.95874023	-9.96578407			
238	b	19	2079.01782227	-9.96578407			
238	b	20	2166.04980469	-9.96578407			
238	b	21	2279.13378906	-9.96578407			
238	y	1	175.11891174	-7.06938982			
238	y	2	288.20297241	-9.01055336			
238	y	3	375.23501587	-7.69518566			
238	y	4	512.29394531	-7.26766539			
238	y	5	625.37799072	-8.95591164			
238	y	6	682.39947510	-6.08445263			
238	y	7	795.48352051	-7.27346659			
238	y	8	923.57849121	-7.62551928			
238	y	9	1038.60534668	-7.79755783			
238	y	10	1139.65307617	-7.03532791			
238	y	11	1252.73718262	-8.85982037			
238	y	12	1381.77978516	-8.94275856			
238	y	13	1452.81689453	-9.23072910			
238	y	14	1523.85400391	-9.89847851			
238	y	15	1637.89697266	-9.74779797			
238	y	16	1784.93237305	-9.92705822			
238	y	17	1885.98010254	-9.88648129			
238	y	18	2000.02307129	-9.95064545			
238	y	19	2097.07592773	-9.96578407			
238	y	20	2210.15991211	-9.95955563			
238	y	21	2325.18676758	-9.96578407			
239	b	1	100.07564545	-9.86279488			
239	b	2	215.10258484	-6.65485144			
239	b	3	344.14517212	-6.52525187			
239	b	4	504.17581177	-7.87755585			
239	b	5	601.22857666	-9.13894844			
239	b	6	714.31262207	-9.18471718			
239	b	7	877.37591553	-9.25079823			
239	b	8	934.39739990	-9.75294113			
239	b	9	1071.45629883	-9.64485073			
239	b	10	1202.49682617	-9.43112087			
239	b	11	1301.56518555	-8.92332172			
239	b	12	1388.59716797	-9.54543972			
239	b	13	1503.62414551	-9.15287018			
239	b	14	1632.66674805	-8.99406528			
239	b	15	1779.73522949	-9.76719666			
239	b	16	1908.77783203	-9.70046234			
239	b	17	2036.83642578	-9.78337002			
239	b	18	2149.92065430	-9.95424271			
239	b	19	2236.95263672	-9.96578407			
239	b	20	2323.98461914	-9.96578407			
239	b	21	2453.02709961	-9.95209026			
239	b	22	2524.06420898	-9.96578407			
239	b	23	2637.14819336	-9.91971016			
239	b	24	2766.19067383	-9.96268368			
239	b	25	2837.22778320	-9.95630836			
239	b	26	2908.26489258	-9.96578407			
239	y	1	175.11891174	-6.87876511			
239	y	2	246.15602112	-8.47088909			
239	y	3	317.19311523	-7.19150639			
239	y	4	446.23568726	-7.51221418			
239	y	5	559.31976318	-7.51609278			
239	y	6	630.35687256	-7.04235649			
239	y	7	759.39947510	-7.62181759			
239	y	8	846.43151855	-6.64133215			
239	y	9	933.46356201	-4.85092688			
239	y	10	1046.54760742	-6.40223169			
239	y	11	1174.60620117	-6.87800074			
239	y	12	1303.64880371	-7.55187559			
239	y	13	1450.71728516	-8.79976845			
239	y	14	1579.75988770	-9.38826942			
239	y	15	1694.78686523	-9.62381077			
239	y	16	1781.81884766	-9.21161747			
239	y	17	1880.88720703	-9.84455681			
239	y	18	2011.92773438	-9.84231281			
239	y	19	2148.98657227	-9.91889191			
239	y	20	2206.00805664	-9.92456245			
239	y	21	2369.07128906	-9.91319466			
239	y	22	2482.15527344	-9.96578407			
239	y	23	2579.20800781	-9.95573616			
239	y	24	2739.23852539	-9.96251297			
239	y	25	2868.28100586	-9.96209431			
239	y	26	2983.30786133	-9.96578407			
240	b	1	241.19100952	-9.95998859			
240	b	2	355.23394775	-3.64925766			
240	b	3	468.31802368	-6.59118557			
240	b	4	597.36065674	-6.10864162			
240	b	5	696.42907715	-8.97716618			
240	b	6	811.45599365	-8.85512638			
240	b	7	908.50872803	-9.96068287			
240	b	8	1022.55163574	-9.79597950			
240	b	9	1135.63562012	-9.92122364			
240	b	10	1263.69421387	-9.91265965			
240	b	11	1334.73132324	-9.96293736			
240	b	12	1433.79968262	-9.95775318			
240	y	1	175.11891174	-6.21249294			
240	y	2	274.18731689	-9.02836227			
240	y	3	345.22442627	-8.28832722			
240	y	4	473.28298950	-7.55413103			
240	y	5	586.36706543	-8.64080238			
240	y	6	700.40997314	-8.99902534			
240	y	7	797.46276855	-3.38174605			
240	y	8	912.48968506	-4.84090185			
240	y	9	1011.55810547	-5.43206787			
240	y	10	1140.60070801	-5.56147671			
240	y	11	1253.68481445	-7.50483656			
240	y	12	1367.72778320	-9.76007271			
241	b	1	115.05016327	-9.30257320			
241	b	2	243.10873413	-5.25151873			
241	b	3	314.14584351	-5.48437452			
241	b	4	461.21426392	-7.12858820			
241	b	5	574.29833984	-7.53163815			
241	b	6	813.43487549	-9.21245480			
241	b	7	960.47027588	-8.52101612			
241	b	8	1047.50219727	-9.27229977			
241	b	9	1148.54992676	-9.36600208			
241	b	10	1277.59252930	-9.05780602			
241	b	11	1406.63513184	-9.08053970			
241	b	12	1477.67224121	-9.36033440			
241	b	13	1548.70935059	-8.98711967			
241	b	14	1662.75231934	-9.50547409			
241	b	15	1763.80004883	-9.91179371			
241	b	16	1910.83544922	-9.81489468			
241	b	17	2009.90380859	-9.83598232			
241	b	18	2123.94677734	-9.88299942			
241	b	19	2287.01000977	-9.95882416			
241	b	20	2450.07324219	-9.96578407			
241	b	21	2551.12084961	-9.91648483			
241	b	22	2638.15283203	-9.93474293			
241	b	23	2737.22119141	-9.93230438			
241	b	24	2838.26879883	-9.96578407			
241	b	25	2935.32153320	-9.96265888			
241	b	26	3034.38989258	-9.96578407			
241	b	27	3147.47387695	-9.96284103			
241	y	1	175.11891174	-6.81501150			
241	y	2	288.20297241	-8.32756996			
241	y	3	387.27139282	-9.72729588			
241	y	4	484.32415771	-5.94240761			
241	y	5	585.37188721	-6.59678411			
241	y	6	684.44030762	-7.91686440			
241	y	7	771.47235107	-6.90756130			
241	y	8	872.52001953	-6.54023170			
241	y	9	1035.58337402	-6.43119335			
241	y	10	1198.64672852	-7.33778763			
241	y	11	1312.68969727	-6.82191801			
241	y	12	1411.75805664	-7.72092581			
241	y	13	1558.79345703	-9.36318398			
241	y	14	1659.84118652	-9.55563354			
241	y	15	1773.88415527	-9.61863136			
241	y	16	1844.92126465	-9.76315975			
241	y	17	1915.95837402	-9.89363384			
241	y	18	2045.00097656	-9.89211369			
241	y	19	2174.04345703	-9.92405605			
241	y	20	2275.09106445	-9.96578407			
241	y	21	2362.12304688	-9.91443634			
241	y	22	2509.15844727	-9.88862228			
241	y	23	2748.29492188	-9.96324730			
241	y	24	2861.37890625	-9.95590210			
241	y	25	3008.44726562	-9.92975712			
241	y	26	3079.48437500	-9.92991352			
241	y	27	3207.54296875	-9.96578407			
242	b	1	114.09134674	-9.94480896			
242	b	2	201.12338257	-5.94141817			
242	b	3	330.16598511	-6.37232208			
242	b	4	443.25003052	-9.53974247			
242	b	5	572.29266357	-9.85894871			
242	b	6	643.32977295	-9.76910210			
242	b	7	714.36688232	-9.88835335			
242	b	8	827.45092773	-9.90062809			
242	b	9	955.50952148	-9.94070148			
242	y	1	175.11891174	-5.69071865			
242	y	2	303.17745972	-7.83686543			
242	y	3	416.26150513	-7.06137180			
242	y	4	487.29861450	-6.06929636			
242	y	5	558.33575439	-5.19193983			
242	y	6	687.37835693	-4.35154390			
242	y	7	800.46240234	-5.11025572			
242	y	8	929.50500488	-6.05007219			
242	y	9	1016.53704834	-6.08790779			
243	b	1	213.96447754	-9.86765957			
243	b	2	327.04855347	-5.57818270			
243	b	3	440.13259888	-6.02415991			
243	b	4	553.21667480	-6.73525667			
243	b	5	666.30072021	-7.11471891			
243	b	6	779.38476562	-8.17561626			
243	b	7	942.44805908	-9.33859539			
243	b	8	1071.49060059	-9.40417957			
243	b	9	1172.53833008	-9.72108650			
243	b	10	1243.57543945	-9.38749695			
243	b	11	1356.65954590	-9.60531616			
243	b	12	1469.74365234	-9.96578407			
243	b	13	1556.77563477	-9.96578407			
243	b	14	1643.80761719	-9.96578407			
243	b	15	1700.82910156	-9.96578407			
243	b	16	1847.89758301	-9.94625759			
243	b	17	1934.92956543	-9.96578407			
243	b	18	2048.01367188	-9.96578407			
243	b	19	2177.05639648	-9.89433384			
243	b	20	2292.08325195	-9.91667080			
243	b	21	2389.13598633	-9.92946815			
243	b	22	2517.19458008	-9.94866657			
243	b	23	2618.24218750	-9.94730473			
243	b	24	2755.30102539	-9.94947624			
243	b	25	2826.33813477	-9.96046829			
243	b	26	2940.38110352	-9.96125889			
243	y	1	175.11891174	-7.05798960			
243	y	2	289.16183472	-9.21580410			
243	y	3	360.19894409	-7.83064985			
243	y	4	497.25784302	-8.43666553			
243	y	5	598.30554199	-8.01165199			
243	y	6	726.36413574	-8.49047661			
243	y	7	823.41687012	-5.79260874			
243	y	8	938.44378662	-7.08154202			
243	y	9	1067.48632812	-7.98557758			
243	y	10	1180.57043457	-9.14789581			
243	y	11	1267.60241699	-9.02230549			
243	y	12	1414.67089844	-9.63424301			
243	y	13	1471.69238281	-9.73604870			
243	y	14	1558.72436523	-9.83841133			
243	y	15	1645.75634766	-9.72227192			
243	y	16	1758.84045410	-9.96578407			
243	y	17	1871.92456055	-9.96578407			
243	y	18	1942.96166992	-9.96578407			
243	y	19	2044.00939941	-9.96578407			
243	y	20	2173.05200195	-9.96578407			
243	y	21	2336.11523438	-9.96578407			
243	y	22	2449.19921875	-9.96578407			
243	y	23	2562.28320312	-9.95295525			
243	y	24	2675.36718750	-9.96578407			
243	y	25	2788.45117188	-9.95690918			
243	y	26	2901.53515625	-9.95715714			
244	b	1	174.05831909	-9.66699123			
244	b	2	245.09542847	-5.63941288			
244	b	3	358.17947388	-5.84348011			
244	b	4	429.21658325	-7.55927658			
244	b	5	647.26226807	-8.34926891			
244	b	6	704.28375244	-9.34669113			
244	b	7	761.30523682	-9.12749672			
244	b	8	832.34234619	-8.19916153			
244	b	9	931.41076660	-8.68901825			
244	b	10	1078.47912598	-9.18729973			
244	b	11	1149.51623535	-9.52381706			
244	b	12	1278.55883789	-9.78232861			
244	b	13	1407.60144043	-9.73948002			
244	b	14	1464.62292480	-9.33636951			
244	b	15	1577.70703125	-9.80303383			
244	b	16	1678.75476074	-9.96578407			
244	b	17	1791.83886719	-9.96578407			
244	b	18	1905.88183594	-9.96578407			
244	b	19	2018.96594238	-9.96578407			
244	b	20	2148.00854492	-9.96578407			
244	b	21	2263.03540039	-9.96099091			
244	b	22	2362.10375977	-9.96578407			
244	b	23	2490.16235352	-9.96578407			
244	b	24	2587.21508789	-9.94187164			
244	b	25	2724.27392578	-9.93794918			
244	b	26	2839.30078125	-9.96578407			
244	b	27	2952.38476562	-9.96578407			
244	b	28	3009.40625000	-9.96578407			
244	y	1	147.11276245	-7.01765347			
244	y	2	204.13423157	-7.41170216			
244	y	3	317.21829224	-7.37183619			
244	y	4	432.24523926	-8.07300282			
244	y	5	569.30419922	-8.90966225			
244	y	6	666.35693359	-5.31616306			
244	y	7	794.41552734	-7.76114368			
244	y	8	893.48394775	-7.49174070			
244	y	9	1008.51086426	-7.22125387			
244	y	10	1137.55346680	-6.96764135			
244	y	11	1250.63757324	-8.18483639			
244	y	12	1364.68054199	-7.45745564			
244	y	13	1477.76464844	-8.75427723			
244	y	14	1578.81237793	-7.69700861			
244	y	15	1691.89648438	-9.79441452			
244	y	16	1748.91796875	-9.38714123			
244	y	17	1877.96057129	-9.67785072			
244	y	18	2007.00317383	-9.79397964			
244	y	19	2078.04028320	-9.83819294			
244	y	20	2225.10864258	-9.89587307			
244	y	21	2324.17700195	-9.89991188			
244	y	22	2395.21411133	-9.95185471			
244	y	23	2452.23559570	-9.92552567			
244	y	24	2509.25708008	-9.96485138			
244	y	25	2727.30273438	-9.96578407			
244	y	26	2798.33984375	-9.96578407			
244	y	27	2911.42382812	-9.96578407			
244	y	28	2982.46093750	-9.96578407			
245	b	1	114.09129333	-9.96578407			
245	b	2	185.12841797	-4.40479755			
245	b	3	298.21249390	-8.46330166			
245	b	4	413.23944092	-5.80960560			
245	b	5	526.32354736	-9.28262997			
245	b	6	655.36614990	-8.95043945			
245	b	7	768.45019531	-9.45990086			
245	b	8	839.48730469	-9.85721111			
245	b	9	940.53497314	-9.91834164			
245	b	10	1103.59826660	-9.95432281			
245	b	11	1259.69934082	-9.94610882			
245	y	1	147.11276245	-6.75255156			
245	y	2	303.21383667	-8.83329201			
245	y	3	466.27716064	-8.41717625			
245	y	4	567.32489014	-7.24642611			
245	y	5	638.36199951	-5.63563538			
245	y	6	751.44604492	-5.43955946			
245	y	7	880.48864746	-5.62469959			
245	y	8	993.57269287	-6.14089346			
245	y	9	1108.59960938	-5.02473974			
245	y	10	1221.68371582	-7.78870440			
245	y	11	1292.72082520	-9.37321377			
246	b	1	72.04434967	-9.89849567			
246	b	2	173.09202576	-6.09194565			
246	b	3	258.10836792	-7.28891039			
246	b	4	359.15603638	-7.69286489			
246	b	5	487.21463013	-8.42250061			
246	b	6	600.29870605	-9.24607277			
246	b	7	760.32940674	-9.89649963			
246	b	8	873.41345215	-9.96578407			
246	b	9	1002.45605469	-9.96222210			
246	b	10	1089.48803711	-9.96578407			
246	b	11	1176.52001953	-9.96578407			
246	b	12	1273.57275391	-9.96578407			
246	y	1	147.11276245	-7.15222836			
246	y	2	244.16552734	-5.67764854			
246	y	3	331.19754028	-7.48138380			
246	y	4	418.22958374	-6.06831408			
246	y	5	547.27221680	-6.28458595			
246	y	6	660.35626221	-6.49356413			
246	y	7	820.38696289	-9.54045486			
246	y	8	933.47100830	-9.11611080			
246	y	9	1061.52954102	-9.96578407			
246	y	10	1162.57727051	-9.96578407			
246	y	11	1247.59362793	-9.34911060			
246	y	12	1348.64135742	-9.96578407			
247	b	1	130.04981995	-9.15877914			
247	b	2	187.07128906	-5.73769808			
247	b	3	334.13970947	-4.89081144			
247	b	4	433.20812988	-9.47284889			
247	b	5	562.25079346	-9.70456409			
247	b	6	725.31414795	-9.81165791			
247	b	7	826.36181641	-9.90596867			
247	b	8	955.40441895	-9.81235218			
247	b	9	1083.46289062	-9.84082508			
247	b	10	1182.53125000	-9.85701942			
247	b	11	1281.59960938	-9.94816113			
247	y	1	147.11276245	-5.39091539			
247	y	2	246.18116760	-6.74540806			
247	y	3	345.24957275	-7.93577576			
247	y	4	473.30813599	-7.72289371			
247	y	5	602.35076904	-7.49021292			
247	y	6	703.39843750	-5.50432396			
247	y	7	866.46179199	-5.72523880			
247	y	8	995.50439453	-4.53551626			
247	y	9	1094.57275391	-6.05021715			
247	y	10	1241.64111328	-9.83036709			
247	y	11	1298.66259766	-9.90984821			
248	b	1	114.09129333	-9.96578407			
248	b	2	227.17535400	-5.90973663			
248	b	3	356.21792603	-8.62380600			
248	b	4	471.24487305	-8.54713917			
248	b	5	528.26635742	-9.34998035			
248	b	6	657.30895996	-8.34528160			
248	b	7	772.33587646	-7.85567522			
248	b	8	919.40429688	-8.29738426			
248	b	9	1033.44714355	-7.42441845			
248	b	10	1146.53125000	-7.95666170			
248	b	11	1203.55273438	-9.05607700			
248	b	12	1332.59533691	-8.86341763			
248	b	13	1403.63244629	-8.62629986			
248	b	14	1516.71655273	-9.78221226			
248	b	15	1631.74353027	-9.76184464			
248	b	16	1718.77551270	-9.96578407			
248	b	17	1805.80749512	-9.96578407			
248	b	18	1919.85046387	-9.96578407			
248	b	19	2006.88244629	-9.96578407			
248	b	20	2137.92309570	-9.92830467			
248	b	21	2265.98168945	-9.96578407			
248	b	22	2367.02929688	-9.96578407			
248	b	23	2480.11328125	-9.96578407			
248	b	24	2608.17187500	-9.96264648			
248	y	1	147.11276245	-6.20262909			
248	y	2	275.17132568	-6.44530535			
248	y	3	388.25540161	-7.47636747			
248	y	4	489.30307007	-6.82730341			
248	y	5	617.36169434	-7.37341738			
248	y	6	748.40216064	-7.34318829			
248	y	7	835.43420410	-6.85807085			
248	y	8	949.47711182	-7.41605234			
248	y	9	1036.50915527	-7.06756592			
248	y	10	1123.54113770	-6.82880211			
248	y	11	1238.56811523	-5.81508541			
248	y	12	1351.65222168	-8.03395367			
248	y	13	1422.68933105	-8.66942692			
248	y	14	1551.73193359	-9.83937550			
248	y	15	1608.75341797	-9.17651749			
248	y	16	1721.83752441	-9.96578407			
248	y	17	1835.88049316	-9.96578407			
248	y	18	1982.94897461	-9.96578407			
248	y	19	2097.97583008	-9.96578407			
248	y	20	2227.01831055	-9.96578407			
248	y	21	2284.03979492	-9.96578407			
248	y	22	2399.06665039	-9.96578407			
248	y	23	2528.10913086	-9.92877293			
248	y	24	2641.19311523	-9.96578407			
249	b	1	100.07564545	-9.95188427			
249	b	2	214.11857605	-6.33406782			
249	b	3	329.14550781	-6.89782524			
249	b	4	426.19827271	-8.80680752			
249	b	5	539.28234863	-8.75219917			
249	b	6	667.34094238	-8.34309387			
249	b	7	780.42498779	-8.64446354			
249	b	8	895.45190430	-7.88142157			
249	b	9	1008.53594971	-9.39031887			
249	b	10	1137.57849121	-9.62220478			
249	b	11	1238.62622070	-9.96578407			
249	b	12	1295.64770508	-9.94398403			
249	b	13	1423.74267578	-9.96578407			
249	b	14	1536.82678223	-9.96578407			
249	b	15	1637.87451172	-9.96523190			
249	b	16	1752.90148926	-9.95581532			
249	b	17	1899.96984863	-9.96578407			
249	b	18	2013.05395508	-9.96578407			
249	y	1	147.11276245	-6.53377151			
249	y	2	260.19680786	-7.77091360			
249	y	3	407.26522827	-7.18873119			
249	y	4	522.29217529	-8.04081345			
249	y	5	623.33990479	-6.72629166			
249	y	6	736.42395020	-6.34221888			
249	y	7	864.51892090	-8.84105301			
249	y	8	921.54040527	-6.25104809			
249	y	9	1022.58807373	-6.78913832			
249	y	10	1151.63061523	-7.32841444			
249	y	11	1264.71472168	-8.52822685			
249	y	12	1379.74169922	-8.70751858			
249	y	13	1492.82580566	-9.36053085			
249	y	14	1620.88439941	-9.54969406			
249	y	15	1733.96850586	-9.93679619			
249	y	16	1831.02124023	-9.96578407			
249	y	17	1946.04821777	-9.96577072			
249	y	18	2060.09106445	-9.96578407			
250	b	1	114.09129333	-9.90954494			
250	b	2	213.15969849	-4.75405073			
250	b	3	326.24374390	-8.64652252			
250	b	4	427.29141235	-9.73439980			
250	b	5	484.31286621	-9.96578407			
250	b	6	598.35583496	-9.05060577			
250	b	7	711.43988037	-9.12302876			
250	b	8	824.52392578	-9.89977932			
250	b	9	925.57159424	-9.96578407			
250	b	10	1038.65563965	-9.96578407			
250	b	11	1185.72399902	-9.96578407			
250	b	12	1313.78259277	-9.96578407			
250	b	13	1442.82519531	-9.96578407			
250	b	14	1598.92626953	-9.96578407			
250	b	15	1713.95324707	-9.96578407			
250	b	16	1811.00598145	-9.96578407			
250	b	17	1898.03796387	-9.96578407			
250	y	1	147.11276245	-6.77904415			
250	y	2	234.14479065	-8.56597614			
250	y	3	331.19754028	-5.07027817			
250	y	4	446.22448730	-9.73097992			
250	y	5	602.32562256	-8.55539417			
250	y	6	731.36822510	-7.59310436			
250	y	7	859.42681885	-7.22482252			
250	y	8	1006.49523926	-6.50617981			
250	y	9	1119.57934570	-7.58306980			
250	y	10	1220.62707520	-7.02230883			
250	y	11	1333.71118164	-8.18998528			
250	y	12	1446.79528809	-9.61650944			
250	y	13	1560.83825684	-9.90393925			
250	y	14	1617.85974121	-9.89170647			
250	y	15	1718.90747070	-9.94732666			
250	y	16	1831.99157715	-9.96578407			
250	y	17	1931.05993652	-9.96153736			
251	b	1	100.07564545	-9.96578407			
251	b	2	247.14407349	-6.53693247			
251	b	3	346.21249390	-9.51986313			
251	b	4	417.24960327	-9.90636635			
251	b	5	474.27105713	-9.79465771			
251	b	6	587.35516357	-9.94390774			
251	b	7	715.45013428	-9.96578407			
251	b	8	844.49273682	-9.96578407			
251	b	9	959.51965332	-9.94476604			
251	b	10	1060.56726074	-9.93397522			
251	b	11	1189.60986328	-9.94143867			
251	b	12	1318.65246582	-9.96578407			
251	b	13	1455.71142578	-9.93635750			
251	b	14	1592.77038574	-9.96578407			
251	b	15	1705.85449219	-9.95223236			
251	y	1	175.11891174	-5.45063829			
251	y	2	288.20297241	-6.43237543			
251	y	3	425.26187134	-5.25684690			
251	y	4	562.32080078	-5.66961861			
251	y	5	691.36340332	-6.49065113			
251	y	6	820.40600586	-7.51828766			
251	y	7	921.45367432	-7.94220257			
251	y	8	1036.48059082	-7.71455860			
251	y	9	1165.52319336	-7.28845596			
251	y	10	1293.61816406	-9.40885925			
251	y	11	1406.70227051	-9.96578407			
251	y	12	1463.72375488	-9.91021824			
251	y	13	1534.76086426	-9.96578407			
251	y	14	1633.82922363	-9.96578407			
251	y	15	1780.89770508	-9.96578407			
252	b	1	158.04476929	-9.90253639			
252	b	2	305.08016968	-6.55545092			
252	b	3	392.11221313	-6.61143160			
252	b	4	505.19625854	-7.25526857			
252	b	5	618.28033447	-7.40690899			
252	b	6	705.31237793	-8.37191963			
252	b	7	818.39642334	-8.72812748			
252	b	8	946.49139404	-9.14445972			
252	b	9	1017.52850342	-9.07779408			
252	b	10	1132.55541992	-8.61922169			
252	b	11	1292.58605957	-9.96578407			
252	b	12	1363.62316895	-9.94570732			
252	b	13	1462.69152832	-9.82211399			
252	b	14	1575.77563477	-9.95390224			
252	b	15	1688.85974121	-9.96578407			
252	b	16	1787.92810059	-9.96578407			
252	b	17	1858.96520996	-9.96578407			
252	b	18	1930.00231934	-9.96578407			
252	b	19	1987.02380371	-9.93197727			
252	b	20	2086.09228516	-9.90641403			
252	b	21	2143.11376953	-9.93946266			
252	b	22	2272.15625000	-9.92488956			
252	b	23	2419.22460938	-9.96578407			
252	b	24	2548.26708984	-9.96578407			
252	b	25	2619.30419922	-9.96578407			
252	b	26	2676.32568359	-9.96578407			
252	b	27	2789.40966797	-9.91493511			
252	b	28	2876.44165039	-9.96578407			
252	y	1	147.11276245	-7.23329020			
252	y	2	234.14479065	-6.65229845			
252	y	3	347.22885132	-8.92703247			
252	y	4	404.25030518	-7.44504309			
252	y	5	475.28741455	-6.96203947			
252	y	6	604.33001709	-8.03274727			
252	y	7	751.39843750	-7.15071535			
252	y	8	880.44104004	-7.69452190			
252	y	9	937.46252441	-5.19376898			
252	y	10	1036.53088379	-7.81393576			
252	y	11	1093.55236816	-5.82873297			
252	y	12	1164.58947754	-6.36882973			
252	y	13	1235.62658691	-6.03767967			
252	y	14	1334.69494629	-6.90103436			
252	y	15	1447.77905273	-7.78293037			
252	y	16	1560.86315918	-8.66231060			
252	y	17	1659.93151855	-9.60516071			
252	y	18	1730.96862793	-9.74530315			
252	y	19	1890.99926758	-9.95730400			
252	y	20	2006.02624512	-9.84865189			
252	y	21	2077.06347656	-9.58806992			
252	y	22	2205.15844727	-9.91490173			
252	y	23	2318.24243164	-9.86090279			
252	y	24	2405.27441406	-9.90280056			
252	y	25	2518.35839844	-9.92123699			
252	y	26	2631.44238281	-9.95803547			
252	y	27	2718.47436523	-9.94589806			
252	y	28	2865.50976562	-9.94474697			
253	b	1	148.04261780	-7.96769238			
253	b	2	263.06954956	-7.80202723			
253	b	3	377.11248779	-7.49422026			
253	b	4	537.14324951	-9.47866440			
253	b	5	666.18585205	-9.67124081			
253	b	6	795.22845459	-9.96578407			
253	b	7	908.31250000	-9.75211716			
253	b	8	1021.39654541	-9.75293827			
253	b	9	1118.44921875	-9.87271309			
253	b	10	1247.49182129	-9.95450687			
253	b	11	1410.55517578	-9.96578407			
253	b	12	1523.63928223	-9.96578407			
253	b	13	1637.68225098	-9.81933403			
253	b	14	1784.75061035	-9.96578407			
253	b	15	1897.83471680	-9.96578407			
253	b	16	2053.93603516	-9.96578407			
253	b	17	2110.95751953	-9.96578407			
253	b	18	2210.02587891	-9.91273594			
253	b	19	2309.09423828	-9.96578407			
253	b	20	2424.12109375	-9.96578407			
253	b	21	2511.15307617	-9.96578407			
253	b	22	2640.19555664	-9.96578407			
253	b	23	2755.22241211	-9.94032192			
253	b	24	2868.30639648	-9.96578407			
253	b	25	2965.35913086	-9.96578407			
253	b	26	3078.44311523	-9.94590378			
253	b	27	3192.48608398	-9.96578407			
253	b	28	3305.57006836	-9.93740749			
253	b	29	3392.60205078	-9.96147537			
253	y	1	175.11891174	-7.12700748			
253	y	2	262.15093994	-8.30912495			
253	y	3	375.23498535	-9.46617508			
253	y	4	489.27792358	-8.64690971			
253	y	5	602.36199951	-9.81985378			
253	y	6	699.41479492	-6.62043810			
253	y	7	812.49884033	-7.69110298			
253	y	8	927.52575684	-8.32196045			
253	y	9	1056.56835938	-8.61270142			
253	y	10	1143.60034180	-7.53415060			
253	y	11	1258.62731934	-7.31593084			
253	y	12	1357.69567871	-7.67027330			
253	y	13	1456.76403809	-9.19414043			
253	y	14	1513.78552246	-8.86760330			
253	y	15	1669.88659668	-9.30048561			
253	y	16	1782.97070312	-9.76917648			
253	y	17	1930.03906250	-9.96578407			
253	y	18	2044.08203125	-9.95689869			
253	y	19	2157.16601562	-9.94211769			
253	y	20	2320.22924805	-9.96578407			
253	y	21	2449.27172852	-9.96578407			
253	y	22	2546.32446289	-9.92626953			
253	y	23	2659.40844727	-9.95370388			
253	y	24	2772.49243164	-9.93141747			
253	y	25	2901.53491211	-9.96578407			
253	y	26	3030.57739258	-9.96578407			
253	y	27	3190.60815430	-9.95030880			
253	y	28	3304.65112305	-9.95538807			
253	y	29	3419.67797852	-9.95538616			
254	b	1	148.04261780	-8.78667736			
254	b	2	262.08554077	-7.08412123			
254	b	3	319.10699463	-8.56836510			
254	b	4	434.13394165	-8.13320160			
254	b	5	563.17657471	-7.70229816			
254	b	6	726.23992920	-8.10767937			
254	b	7	840.28283691	-8.22485065			
254	b	8	939.35125732	-7.81388330			
254	b	9	1067.44616699	-9.22180557			
254	b	10	1168.49389648	-9.04783344			
254	b	11	1281.57800293	-8.93320370			
254	b	12	1396.60498047	-8.61622524			
254	b	13	1467.64208984	-9.13942146			
254	b	14	1595.70068359	-8.20895958			
254	b	15	1692.75341797	-9.96578407			
254	b	16	1749.77490234	-9.96049881			
254	b	17	1820.81201172	-9.94500160			
254	b	18	1967.88049316	-9.96578407			
254	b	19	2068.92822266	-9.96578407			
254	b	20	2228.95898438	-9.94968033			
254	b	21	2392.02221680	-9.96578407			
254	b	22	2505.10620117	-9.94642830			
254	b	23	2620.13305664	-9.94122791			
254	b	24	2691.17016602	-9.96578407			
254	b	25	2748.19165039	-9.94427490			
254	b	26	2861.27563477	-9.95991611			
254	b	27	2932.31274414	-9.96578407			
254	y	1	175.11891174	-6.89251900			
254	y	2	246.15602112	-8.16241837			
254	y	3	359.24008179	-9.36815643			
254	y	4	416.26153564	-8.17990971			
254	y	5	487.29864502	-6.39309072			
254	y	6	602.32562256	-6.78568220			
254	y	7	715.40966797	-7.66328430			
254	y	8	878.47302246	-7.14989614			
254	y	9	1038.50366211	-9.62120342			
254	y	10	1139.55139160	-9.66838646			
254	y	11	1286.61987305	-9.47022152			
254	y	12	1357.65698242	-9.55572033			
254	y	13	1414.67846680	-9.28034878			
254	y	14	1511.73120117	-8.22070026			
254	y	15	1639.78979492	-9.72671413			
254	y	16	1710.82690430	-9.83313942			
254	y	17	1825.85388184	-9.67525387			
254	y	18	1938.93798828	-9.78369236			
254	y	19	2039.98571777	-9.77907085			
254	y	20	2168.08056641	-9.89331150			
254	y	21	2267.14892578	-9.95987511			
254	y	22	2381.19189453	-9.96578407			
254	y	23	2544.25512695	-9.96578407			
254	y	24	2673.29760742	-9.96578407			
254	y	25	2788.32446289	-9.95222473			
254	y	26	2845.34594727	-9.96161556			
254	y	27	2959.38891602	-9.96071720			
255	b	1	129.06581116	-9.88918591			
255	b	2	266.12472534	-6.37436819			
255	b	3	363.17749023	-9.15103340			
255	b	4	549.25683594	-9.43085766			
255	b	5	606.27832031	-9.56584549			
255	b	6	719.36236572	-9.19679546			
255	b	7	790.39947510	-9.11485481			
255	b	8	919.44207764	-8.68589783			
255	b	9	1018.51049805	-9.10196400			
255	b	10	1147.55297852	-9.16172123			
255	b	11	1261.59594727	-9.85747337			
255	b	12	1318.61743164	-9.96578407			
255	b	13	1447.66003418	-9.81431103			
255	b	14	1584.71899414	-9.88635635			
255	b	15	1744.74963379	-9.96578407			
255	b	16	1859.77661133	-9.96578407			
255	b	17	2006.84509277	-9.96578407			
255	b	18	2107.89282227	-9.96578407			
255	b	19	2220.97680664	-9.96578407			
255	b	20	2334.06079102	-9.96578407			
255	y	1	175.11891174	-6.62565088			
255	y	2	288.20297241	-8.81963253			
255	y	3	401.28701782	-9.45890427			
255	y	4	502.33468628	-9.06932831			
255	y	5	649.40313721	-7.38910913			
255	y	6	764.43005371	-8.67646313			
255	y	7	924.46075439	-9.96578407			
255	y	8	1061.51965332	-9.61889553			
255	y	9	1190.56225586	-9.96578407			
255	y	10	1247.58374023	-9.06674099			
255	y	11	1361.62670898	-9.07241726			
255	y	12	1490.66931152	-8.62368870			
255	y	13	1589.73767090	-9.14980602			
255	y	14	1718.78027344	-8.69231701			
255	y	15	1789.81738281	-9.47904110			
255	y	16	1902.90148926	-9.96578407			
255	y	17	1959.92297363	-9.76274967			
255	y	18	2146.00219727	-9.96578407			
255	y	19	2243.05493164	-9.77943802			
255	y	20	2380.11376953	-9.96578407			
256	b	1	206.08116150	-9.95180321			
256	b	2	293.11318970	-8.59640217			
256	b	3	407.15612793	-6.71939850			
256	b	4	554.19152832	-5.92048931			
256	b	5	667.27557373	-6.79235411			
256	b	6	754.30761719	-7.73430443			
256	b	7	867.39166260	-8.62831879			
256	b	8	996.43426514	-7.01793432			
256	b	9	1095.50256348	-8.22109222			
256	b	10	1210.52954102	-8.17934513			
256	b	11	1309.59790039	-9.10122299			
256	b	12	1424.62487793	-9.86693859			
256	b	13	1539.65185547	-9.79104519			
256	b	14	1699.68249512	-9.96578407			
256	b	15	1827.74108887	-9.96578407			
256	b	16	1942.76806641	-9.92784977			
256	b	17	2041.83642578	-9.92921925			
256	b	18	2112.87377930	-9.96578407			
256	b	19	2199.90576172	-9.94980431			
256	b	20	2328.94824219	-9.96413136			
256	b	21	2488.97900391	-9.94032001			
256	b	22	2618.02148438	-9.96578407			
256	b	23	2717.08984375	-9.96213245			
256	y	1	147.11276245	-6.73373938			
256	y	2	246.18116760	-7.53599787			
256	y	3	375.22372437	-9.20685863			
256	y	4	535.25445557	-9.57205677			
256	y	5	664.29705811	-9.83627224			
256	y	6	751.32910156	-9.73754597			
256	y	7	822.36621094	-9.77526665			
256	y	8	921.43463135	-9.67974854			
256	y	9	1036.46154785	-9.76493740			
256	y	10	1164.52014160	-9.96578407			
256	y	11	1324.55078125	-9.96578407			
256	y	12	1439.57775879	-9.96578407			
256	y	13	1554.60473633	-9.96578407			
256	y	14	1653.67309570	-9.96578407			
256	y	15	1768.70007324	-9.96578407			
256	y	16	1867.76843262	-9.94265842			
256	y	17	1996.81103516	-9.96578407			
256	y	18	2109.89501953	-9.65380001			
256	y	19	2196.92700195	-9.86773777			
256	y	20	2310.01098633	-9.96578407			
256	y	21	2457.04638672	-9.96578407			
256	y	22	2571.08935547	-9.96578407			
256	y	23	2658.12133789	-9.96578407			
257	b	1	148.04261780	-9.96578407			
257	b	2	205.06408691	-8.63879490			
257	b	3	262.08554077	-6.70052576			
257	b	4	375.16958618	-7.92514563			
257	b	5	476.21725464	-8.71433640			
257	b	6	547.25439453	-7.13046360			
257	b	7	660.33843994	-7.63096809			
257	b	8	761.38610840	-8.36993027			
257	b	9	908.45452881	-8.58208656			
257	b	10	1022.49743652	-8.68851376			
257	b	11	1150.55590820	-8.42154121			
257	b	12	1237.58789062	-8.30441666			
257	b	13	1350.67199707	-8.27795124			
257	b	14	1463.75610352	-8.81219387			
257	b	15	1550.78808594	-9.22236443			
257	b	16	1647.84082031	-9.96578407			
257	b	17	1760.92492676	-9.73554420			
257	b	18	1874.96789551	-9.87407589			
257	b	19	1988.05200195	-9.83632946			
257	b	20	2117.09472656	-9.83314419			
257	b	21	2216.16308594	-9.86682224			
257	b	22	2331.18994141	-9.66881275			
257	b	23	2428.24267578	-9.89507008			
257	b	24	2542.28564453	-9.93309021			
257	b	25	2655.36962891	-9.96578407			
257	b	26	2783.42822266	-9.96578407			
257	b	27	2854.46533203	-9.96578407			
257	b	28	2953.53369141	-9.96578407			
257	y	1	175.11891174	-6.52238417			
257	y	2	274.18731689	-8.37245369			
257	y	3	345.22442627	-7.64554596			
257	y	4	473.28298950	-7.65559912			
257	y	5	586.36706543	-8.63005066			
257	y	6	700.40997314	-9.34090710			
257	y	7	797.46276855	-4.17642212			
257	y	8	912.48968506	-6.66016960			
257	y	9	1011.55810547	-6.88767576			
257	y	10	1140.60070801	-6.78869915			
257	y	11	1253.68481445	-7.79077196			
257	y	12	1367.72778320	-7.17984295			
257	y	13	1480.81188965	-9.59783363			
257	y	14	1577.86462402	-5.54694319			
257	y	15	1664.89660645	-7.18396950			
257	y	16	1777.98071289	-6.94265366			
257	y	17	1891.06481934	-9.07813358			
257	y	18	1978.09680176	-8.75837326			
257	y	19	2106.15527344	-9.25631046			
257	y	20	2220.19824219	-9.06521320			
257	y	21	2367.26660156	-9.26735973			
257	y	22	2468.31420898	-9.34663582			
257	y	23	2581.39819336	-9.65275764			
257	y	24	2652.43530273	-9.67884159			
257	y	25	2753.48291016	-9.68265438			
257	y	26	2866.56689453	-9.96578407			
257	y	27	2923.58837891	-9.96578407			
257	y	28	2980.60986328	-9.96578407			
258	b	1	58.02870178	-9.94866753			
258	b	2	172.07162476	-4.95128822			
258	b	3	285.15567017	-6.56711149			
258	b	4	445.18637085	-9.86462021			
258	b	5	532.21844482	-9.74752712			
258	b	6	679.28686523	-9.96578407			
258	b	7	736.30834961	-9.67034340			
258	b	8	896.33905029	-9.96578407			
258	b	9	993.39178467	-9.96578407			
258	b	10	1122.43432617	-9.96578407			
258	b	11	1285.49768066	-9.94756031			
258	b	12	1342.51916504	-9.96578407			
258	b	13	1470.57775879	-9.96578407			
258	b	14	1583.66186523	-9.96578407			
258	b	15	1640.68334961	-9.96578407			
258	b	16	1777.74230957	-9.96578407			
258	b	17	1891.78527832	-9.96578407			
258	b	18	1978.81726074	-9.96578407			
258	b	19	2093.84423828	-9.96578407			
258	b	20	2150.86572266	-9.96578407			
258	y	1	147.11276245	-7.10266924			
258	y	2	204.13423157	-6.30260658			
258	y	3	319.16116333	-8.24785519			
258	y	4	406.19320679	-8.01864433			
258	y	5	520.23614502	-6.94683552			
258	y	6	657.29510498	-7.63220358			
258	y	7	714.31658936	-5.82103157			
258	y	8	827.40063477	-6.70432997			
258	y	9	955.45922852	-9.29133987			
258	y	10	1012.48071289	-6.27287292			
258	y	11	1175.54406738	-6.74189663			
258	y	12	1304.58666992	-9.18035984			
258	y	13	1401.63940430	-6.73735619			
258	y	14	1561.67016602	-9.96578407			
258	y	15	1618.69165039	-9.52793694			
258	y	16	1765.76000977	-9.96578407			
258	y	17	1852.79199219	-9.96578407			
258	y	18	2012.82275391	-9.96578407			
258	y	19	2125.90673828	-9.96578407			
258	y	20	2239.94970703	-9.95489693			
259	b	1	72.04434967	-9.72161102			
259	b	2	187.07128906	-9.96578407			
259	b	3	324.13021851	-7.62833261			
259	b	4	452.18881226	-6.10760689			
259	b	5	549.24163818	-9.23247051			
259	b	6	662.32568359	-7.70942068			
259	b	7	763.37335205	-8.52982235			
259	b	8	892.41595459	-7.43942261			
259	b	9	991.48437500	-7.01574183			
259	b	10	1078.51635742	-7.97661114			
259	b	11	1241.57971191	-7.52757311			
259	b	12	1340.64807129	-8.22952652			
259	b	13	1454.69104004	-8.38927841			
259	b	14	1567.77514648	-7.67194033			
259	b	15	1664.82788086	-9.84499836			
259	b	16	1765.87561035	-9.80911064			
259	b	17	1878.95971680	-9.91927338			
259	b	18	1949.99682617	-9.86701107			
259	b	19	2063.08105469	-9.84429550			
259	b	20	2223.11181641	-9.96578407			
259	b	21	2337.15478516	-9.96578407			
259	b	22	2438.20239258	-9.95402908			
259	b	23	2553.22924805	-9.96578407			
259	b	24	2640.26123047	-9.96456814			
259	b	25	2737.31396484	-9.96578407			
259	b	26	2850.39794922	-9.96578407			
259	y	1	175.11891174	-7.16435480			
259	y	2	288.20297241	-9.74226952			
259	y	3	385.25573730	-7.83530188			
259	y	4	472.28775024	-6.08108473			
259	y	5	587.31469727	-7.95103312			
259	y	6	688.36236572	-8.02664089			
259	y	7	802.40527344	-7.27349043			
259	y	8	962.43597412	-9.74128151			
259	y	9	1075.52001953	-9.54279900			
259	y	10	1146.55712891	-9.48408318			
259	y	11	1259.64123535	-9.45831585			
259	y	12	1360.68896484	-9.77875423			
259	y	13	1457.74169922	-8.92368984			
259	y	14	1570.82580566	-9.96578407			
259	y	15	1684.86877441	-9.96578407			
259	y	16	1783.93713379	-9.93788719			
259	y	17	1947.00048828	-9.96578407			
259	y	18	2034.03247070	-9.96578407			
259	y	19	2133.10083008	-9.96578407			
259	y	20	2262.14331055	-9.96578407			
259	y	21	2363.19091797	-9.94117069			
259	y	22	2476.27490234	-9.96578407			
259	y	23	2573.32763672	-9.96578407			
259	y	24	2701.38623047	-9.96578407			
259	y	25	2838.44506836	-9.95256615			
259	y	26	2953.47192383	-9.95914841			
260	b	1	148.04261780	-9.84335899			
260	b	2	334.12191772	-5.87072945			
260	b	3	433.19033813	-8.21714687			
260	b	4	548.21728516	-8.85512257			
260	b	5	605.23876953	-9.96578407			
260	b	6	706.28643799	-9.55189610			
260	b	7	793.31848145	-9.96578407			
260	b	8	850.33996582	-9.96578407			
260	b	9	978.43493652	-9.42280865			
260	b	10	1091.51892090	-7.74031162			
260	b	11	1277.59826660	-8.13270664			
260	b	12	1414.65722656	-8.88309288			
260	b	13	1529.68420410	-8.92704678			
260	b	14	1644.71118164	-8.95998287			
260	b	15	1781.77014160	-9.68521786			
260	b	16	1910.81274414	-9.17505264			
260	b	17	1981.84985352	-9.58630753			
260	b	18	2094.93408203	-8.78658295			
260	b	19	2223.02905273	-9.39222908			
260	b	20	2337.07202148	-9.87625694			
260	b	21	2450.15600586	-9.45107841			
260	b	22	2563.23999023	-8.43923759			
260	b	23	2660.29272461	-9.76434135			
260	b	24	2731.32983398	-9.88022614			
260	b	25	2818.36181641	-9.92413235			
260	b	26	2919.40942383	-9.96578407			
260	b	27	2976.43090820	-9.96578407			
260	b	28	3047.46801758	-9.93997097			
260	b	29	3118.50512695	-9.83189869			
260	y	1	147.11276245	-8.15551186			
260	y	2	218.14988708	-8.11230087			
260	y	3	289.18698120	-9.01443577			
260	y	4	346.20843506	-7.67674685			
260	y	5	447.25610352	-8.22092819			
260	y	6	534.28814697	-7.52052259			
260	y	7	605.32525635	-8.68183422			
260	y	8	702.37805176	-4.57091761			
260	y	9	815.46209717	-7.09645271			
260	y	10	928.54614258	-8.21160221			
260	y	11	1042.58898926	-7.12245798			
260	y	12	1170.68395996	-7.92467499			
260	y	13	1283.76806641	-9.07316685			
260	y	14	1354.80517578	-8.82099342			
260	y	15	1483.84777832	-9.47552681			
260	y	16	1620.90673828	-9.38685322			
260	y	17	1735.93371582	-9.43750381			
260	y	18	1850.96069336	-9.56747627			
260	y	19	1988.01965332	-9.66032600			
260	y	20	2174.09887695	-9.72220135			
260	y	21	2287.18286133	-9.77143764			
260	y	22	2415.27783203	-9.96578407			
260	y	23	2472.29931641	-9.72850990			
260	y	24	2559.33129883	-9.96578407			
260	y	25	2660.37890625	-9.96578407			
260	y	26	2717.40039062	-9.96578407			
260	y	27	2832.42724609	-9.93712234			
260	y	28	2931.49560547	-9.85138512			
260	y	29	3117.57495117	-9.95124245			
261	b	1	100.07564545	-9.95891285			
261	b	2	213.15969849	-4.87929535			
261	b	3	326.24374390	-7.94262886			
261	b	4	413.27578735	-9.02192783			
261	b	5	484.31289673	-8.26164532			
261	b	6	597.39697266	-9.27238464			
261	b	7	684.42901611	-9.26220131			
261	b	8	783.49743652	-9.96578407			
261	b	9	898.52435303	-9.96578407			
261	b	10	1013.55126953	-9.38657093			
261	b	11	1110.60400391	-9.90437508			
261	b	12	1241.64453125	-9.96146011			
261	b	13	1388.71301270	-9.95182037			
261	b	14	1487.78137207	-9.96578407			
261	b	15	1634.81677246	-9.96578407			
261	b	16	1691.83825684	-9.96578407			
261	b	17	1790.90661621	-9.96130085			
261	b	18	1904.94958496	-9.92763996			
261	b	19	2042.00854492	-9.93016624			
261	b	20	2171.05126953	-9.95042610			
261	y	1	147.11276245	-7.86465073			
261	y	2	276.15533447	-8.72956562			
261	y	3	413.21426392	-7.69375610			
261	y	4	527.25720215	-7.02705097			
261	y	5	626.32562256	-9.10301876			
261	y	6	683.34710693	-6.48055744			
261	y	7	830.38250732	-6.07269907			
261	y	8	929.45092773	-7.06696844			
261	y	9	1076.51928711	-6.91251802			
261	y	10	1207.55981445	-8.90217876			
261	y	11	1304.61254883	-5.98620987			
261	y	12	1419.63952637	-8.69194794			
261	y	13	1534.66650391	-8.29919624			
261	y	14	1633.73486328	-9.68289280			
261	y	15	1720.76684570	-9.47101784			
261	y	16	1833.85095215	-9.88450050			
261	y	17	1904.88806152	-9.95487404			
261	y	18	1991.92004395	-9.92735767			
261	y	19	2105.00415039	-9.95225525			
261	y	20	2218.08813477	-9.95945549			
262	b	1	100.03929901	-9.96578407			
262	b	2	187.07131958	-9.34655952			
262	b	3	343.17242432	-9.06079102			
262	b	4	400.19387817	-9.26334381			
262	b	5	513.27795410	-7.70876789			
262	b	6	600.30999756	-8.22766399			
262	b	7	701.35766602	-8.28637409			
262	b	8	758.37915039	-6.41999292			
262	b	9	905.41455078	-6.31051445			
262	b	10	976.45166016	-7.03091002			
262	b	11	1033.47302246	-8.01646423			
262	b	12	1090.49450684	-6.31798363			
262	b	13	1203.57861328	-7.70311737			
262	b	14	1274.61572266	-8.47191048			
262	b	15	1331.63720703	-8.27141094			
262	b	16	1462.67773438	-9.49269867			
262	b	17	1519.69921875	-9.96578407			
262	b	18	1576.72070312	-9.24282360			
262	b	19	1689.80480957	-9.81143475			
262	b	20	1817.86340332	-9.96578407			
262	b	21	1931.90637207	-9.96578407			
262	b	22	2060.94897461	-9.94615173			
262	y	1	147.11276245	-7.67255497			
262	y	2	276.15533447	-8.40701389			
262	y	3	390.19827271	-7.35293055			
262	y	4	518.25689697	-7.19568729			
262	y	5	631.34094238	-8.92304897			
262	y	6	688.36242676	-7.61263323			
262	y	7	745.38391113	-5.85361671			
262	y	8	876.42437744	-7.75007725			
262	y	9	933.44586182	-5.52941608			
262	y	10	1004.48297119	-6.18159819			
262	y	11	1117.56701660	-9.29192829			
262	y	12	1174.58850098	-8.87152290			
262	y	13	1231.60998535	-8.28871822			
262	y	14	1302.64709473	-9.07320213			
262	y	15	1449.68249512	-9.88054180			
262	y	16	1506.70397949	-9.92678165			
262	y	17	1607.75170898	-9.96578407			
262	y	18	1694.78369141	-9.93155193			
262	y	19	1807.86779785	-9.96578407			
262	y	20	1864.88928223	-9.96578407			
262	y	21	2020.99035645	-9.96578407			
262	y	22	2108.02246094	-9.96578407			
263	b	1	114.09129333	-9.93564415			
263	b	2	274.12197876	-9.25663376			
263	b	3	437.18530273	-9.87583923			
263	b	4	550.26940918	-9.96578407			
263	b	5	651.31707764	-9.96578407			
263	b	6	764.40112305	-9.96578407			
263	b	7	879.42803955	-9.96578407			
263	b	8	1026.49645996	-9.96578407			
263	b	9	1155.53906250	-9.96578407			
263	b	10	1283.63403320	-9.72916126			
263	b	11	1412.67663574	-9.96578407			
263	b	12	1559.71203613	-9.85415649			
263	b	13	1630.74914551	-9.93240929			
263	b	14	1731.79687500	-9.96578407			
263	b	15	1802.83398438	-9.96111965			
263	b	16	1873.87109375	-9.96578407			
263	b	17	1960.90307617	-9.95629120			
263	b	18	2047.93505859	-9.95095253			
263	b	19	2134.96728516	-9.95362282			
263	b	20	2221.99926758	-9.96254349			
263	b	21	2335.08325195	-9.95274162			
263	b	22	2464.12573242	-9.96578407			
263	y	1	147.11276245	-7.13715935			
263	y	2	276.15533447	-8.13109016			
263	y	3	389.23941040	-9.00644112			
263	y	4	476.27145386	-8.36333466			
263	y	5	563.30352783	-8.00931358			
263	y	6	650.33557129	-7.45078564			
263	y	7	737.36761475	-6.32458258			
263	y	8	808.40472412	-6.24831820			
263	y	9	879.44183350	-6.32306242			
263	y	10	980.48950195	-6.37932825			
263	y	11	1051.52661133	-7.42782974			
263	y	12	1198.56201172	-7.74252748			
263	y	13	1327.60461426	-8.15553474			
263	y	14	1455.69958496	-9.23215008			
263	y	15	1584.74218750	-9.51381969			
263	y	16	1731.81054688	-9.69355774			
263	y	17	1846.83752441	-9.83815384			
263	y	18	1959.92163086	-9.84615993			
263	y	19	2060.96923828	-9.87159061			
263	y	20	2174.05346680	-9.91715622			
263	y	21	2337.11669922	-9.96394253			
263	y	22	2497.14746094	-9.95999241			
264	b	1	142.08624268	-9.96578407			
264	b	2	270.18118286	-7.09295368			
264	b	3	369.24960327	-9.07567596			
264	b	4	484.27655029	-9.45951366			
264	b	5	613.31915283	-8.66110706			
264	b	6	760.38757324	-7.35240030			
264	b	7	857.44036865	-9.57609177			
264	b	8	970.52441406	-8.06319332			
264	b	9	1133.58764648	-9.16873550			
264	b	10	1190.60913086	-9.16609478			
264	b	11	1327.66809082	-9.64974022			
264	b	12	1474.70349121	-9.83414936			
264	b	13	1573.77185059	-9.96578407			
264	b	14	1660.80383301	-9.96578407			
264	b	15	1775.83081055	-9.95439625			
264	b	16	1904.87341309	-9.86041546			
264	b	17	2051.94189453	-9.96578407			
264	b	18	2180.98437500	-9.93646717			
264	b	19	2309.04296875	-9.94062328			
264	b	20	2422.12695312	-9.96578407			
264	b	21	2509.15893555	-9.95488453			
264	b	22	2596.19091797	-9.94747543			
264	b	23	2725.23339844	-9.93254375			
264	b	24	2796.27050781	-9.93931866			
264	b	25	2909.35449219	-9.92417622			
264	b	26	3038.39697266	-9.95212841			
264	b	27	3109.43408203	-9.95236683			
264	b	28	3180.47119141	-9.96578407			
264	y	1	175.11891174	-7.39712191			
264	y	2	246.15602112	-8.41974068			
264	y	3	317.19311523	-7.44286013			
264	y	4	446.23568726	-7.09007025			
264	y	5	559.31976318	-7.15684605			
264	y	6	630.35687256	-6.44002199			
264	y	7	759.39947510	-7.06524181			
264	y	8	846.43151855	-6.63001871			
264	y	9	933.46356201	-6.00189161			
264	y	10	1046.54760742	-7.66945744			
264	y	11	1174.60620117	-8.56203461			
264	y	12	1303.64880371	-9.21956921			
264	y	13	1450.71728516	-9.82078838			
264	y	14	1579.75988770	-9.96578407			
264	y	15	1694.78686523	-9.95238686			
264	y	16	1781.81884766	-9.74072933			
264	y	17	1880.88720703	-9.96578407			
264	y	18	2027.92260742	-9.86847019			
264	y	19	2164.98144531	-9.96081734			
264	y	20	2222.00292969	-9.92364216			
264	y	21	2385.06616211	-9.95861912			
264	y	22	2498.15014648	-9.93406105			
264	y	23	2595.20288086	-9.96578407			
264	y	24	2742.27124023	-9.96578407			
264	y	25	2871.31372070	-9.96578407			
264	y	26	2986.34057617	-9.96578407			
264	y	27	3085.40893555	-9.96578407			
264	y	28	3213.50390625	-9.96578407			
265	b	1	171.11276245	-9.96556282			
265	b	2	284.19680786	-5.00889683			
265	b	3	371.22885132	-7.60797405			
265	b	4	485.27178955	-8.86611080			
265	b	5	556.30895996	-7.12695074			
265	b	6	643.34100342	-9.03823090			
265	b	7	803.37170410	-9.96578407			
265	b	8	904.41937256	-9.96578407			
265	b	9	1005.46704102	-9.96578407			
265	b	10	1119.50988770	-9.96578407			
265	b	11	1279.54064941	-9.92516327			
265	b	12	1392.62475586	-9.94780731			
265	b	13	1463.66186523	-9.91028976			
265	b	14	1560.71459961	-9.92307091			
265	b	15	1673.79870605	-9.92436886			
265	b	16	1744.83581543	-9.96239376			
265	y	1	147.11276245	-6.57525873			
265	y	2	218.14988708	-6.96869707			
265	y	3	331.23391724	-9.04661179			
265	y	4	428.28668213	-4.65106630			
265	y	5	499.32379150	-6.64417267			
265	y	6	612.40789795	-7.96571112			
265	y	7	772.43859863	-9.96578407			
265	y	8	886.48150635	-9.41462612			
265	y	9	987.52917480	-9.88762569			
265	y	10	1088.57690430	-9.52105808			
265	y	11	1248.60766602	-9.96578407			
265	y	12	1335.63964844	-9.96578407			
265	y	13	1406.67675781	-9.96578407			
265	y	14	1520.71972656	-9.39903641			
265	y	15	1607.75170898	-9.96231842			
265	y	16	1720.83581543	-9.96124554			
266	b	1	206.08116150	-9.80911255			
266	b	2	307.12884521	-6.41838837			
266	b	3	420.21292114	-8.83763218			
266	b	4	548.27154541	-8.19182587			
266	b	5	679.31201172	-9.14047146			
266	b	6	850.40161133	-9.48486137			
266	b	7	978.46020508	-9.69680786			
266	b	8	1091.54418945	-9.73050880			
266	b	9	1205.58715820	-9.84439659			
266	b	10	1262.60864258	-9.52337837			
266	b	11	1375.69274902	-9.72043610			
266	b	12	1488.77685547	-9.74348068			
266	b	13	1601.86096191	-9.75149632			
266	b	14	1738.91992188	-9.96578407			
266	b	15	1852.00402832	-9.96578407			
266	b	16	1981.04663086	-9.93673801			
266	b	17	2068.07885742	-9.96578407			
266	b	18	2197.12133789	-9.95581436			
266	b	19	2310.20532227	-9.94477081			
266	b	20	2381.24243164	-9.96578407			
266	b	21	2509.30102539	-9.95887375			
266	b	22	2610.34863281	-9.95980835			
266	y	1	175.11891174	-7.46016216			
266	y	2	276.16656494	-8.46736526			
266	y	3	404.22512817	-8.15495110			
266	y	4	475.26223755	-7.14174223			
266	y	5	588.34631348	-7.84717798			
266	y	6	717.38891602	-8.30493546			
266	y	7	804.42095947	-6.96425056			
266	y	8	933.46356201	-6.22692299			
266	y	9	1046.54760742	-6.42825508			
266	y	10	1183.60656738	-5.94004965			
266	y	11	1296.69067383	-7.13797569			
266	y	12	1409.77478027	-7.27717352			
266	y	13	1522.85888672	-9.70681858			
266	y	14	1579.88037109	-9.62277889			
266	y	15	1693.92333984	-9.68194962			
266	y	16	1807.00744629	-9.94020557			
266	y	17	1935.06604004	-9.96578407			
266	y	18	2106.15551758	-9.96578407			
266	y	19	2237.19604492	-9.96578407			
266	y	20	2365.25463867	-9.95910454			
266	y	21	2478.33862305	-9.96144867			
266	y	22	2579.38623047	-9.93442059			
267	b	1	100.07564545	-9.96578407			
267	b	2	213.15969849	-5.38132334			
267	b	3	326.24374390	-8.45073605			
267	b	4	413.27578735	-9.25605774			
267	b	5	484.31289673	-8.75191975			
267	b	6	581.36566162	-9.96578407			
267	b	7	668.39770508	-9.96578407			
267	b	8	739.43481445	-9.96578407			
267	b	9	854.46173096	-8.02494335			
267	b	10	923.51959229	-9.96578407			
267	b	11	1020.57232666	-9.80895233			
267	b	12	1151.61279297	-9.42813206			
267	b	13	1298.68127441	-9.95294285			
267	b	14	1399.72900391	-9.96137142			
267	b	15	1530.76953125	-9.96578407			
267	b	16	1587.79101562	-9.74774647			
267	b	17	1686.85937500	-9.91096592			
267	b	18	1800.90234375	-9.89801788			
267	b	19	1937.96130371	-9.93825436			
267	b	20	2067.00390625	-9.94863510			
267	b	21	2195.09887695	-9.94088554			
267	b	22	2358.16210938	-9.93166733			
267	b	23	2473.18896484	-9.96011925			
267	b	24	2587.23193359	-9.96578407			
267	b	25	2674.26391602	-9.96482658			
267	b	26	2787.34790039	-9.96578407			
267	y	1	147.11276245	-8.17070770			
267	y	2	260.19680786	-8.35509109			
267	y	3	347.22885132	-8.81409550			
267	y	4	461.27178955	-7.51823616			
267	y	5	576.29876709	-8.70734119			
267	y	6	739.36206055	-8.15393353			
267	y	7	867.45703125	-7.56907606			
267	y	8	996.49963379	-7.87368202			
267	y	9	1133.55859375	-7.84919548			
267	y	10	1247.60156250	-7.42759228			
267	y	11	1346.66992188	-9.58518314			
267	y	12	1403.69140625	-8.68696976			
267	y	13	1534.73193359	-9.75178242			
267	y	14	1635.77966309	-9.78995323			
267	y	15	1782.84814453	-9.96335506			
267	y	16	1913.88867188	-9.93199158			
267	y	17	2010.94140625	-9.93766308			
267	y	18	2079.99926758	-9.96578407			
267	y	19	2195.02612305	-9.96186829			
267	y	20	2266.06323242	-9.96578407			
267	y	21	2353.09521484	-9.96578407			
267	y	22	2450.14794922	-9.95449352			
267	y	23	2521.18505859	-9.96529293			
267	y	24	2608.21704102	-9.94489384			
267	y	25	2721.30102539	-9.96578407			
267	y	26	2834.38500977	-9.96139145			
268	b	1	100.03929901	-9.94063473			
268	b	2	187.07131958	-8.73060799			
268	b	3	244.09278870	-9.33674335			
268	b	4	341.14553833	-8.20915794			
268	b	5	440.21395874	-7.45353508			
268	b	6	603.27728271	-8.08109379			
268	b	7	716.36132812	-8.24597359			
268	b	8	803.39337158	-9.24707222			
268	b	9	860.41485596	-9.88596535			
268	b	10	988.47344971	-9.77592850			
268	b	11	1125.53234863	-9.58970451			
268	b	12	1238.61645508	-9.11148834			
268	b	13	1337.68481445	-8.34861469			
268	b	14	1484.72021484	-9.12069702			
268	b	15	1583.78857422	-9.20351028			
268	b	16	1712.83117676	-9.43381596			
268	b	17	1841.87377930	-9.86759853			
268	b	18	1956.90075684	-9.96578407			
268	b	19	2027.93786621	-9.92671299			
268	b	20	2156.98046875	-9.93572998			
268	b	21	2244.01245117	-9.96578407			
268	b	22	2373.05493164	-9.96578407			
268	b	23	2488.08178711	-9.93759727			
268	b	24	2617.12426758	-9.96578407			
268	b	25	2746.16674805	-9.96138573			
268	b	26	2875.20922852	-9.95194912			
268	b	27	3004.25170898	-9.94602680			
268	b	28	3119.27856445	-9.96578407			
268	b	29	3218.34692383	-9.95999432			
268	y	1	147.11276245	-7.04443836			
268	y	2	246.18116760	-6.52159739			
268	y	3	361.20809937	-8.54243660			
268	y	4	490.25070190	-8.60755348			
268	y	5	619.29333496	-8.29227161			
268	y	6	748.33593750	-8.47878361			
268	y	7	877.37854004	-8.12169743			
268	y	8	992.40545654	-8.17452908			
268	y	9	1121.44799805	-9.02534962			
268	y	10	1208.47998047	-7.38164043			
268	y	11	1337.52258301	-8.31207848			
268	y	12	1408.55969238	-7.82524490			
268	y	13	1523.58666992	-8.38182831			
268	y	14	1652.62927246	-8.68931580			
268	y	15	1781.67187500	-8.76626110			
268	y	16	1880.74023438	-9.44615746			
268	y	17	2027.77563477	-9.32374096			
268	y	18	2126.84399414	-9.27617264			
268	y	19	2239.92797852	-9.27965546			
268	y	20	2376.98681641	-9.96578407			
268	y	21	2505.04541016	-9.95901394			
268	y	22	2562.06689453	-9.96578407			
268	y	23	2649.09887695	-9.81030846			
268	y	24	2762.18286133	-9.90139389			
268	y	25	2925.24609375	-9.96578407			
268	y	26	3024.31445312	-9.90046692			
268	y	27	3121.36718750	-9.95685959			
268	y	28	3178.38867188	-9.95798969			
268	y	29	3265.42065430	-9.95719433			
269	b	1	129.06581116	-9.36116409			
269	b	2	200.10293579	-7.23137045			
269	b	3	315.12985229	-5.96873379			
269	b	4	428.21389771	-7.86635923			
269	b	5	591.27728271	-8.64275742			
269	b	6	704.36132812	-9.52881145			
269	b	7	791.39337158	-9.87830544			
269	b	8	920.43597412	-9.80414295			
269	b	9	977.45745850	-9.82304573			
269	b	10	1090.54150391	-9.86358643			
269	b	11	1227.60046387	-9.43434334			
269	b	12	1324.65319824	-9.95494843			
269	y	1	175.11891174	-6.39319086			
269	y	2	272.17166138	-5.64018965			
269	y	3	409.23056030	-6.67149305			
269	y	4	522.31463623	-9.51497650			
269	y	5	579.33612061	-6.11161137			
269	y	6	708.37872314	-7.72342253			
269	y	7	795.41076660	-4.76529980			
269	y	8	908.49481201	-5.24033070			
269	y	9	1071.55810547	-4.73310518			
269	y	10	1184.64221191	-7.94511080			
269	y	11	1299.66918945	-7.63167238			
269	y	12	1370.70629883	-9.83304977			
270	b	1	72.04434967	-9.90424824			
270	b	2	169.09710693	-6.81032324			
270	b	3	240.13421631	-6.03760386			
270	b	4	311.17132568	-5.65793562			
270	b	5	424.25540161	-5.60352898			
270	b	6	521.30816650	-9.34866047			
270	b	7	592.34527588	-8.49035168			
270	b	8	705.42932129	-8.23645878			
270	b	9	865.46002197	-9.96578407			
270	b	10	980.48693848	-9.96578407			
270	b	11	1093.57092285	-9.96578407			
270	b	12	1206.65502930	-9.96578407			
270	b	13	1277.69213867	-9.90376377			
270	b	14	1364.72412109	-9.85508347			
270	b	15	1435.76123047	-9.96578407			
270	b	16	1506.79833984	-9.88326168			
270	b	17	1621.82531738	-9.94837284			
270	b	18	1718.87805176	-9.96578407			
270	b	19	1860.95227051	-9.89661026			
270	b	20	1960.02062988	-9.90334129			
270	y	1	175.11891174	-6.75332642			
270	y	2	274.18731689	-9.25525665			
270	y	3	416.26159668	-9.96578407			
270	y	4	513.31439209	-3.73196411			
270	y	5	628.34130859	-8.09977341			
270	y	6	699.37841797	-7.69199800			
270	y	7	770.41552734	-7.97256613			
270	y	8	857.44757080	-6.50987053			
270	y	9	928.48468018	-6.21783257			
270	y	10	1041.56872559	-6.96970797			
270	y	11	1154.65283203	-7.80896139			
270	y	12	1269.67980957	-7.75489759			
270	y	13	1429.71044922	-9.96578407			
270	y	14	1542.79455566	-9.96578407			
270	y	15	1613.83166504	-9.96578407			
270	y	16	1710.88439941	-9.58519363			
270	y	17	1823.96850586	-9.96578407			
270	y	18	1895.00561523	-9.96578407			
270	y	19	1966.04272461	-9.96578407			
270	y	20	2063.09545898	-9.96578407			
271	b	1	130.04980469	-8.62278366			
271	b	2	243.13386536	-4.68247080			
271	b	3	342.20227051	-5.96556234			
271	b	4	413.23937988	-5.62051296			
271	b	5	526.32348633	-7.57330751			
271	b	6	655.36608887	-8.69432354			
271	b	7	769.40899658	-8.68620396			
271	b	8	866.46173096	-9.85966682			
271	b	9	937.49884033	-9.96578407			
271	b	10	1052.52575684	-9.83036232			
271	b	11	1151.59411621	-9.79244709			
271	b	12	1238.62609863	-9.96578407			
271	b	13	1337.69445801	-9.96578407			
271	b	14	1450.77856445	-9.96578407			
271	b	15	1537.81054688	-9.96578407			
271	b	16	1624.84252930	-9.95996094			
271	y	1	175.11891174	-7.22174358			
271	y	2	262.15093994	-9.19065762			
271	y	3	349.18295288	-7.53863478			
271	y	4	462.26699829	-7.56924391			
271	y	5	561.33544922	-8.67456245			
271	y	6	648.36749268	-7.20952415			
271	y	7	747.43591309	-7.14748955			
271	y	8	862.46282959	-8.10778809			
271	y	9	933.49993896	-8.86325836			
271	y	10	1030.55273438	-4.75770235			
271	y	11	1144.59570312	-5.98486280			
271	y	12	1273.63830566	-5.61125755			
271	y	13	1386.72241211	-6.99701500			
271	y	14	1457.75952148	-7.47231102			
271	y	15	1556.82788086	-8.73888397			
271	y	16	1669.91198730	-9.96578407			
272	b	1	102.05490875	-8.55021191			
272	b	2	201.12332153	-4.78415442			
272	b	3	348.19174194	-7.00189877			
272	b	4	419.22885132	-9.09015656			
272	b	5	548.27148438	-9.48744106			
272	b	6	685.33038330	-7.78814507			
272	b	7	798.41442871	-8.63255310			
272	b	8	885.44647217	-9.41445923			
272	b	9	1000.47338867	-9.55057430			
272	b	10	1129.51586914	-8.65166473			
272	b	11	1289.54650879	-9.89446259			
272	y	1	147.11276245	-6.21910715			
272	y	2	307.14346313	-9.96578407			
272	y	3	436.18606567	-9.96578407			
272	y	4	551.21301270	-9.81803608			
272	y	5	638.24505615	-9.96578407			
272	y	6	751.32910156	-9.96578407			
272	y	7	888.38800049	-9.88808441			
272	y	8	1017.43060303	-9.37584686			
272	y	9	1088.46777344	-9.82639217			
272	y	10	1235.53613281	-9.02287483			
272	y	11	1334.60449219	-9.96578407			
273	b	1	148.07565308	-9.96578407			
273	b	2	277.11825562	-6.26048660			
273	b	3	364.15029907	-7.45530891			
273	b	4	461.20306396	-9.67427826			
273	b	5	548.23510742	-9.66676044			
273	b	6	677.27770996	-8.70149326			
273	b	7	792.30462646	-8.65965748			
273	b	8	921.34722900	-7.28531981			
273	b	9	1034.43127441	-7.42495060			
273	b	10	1426.57434082	-7.06499434			
273	b	11	1523.62707520	-9.52602196			
273	b	12	1670.69543457	-9.36118507			
273	b	13	1785.72241211	-8.90826321			
273	b	14	1916.76293945	-9.60103416			
273	b	15	2003.79492188	-9.57045174			
273	b	16	2116.87915039	-9.91208649			
273	b	17	2244.93774414	-9.96578407			
273	b	18	2404.96850586	-9.90847111			
273	b	19	2518.05249023	-9.92172813			
273	b	20	2646.11108398	-9.96578407			
273	b	21	2733.14306641	-9.96578407			
273	b	22	2832.21142578	-9.96536446			
273	b	23	2995.27465820	-9.96578407			
273	b	24	3108.35864258	-9.96294022			
273	b	25	3195.39062500	-9.96578407			
273	y	1	147.11276245	-6.72606039			
273	y	2	234.14479065	-6.66999102			
273	y	3	347.22885132	-7.35464191			
273	y	4	510.29217529	-6.72457933			
273	y	5	609.36059570	-8.64295197			
273	y	6	696.39263916	-6.72624397			
273	y	7	824.45123291	-6.61272144			
273	y	8	937.53527832	-7.54465103			
273	y	9	1097.56591797	-9.79556656			
273	y	10	1225.62451172	-9.90600872			
273	y	11	1338.70861816	-9.96578407			
273	y	12	1425.74060059	-9.96578407			
273	y	13	1556.78112793	-9.96578407			
273	y	14	1671.80810547	-9.96578407			
273	y	15	1818.87646484	-9.96578407			
273	y	16	1915.92919922	-9.62275600			
273	y	17	2308.07226562	-9.96406746			
273	y	18	2421.15625000	-9.96578407			
273	y	19	2550.19873047	-9.96578407			
273	y	20	2665.22558594	-9.96578407			
273	y	21	2794.26806641	-9.96578407			
273	y	22	2881.30004883	-9.96578407			
273	y	23	2978.35278320	-9.96578407			
273	y	24	3065.38476562	-9.94439220			
273	y	25	3194.42724609	-9.95723724			
274	b	1	172.06042480	-9.39155388			
274	b	2	229.08189392	-7.53817225			
274	b	3	342.16595459	-7.86882877			
274	b	4	470.22451782	-7.61934710			
274	b	5	583.30859375	-6.54153490			
274	b	6	680.36138916	-9.34976673			
274	b	7	793.44543457	-8.48666859			
274	b	8	906.52947998	-8.09803772			
274	b	9	1007.57714844	-8.47875023			
274	b	10	1104.62988281	-9.96578407			
274	b	11	1746.87829590	-9.86700249			
274	b	12	1833.91027832	-9.83504581			
274	b	13	1961.96887207	-9.88358116			
274	b	14	2075.05297852	-9.81020832			
274	b	15	2188.13696289	-9.81605625			
274	b	16	2301.22094727	-9.96537495			
274	b	17	2430.26342773	-9.96578407			
274	b	18	2517.29541016	-9.96578407			
274	b	19	2632.32226562	-9.96578407			
274	b	20	2703.35937500	-9.95192623			
274	b	21	2802.42773438	-9.94707298			
274	b	22	2931.47021484	-9.94058132			
274	b	23	3091.50097656	-9.95392418			
274	b	24	3204.58496094	-9.95873260			
274	b	25	3318.62792969	-9.91798592			
274	b	26	3481.69116211	-9.92057323			
274	b	27	3609.74975586	-9.94654083			
274	b	28	3746.80859375	-9.96578407			
274	b	29	3909.87182617	-9.92281055			
274	y	1	147.11276245	-7.48613501			
274	y	2	310.17605591	-8.00710678			
274	y	3	447.23495483	-7.46722794			
274	y	4	575.29357910	-8.29144573			
274	y	5	738.35693359	-8.05758286			
274	y	6	852.39984131	-7.56083345			
274	y	7	965.48388672	-8.38684464			
274	y	8	1125.51464844	-9.96578407			
274	y	9	1254.55725098	-9.34977341			
274	y	10	1353.62561035	-9.96578407			
274	y	11	1424.66271973	-9.79355812			
274	y	12	1539.68969727	-9.96578407			
274	y	13	1626.72167969	-9.35297871			
274	y	14	1755.76428223	-9.69940948			
274	y	15	1868.84838867	-9.65947247			
274	y	16	1981.93249512	-9.96031380			
274	y	17	2095.01660156	-9.96578407			
274	y	18	2223.07519531	-9.96578407			
274	y	19	2310.10717773	-9.96578407			
274	y	20	2952.35546875	-9.96578407			
274	y	21	3049.40820312	-9.88875389			
274	y	22	3150.45581055	-9.96578407			
274	y	23	3263.53979492	-9.96578407			
274	y	24	3376.62377930	-9.95971584			
274	y	25	3473.67651367	-9.96578407			
274	y	26	3586.76049805	-9.96573925			
274	y	27	3714.81909180	-9.96578407			
274	y	28	3827.90307617	-9.95020485			
274	y	29	3884.92456055	-9.96197128			
275	b	1	114.09129333	-9.86525726			
275	b	2	171.11276245	-6.65304375			
275	b	3	300.15536499	-5.33624887			
275	b	4	413.23941040	-6.96294212			
275	b	5	512.30786133	-7.48989344			
275	b	6	613.35552979	-8.92819500			
275	b	7	714.40319824	-8.18217945			
275	b	8	827.48724365	-7.66719007			
275	b	9	953.57910156	-9.84580135			
275	b	10	1054.62670898	-9.52075386			
275	b	11	1155.67443848	-9.96578407			
275	b	12	1212.69592285	-9.51284981			
275	b	13	1359.76428223	-9.96006203			
275	b	14	1473.80725098	-9.89966679			
275	b	15	1572.87561035	-9.86882496			
275	b	16	1701.91821289	-9.93891144			
275	b	17	1802.96594238	-9.96578407			
275	b	18	1902.03430176	-9.92343140			
275	b	19	2031.07690430	-9.96057224			
275	b	20	2194.14038086	-9.96051121			
275	y	1	147.11276245	-6.66992283			
275	y	2	310.17605591	-6.79916096			
275	y	3	439.21865845	-7.51788282			
275	y	4	538.28710938	-8.09358692			
275	y	5	639.33477783	-7.16408062			
275	y	6	768.37738037	-6.27865601			
275	y	7	867.44580078	-7.36672926			
275	y	8	981.48870850	-7.00861263			
275	y	9	1128.55712891	-8.17481327			
275	y	10	1185.57861328	-7.36980438			
275	y	11	1286.62634277	-8.10040569			
275	y	12	1387.67407227	-8.88098717			
275	y	13	1513.76599121	-7.42978716			
275	y	14	1626.85009766	-9.89515591			
275	y	15	1727.89782715	-9.78305626			
275	y	16	1828.94555664	-9.92337513			
275	y	17	1928.01391602	-9.96578407			
275	y	18	2041.09802246	-9.96578407			
275	y	19	2170.14062500	-9.96578407			
275	y	20	2227.16210938	-9.96578407			
276	b	1	72.04434967	-9.66277313			
276	b	2	159.07638550	-7.66858244			
276	b	3	272.16043091	-8.30325031			
276	b	4	401.20303345	-7.46814823			
276	b	5	472.24014282	-8.06084347			
276	b	6	543.27728271	-8.36316967			
276	b	7	656.36132812	-9.06780720			
276	b	8	727.39843750	-9.73511314			
276	b	9	842.42535400	-9.89344788			
276	b	10	913.46246338	-9.96578407			
276	b	11	1042.50500488	-9.96578407			
276	b	12	1170.56359863	-9.93367195			
276	b	13	1326.66467285	-9.84038258			
276	b	14	1383.68615723	-9.88724136			
276	b	15	1512.72875977	-9.76578140			
276	b	16	1625.81286621	-9.89023018			
276	b	17	1696.84997559	-9.83500195			
276	b	18	1809.93408203	-9.85151291			
276	b	19	1938.02905273	-9.96578407			
276	b	20	2053.05615234	-9.92214012			
276	b	21	2124.09326172	-9.96578407			
276	b	22	2238.13623047	-9.96578407			
276	b	23	2309.17333984	-9.96578407			
276	y	1	147.11276245	-7.80828810			
276	y	2	218.14988708	-7.29575920			
276	y	3	332.19281006	-8.77074146			
276	y	4	403.22991943	-7.17907095			
276	y	5	518.25689697	-7.47964668			
276	y	6	646.35186768	-6.81657600			
276	y	7	759.43591309	-7.31458044			
276	y	8	830.47302246	-7.34791708			
276	y	9	943.55706787	-9.24631023			
276	y	10	1072.59960938	-9.92397022			
276	y	11	1129.62109375	-9.24928379			
276	y	12	1285.72216797	-9.28832054			
276	y	13	1413.78076172	-9.79602146			
276	y	14	1542.82336426	-9.75321960			
276	y	15	1613.86047363	-9.83685589			
276	y	16	1728.88745117	-9.84097576			
276	y	17	1799.92456055	-9.90501785			
276	y	18	1913.00866699	-9.92763901			
276	y	19	1984.04577637	-9.96578407			
276	y	20	2055.08276367	-9.96578407			
276	y	21	2184.12548828	-9.95943832			
276	y	22	2297.20947266	-9.96578407			
276	y	23	2384.24145508	-9.96578407			
277	b	1	201.12561035	-9.26325893			
277	b	2	314.20968628	-9.06699467			
277	b	3	427.29373169	-8.24423122			
277	b	4	556.33636475	-7.65216303			
277	b	5	671.36328125	-7.01128626			
277	b	6	728.38476562	-8.45996666			
277	b	7	857.42736816	-7.23785353			
277	b	8	986.46997070	-6.11942482			
277	b	9	1133.53833008	-6.78004217			
277	b	10	1247.58129883	-6.64827871			
277	b	11	1360.66540527	-7.60236073			
277	b	12	1417.68688965	-8.96538734			
277	b	13	1532.71386719	-7.93559265			
277	b	14	1603.75097656	-8.50374031			
277	b	15	1716.83508301	-9.40849113			
277	b	16	1831.86206055	-9.61912441			
277	b	17	1918.89404297	-9.90415192			
277	b	18	2005.92602539	-9.96578407			
277	b	19	2119.96899414	-9.96578407			
277	b	20	2207.00097656	-9.96578407			
277	b	21	2338.04150391	-9.94550991			
277	b	22	2466.10009766	-9.96578407			
277	b	23	2567.14770508	-9.96578407			
277	b	24	2680.23168945	-9.96578407			
277	b	25	2808.29028320	-9.93873119			
277	y	1	147.11276245	-6.68914986			
277	y	2	275.17132568	-6.79028416			
277	y	3	388.25540161	-7.85594416			
277	y	4	489.30307007	-7.08910465			
277	y	5	617.36169434	-7.83506775			
277	y	6	748.40216064	-8.49815941			
277	y	7	835.43420410	-7.39657879			
277	y	8	949.47711182	-7.40580511			
277	y	9	1036.50915527	-7.40751886			
277	y	10	1123.54113770	-6.77489853			
277	y	11	1238.56811523	-6.09703398			
277	y	12	1351.65222168	-8.05207443			
277	y	13	1422.68933105	-8.98379993			
277	y	14	1537.71630859	-9.43104744			
277	y	15	1594.73779297	-9.24647999			
277	y	16	1707.82189941	-9.87086391			
277	y	17	1821.86486816	-9.92604160			
277	y	18	1968.93334961	-9.91396332			
277	y	19	2097.97583008	-9.96578407			
277	y	20	2227.01831055	-9.96578407			
277	y	21	2284.03979492	-9.96578407			
277	y	22	2399.06665039	-9.96578407			
277	y	23	2528.10913086	-9.96578407			
277	y	24	2641.19311523	-9.96578407			
277	y	25	2754.27709961	-9.96578407			
278	b	1	72.04434967	-9.57104683			
278	b	2	143.08146667	-4.29149771			
278	b	3	214.11859131	-3.99338937			
278	b	4	285.15570068	-5.23103952			
278	b	5	356.19281006	-6.23311567			
278	b	6	427.22991943	-7.34020662			
278	b	7	498.26702881	-8.18116283			
278	b	8	569.30419922	-8.70902729			
278	b	9	682.38830566	-9.15050030			
278	b	10	753.42541504	-9.70670986			
278	b	11	810.44689941	-9.84301472			
278	y	1	147.11276245	-6.33475447			
278	y	2	204.13423157	-6.58588696			
278	y	3	275.17132568	-6.35774946			
278	y	4	388.25546265	-6.15718365			
278	y	5	459.29257202	-6.07821083			
278	y	6	530.32971191	-5.38675547			
278	y	7	601.36682129	-5.15327215			
278	y	8	672.40393066	-5.01496124			
278	y	9	743.44104004	-5.53316212			
278	y	10	814.47814941	-6.67054749			
278	y	11	885.51525879	-9.23855019			
279	b	1	114.05494690	-9.02292061			
279	b	2	243.09753418	-5.10153484			
279	b	3	372.14010620	-7.27805090			
279	b	4	429.16156006	-6.38244724			
279	b	5	542.24566650	-6.81615925			
279	b	6	613.28277588	-6.81957150			
279	b	7	684.31988525	-7.59507418			
279	b	8	741.34136963	-9.01306248			
279	b	9	873.40277100	-8.48775291			
279	b	10	972.47119141	-8.02347946			
279	b	11	1103.51159668	-9.35504246			
279	b	12	1218.53857422	-8.40141010			
279	b	13	1317.60693359	-9.47099209			
279	b	14	1431.64990234	-9.96578407			
279	b	15	1532.69763184	-9.96578407			
279	b	16	1603.73474121	-9.96578407			
279	b	17	1716.81884766	-9.96578407			
279	b	18	1844.87744141	-9.96578407			
279	b	19	1973.92004395	-9.96578407			
279	b	20	2072.98852539	-9.96578407			
279	b	21	2186.07250977	-9.96578407			
279	y	1	147.11276245	-6.04054308			
279	y	2	260.19680786	-6.40401649			
279	y	3	359.26522827	-7.53156424			
279	y	4	488.30783081	-6.87677240			
279	y	5	616.36645508	-6.40945387			
279	y	6	729.45050049	-5.83049202			
279	y	7	800.48760986	-5.89702511			
279	y	8	901.53527832	-6.52774525			
279	y	9	1015.57818604	-5.48671961			
279	y	10	1114.64660645	-7.89195919			
279	y	11	1229.67358398	-7.28363609			
279	y	12	1360.71411133	-8.02220154			
279	y	13	1459.78247070	-9.86268044			
279	y	14	1591.84387207	-9.81647301			
279	y	15	1648.86535645	-9.66954899			
279	y	16	1719.90246582	-9.95551586			
279	y	17	1790.93957520	-9.81225395			
279	y	18	1904.02368164	-9.96578407			
279	y	19	1961.04516602	-9.96578407			
279	y	20	2090.08764648	-9.96578407			
279	y	21	2219.13012695	-9.95368767			
280	b	1	58.02870178	-9.96578407			
280	b	2	221.09202576	-6.62299204			
280	b	3	278.11349487	-8.78725719			
280	b	4	425.14892578	-9.46991825			
280	b	5	524.21734619	-9.96578407			
280	b	6	661.27624512	-8.33764648			
280	b	7	808.34466553	-9.05066872			
280	b	8	937.38726807	-8.66680145			
280	b	9	1038.43493652	-9.19080830			
280	b	10	1166.49353027	-9.59848404			
280	b	11	1295.53613281	-9.95444965			
280	b	12	1366.57324219	-9.94636726			
280	b	13	1437.61035156	-9.95627499			
280	b	14	1566.65295410	-9.95451069			
280	y	1	175.11891174	-5.62233114			
280	y	2	304.16146851	-8.66534042			
280	y	3	375.19857788	-7.24509573			
280	y	4	446.23568726	-5.82594395			
280	y	5	575.27832031	-5.98044300			
280	y	6	703.33691406	-6.18449497			
280	y	7	804.38458252	-6.84321690			
280	y	8	933.42718506	-6.31654739			
280	y	9	1080.49560547	-6.55741692			
280	y	10	1217.55456543	-8.55832767			
280	y	11	1316.62292480	-9.96578407			
280	y	12	1463.65832520	-9.96578407			
280	y	13	1520.67980957	-9.96578407			
280	y	14	1683.74316406	-9.96578407			
281	b	1	102.05490875	-8.12053013			
281	b	2	201.12332153	-4.92691231			
281	b	3	329.18191528	-6.91234112			
281	b	4	416.21395874	-8.09912968			
281	b	5	529.29803467	-9.65995979			
281	b	6	658.34063721	-9.56314659			
281	b	7	771.42468262	-9.90402889			
281	b	8	886.45159912	-9.81228161			
281	b	9	999.53564453	-9.87371635			
281	b	10	1114.56250000	-9.87788486			
281	b	11	1229.58947754	-9.93568707			
281	b	12	1376.62487793	-9.96578407			
281	y	1	147.11276245	-6.51786423			
281	y	2	294.14813232	-8.50015259			
281	y	3	409.17507935	-6.86189318			
281	y	4	524.20202637	-6.86916828			
281	y	5	637.28613281	-7.02198219			
281	y	6	752.31304932	-6.54432869			
281	y	7	865.39709473	-6.05917501			
281	y	8	994.43969727	-5.78574038			
281	y	9	1107.52380371	-6.79740477			
281	y	10	1194.55578613	-5.34538078			
281	y	11	1322.61437988	-6.72390985			
281	y	12	1421.68273926	-9.88971519			
282	b	1	159.07635498	-9.96578407			
282	b	2	272.16043091	-7.06824207			
282	b	3	373.20809937	-7.27968693			
282	b	4	444.24520874	-6.74932289			
282	b	5	543.31365967	-7.87545347			
282	b	6	680.37255859	-7.23913765			
282	b	7	795.39947510	-6.80310774			
282	b	8	866.43658447	-6.34616947			
282	b	9	979.52062988	-6.17711496			
282	b	10	1092.60461426	-7.12840652			
282	b	11	1221.64721680	-8.11048126			
282	b	12	1336.67419434	-7.21202946			
282	b	13	1449.75830078	-7.80244684			
282	b	14	1548.82666016	-7.80900431			
282	b	15	1695.89514160	-7.10717916			
282	b	16	1792.94787598	-9.85919952			
282	b	17	1879.97985840	-9.96578407			
282	b	18	2009.02246094	-9.63250828			
282	b	19	2122.10668945	-9.67216492			
282	b	20	2221.17504883	-9.84586239			
282	b	21	2278.19653320	-9.96578407			
282	y	1	147.11276245	-7.30837011			
282	y	2	204.13423157	-6.82152557			
282	y	3	303.20263672	-6.71895027			
282	y	4	416.28671265	-7.72475195			
282	y	5	545.32934570	-8.87708378			
282	y	6	632.36138916	-8.45792675			
282	y	7	729.41418457	-4.88230133			
282	y	8	876.48260498	-6.67103100			
282	y	9	975.55102539	-7.89296341			
282	y	10	1088.63513184	-8.35487270			
282	y	11	1203.66210938	-7.98940039			
282	y	12	1332.70471191	-7.23016500			
282	y	13	1445.78881836	-7.24700880			
282	y	14	1558.87292480	-8.40395069			
282	y	15	1629.91003418	-7.98105001			
282	y	16	1744.93701172	-8.03061962			
282	y	17	1881.99597168	-8.24150372			
282	y	18	1981.06433105	-9.62427616			
282	y	19	2052.10131836	-9.96578407			
282	y	20	2153.14916992	-9.91486740			
282	y	21	2266.23315430	-9.96578407			
283	b	1	172.06042480	-9.27454472			
283	b	2	271.12884521	-7.63898277			
283	b	3	400.17141724	-8.65510368			
283	b	4	471.20852661	-9.24106693			
283	b	5	631.23925781	-9.96578407			
283	b	6	794.30255127	-9.96578407			
283	b	7	895.35021973	-9.96578407			
283	b	8	1008.43426514	-9.96578407			
283	b	9	1164.53527832	-9.88145924			
283	b	10	1559.67810059	-9.96578407			
283	b	11	1688.72070312	-9.82974052			
283	b	12	1816.77929688	-9.96213531			
283	b	13	1929.86340332	-9.96578407			
283	b	14	2043.90637207	-9.96578407			
283	b	15	2200.00756836	-9.91742802			
283	b	16	2313.09155273	-9.96578407			
283	b	17	2426.17553711	-9.96578407			
283	b	18	2539.25952148	-9.91695881			
283	b	19	2676.31835938	-9.95002174			
283	b	20	2789.40234375	-9.93339539			
283	b	21	2918.44482422	-9.86992264			
283	b	22	3005.47680664	-9.95343304			
283	b	23	3134.51928711	-9.94263744			
283	b	24	3247.60327148	-9.93230247			
283	b	25	3318.64038086	-9.96086597			
283	b	26	3446.69897461	-9.94895840			
283	b	27	3547.74658203	-9.96400166			
283	y	1	175.11891174	-7.53901958			
283	y	2	276.16656494	-8.84743881			
283	y	3	404.22512817	-8.82834530			
283	y	4	475.26223755	-8.24192810			
283	y	5	588.34631348	-7.90388393			
283	y	6	717.38891602	-8.92443943			
283	y	7	804.42095947	-7.47916126			
283	y	8	933.46356201	-7.36004829			
283	y	9	1046.54760742	-7.55761957			
283	y	10	1183.60656738	-7.80640364			
283	y	11	1296.69067383	-9.04117966			
283	y	12	1409.77478027	-9.35859871			
283	y	13	1522.85888672	-9.80050182			
283	y	14	1678.95996094	-9.93821144			
283	y	15	1793.00292969	-9.91844654			
283	y	16	1906.08703613	-9.96578407			
283	y	17	2034.14562988	-9.96578407			
283	y	18	2163.18823242	-9.96578407			
283	y	19	2558.33105469	-9.92103958			
283	y	20	2714.43212891	-9.92569351			
283	y	21	2827.51611328	-9.91769028			
283	y	22	2928.56372070	-9.92445374			
283	y	23	3091.62695312	-9.96578407			
283	y	24	3251.65771484	-9.96578407			
283	y	25	3322.69482422	-9.96578407			
283	y	26	3451.73730469	-9.96578407			
283	y	27	3550.80566406	-9.94863987			
284	b	1	171.07641602	-8.70690250			
284	b	2	284.16049194	-7.16291618			
284	b	3	371.19253540	-8.73197079			
284	b	4	500.23513794	-8.94746971			
284	b	5	647.27056885	-9.80842018			
284	b	6	761.31347656	-9.87355137			
284	b	7	818.33496094	-9.96578407			
284	b	8	932.37786865	-9.84204292			
284	b	9	1045.46191406	-9.85578537			
284	b	10	1132.49389648	-9.96578407			
284	b	11	1342.70849609	-9.67562866			
284	b	12	1455.79260254	-9.60037231			
284	b	13	1583.85119629	-9.93749714			
284	b	14	1654.88830566	-9.91921329			
284	b	15	1783.93090820	-9.77463818			
284	b	16	1897.01501465	-9.87916756			
284	b	17	2026.05761719	-9.88995647			
284	b	18	2083.07910156	-9.96236515			
284	b	19	2196.16308594	-9.94962788			
284	b	20	2324.25805664	-9.96021080			
284	b	21	2381.27954102	-9.95943069			
284	b	22	2509.33813477	-9.96578407			
284	y	1	175.11891174	-7.91123009			
284	y	2	303.17745972	-9.93317223			
284	y	3	360.19891357	-7.88016558			
284	y	4	488.29385376	-8.37243843			
284	y	5	601.37792969	-9.74345493			
284	y	6	658.39941406	-7.25910854			
284	y	7	787.44201660	-7.61417484			
284	y	8	900.52606201	-7.31391525			
284	y	9	1029.56860352	-7.91753864			
284	y	10	1100.60583496	-7.78594875			
284	y	11	1228.66442871	-9.39783382			
284	y	12	1341.74853516	-9.46078587			
284	y	13	1551.96313477	-9.95145607			
284	y	14	1638.99511719	-9.86388779			
284	y	15	1752.07922363	-9.96578407			
284	y	16	1866.12219238	-9.96578407			
284	y	17	1923.14367676	-9.96067905			
284	y	18	2037.18664551	-9.96578407			
284	y	19	2184.22192383	-9.96578407			
284	y	20	2313.26440430	-9.96578407			
284	y	21	2400.29638672	-9.96578407			
284	y	22	2513.38037109	-9.96578407			
285	b	1	156.10189819	-9.80621910			
285	b	2	284.16049194	-5.60490656			
285	b	3	371.19253540	-7.78018618			
285	b	4	528.26641846	-7.07802629			
285	b	5	641.35046387	-6.76640463			
285	b	6	827.42974854	-7.77082157			
285	b	7	942.45666504	-7.98909330			
285	b	8	1043.50427246	-8.23471069			
285	b	9	1130.53625488	-8.38779354			
285	b	10	1229.60461426	-7.78654814			
285	b	11	1328.67297363	-7.98189259			
285	b	12	1441.75708008	-8.60187435			
285	b	13	1528.78906250	-9.38656712			
285	b	14	1659.82958984	-9.57278824			
285	b	15	1774.85656738	-9.61257267			
285	b	16	1888.89953613	-9.76748848			
285	b	17	1975.93151855	-9.60645390			
285	b	18	2162.01098633	-9.88174248			
285	b	19	2249.04296875	-9.93871784			
285	b	20	2362.12695312	-9.96578407			
285	b	21	2477.15380859	-9.91888618			
285	b	22	2608.19433594	-9.96578407			
285	b	23	2723.22119141	-9.96578407			
285	b	24	2810.25317383	-9.96578407			
285	b	25	2923.33715820	-9.96578407			
285	b	26	3036.42114258	-9.96578407			
285	b	27	3107.45825195	-9.96578407			
285	b	28	3236.50073242	-9.96578407			
285	b	29	3335.56909180	-9.95307827			
285	y	1	147.11276245	-6.19332123			
285	y	2	246.18116760	-6.74721050			
285	y	3	375.22372437	-7.80078888			
285	y	4	446.26083374	-6.07002449			
285	y	5	559.34490967	-6.77422523			
285	y	6	672.42895508	-8.71188831			
285	y	7	759.46099854	-7.07017422			
285	y	8	874.48791504	-7.27795553			
285	y	9	1005.52838135	-7.01021624			
285	y	10	1120.55529785	-6.28382635			
285	y	11	1233.63940430	-7.91360044			
285	y	12	1320.67138672	-6.88581085			
285	y	13	1506.75073242	-8.60476685			
285	y	14	1593.78271484	-9.10868263			
285	y	15	1707.82568359	-9.34798431			
285	y	16	1822.85266113	-9.44383144			
285	y	17	1953.89318848	-9.71452332			
285	y	18	2040.92517090	-9.49510860			
285	y	19	2154.00927734	-9.79631710			
285	y	20	2253.07763672	-9.96578407			
285	y	21	2352.14599609	-9.96578407			
285	y	22	2439.17797852	-9.96578407			
285	y	23	2540.22558594	-9.92447281			
285	y	24	2655.25244141	-9.96578407			
285	y	25	2841.33178711	-9.96578407			
285	y	26	2954.41577148	-9.96578407			
285	y	27	3111.48974609	-9.96578407			
285	y	28	3198.52172852	-9.96578407			
285	y	29	3326.58032227	-9.96578407			
286	b	1	114.09129333	-9.90827942			
286	b	2	213.15969849	-5.76092291			
286	b	3	342.20230103	-9.40977478			
286	b	4	413.23941040	-9.76160240			
286	b	5	526.32348633	-9.96578407			
286	b	6	686.35418701	-9.96578407			
286	b	7	757.39129639	-9.83690548			
286	b	8	886.43389893	-9.91944504			
286	b	9	1023.49279785	-9.96578407			
286	b	10	1151.55126953	-9.96578407			
286	b	11	1264.63537598	-9.95261002			
286	b	12	1378.67834473	-9.94895172			
286	b	13	1491.76245117	-9.96578407			
286	b	14	1604.84655762	-9.96578407			
286	y	1	147.11276245	-5.48975325			
286	y	2	260.19680786	-6.45536566			
286	y	3	373.28085327	-8.83337498			
286	y	4	487.32379150	-8.41527367			
286	y	5	600.40789795	-8.64769936			
286	y	6	728.46649170	-7.95533085			
286	y	7	865.52539062	-7.28125668			
286	y	8	994.56799316	-7.31689978			
286	y	9	1065.60510254	-7.77751780			
286	y	10	1225.63574219	-9.65190983			
286	y	11	1338.71984863	-9.89453506			
286	y	12	1409.75695801	-9.86008263			
286	y	13	1538.79956055	-9.96578407			
286	y	14	1637.86791992	-9.94014835			
287	b	1	72.04434967	-9.93395233			
287	b	2	185.12841797	-5.03895712			
287	b	3	348.19174194	-7.36673498			
287	b	4	463.21865845	-8.36678791			
287	b	5	564.26635742	-7.23388195			
287	b	6	661.31915283	-9.82709312			
287	b	7	821.34985352	-9.78251266			
287	b	8	934.43389893	-9.96578407			
287	b	9	1062.49243164	-9.89407730			
287	b	10	1133.52954102	-9.74232197			
287	b	11	1262.57214355	-9.88957310			
287	b	12	1349.60412598	-9.93493271			
287	b	13	1478.64672852	-9.94410515			
287	y	1	147.11276245	-6.80334234			
287	y	2	276.15533447	-9.09371948			
287	y	3	363.18734741	-6.61288691			
287	y	4	492.22994995	-7.70603466			
287	y	5	563.26708984	-6.56953812			
287	y	6	691.32568359	-6.84707832			
287	y	7	804.40972900	-7.39425039			
287	y	8	964.44042969	-9.82667637			
287	y	9	1061.49316406	-9.45374966			
287	y	10	1162.54089355	-9.09765148			
287	y	11	1277.56787109	-9.60845089			
287	y	12	1440.63122559	-9.53833103			
287	y	13	1553.71533203	-9.96578407			
288	b	1	102.05490875	-8.54241085			
288	b	2	201.12332153	-6.51094580			
288	b	3	298.17608643	-9.39992905			
288	b	4	395.22885132	-9.96578407			
288	b	5	466.26596069	-8.73604679			
288	b	6	565.33441162	-6.14057207			
288	b	7	662.38714600	-9.96578407			
288	b	8	719.40863037	-8.92732906			
288	b	9	832.49267578	-8.29937744			
288	b	10	933.54034424	-8.28886700			
288	b	11	1080.60876465	-7.83012152			
288	b	12	1193.69287109	-8.67970848			
288	b	13	1280.72485352	-9.56372833			
288	b	14	1337.74633789	-9.81863499			
288	b	15	1394.76782227	-9.73615742			
288	b	16	1522.82641602	-9.61085415			
288	b	17	1636.86938477	-9.86551094			
288	b	18	1765.91198730	-9.77153111			
288	b	19	1894.95458984	-9.93778992			
288	b	20	2023.99719238	-9.96141529			
288	b	21	2095.03442383	-9.96578407			
288	b	22	2182.06640625	-9.82914162			
288	b	23	2295.15039062	-9.89297867			
288	b	24	2409.19335938	-9.96578407			
288	b	25	2522.27734375	-9.90851498			
288	b	26	2636.32031250	-9.96578407			
288	b	27	2707.35742188	-9.94278717			
288	b	28	2820.44140625	-9.96578407			
288	b	29	2934.48437500	-9.96578407			
288	y	1	147.11276245	-6.88330030			
288	y	2	261.15567017	-6.29964161			
288	y	3	374.23971558	-7.48828793			
288	y	4	445.27682495	-7.79973602			
288	y	5	559.31976318	-7.01839781			
288	y	6	672.40380859	-7.93084002			
288	y	7	786.44671631	-6.45459795			
288	y	8	899.53076172	-7.60494900			
288	y	9	986.56280518	-6.76972246			
288	y	10	1057.59997559	-7.22650528			
288	y	11	1186.64257812	-7.62137985			
288	y	12	1315.68518066	-7.93847322			
288	y	13	1444.72778320	-9.21449757			
288	y	14	1558.77075195	-8.98299408			
288	y	15	1686.82934570	-9.96578407			
288	y	16	1743.85083008	-9.88897038			
288	y	17	1800.87231445	-9.79808331			
288	y	18	1887.90429688	-9.78461266			
288	y	19	2000.98840332	-9.96578407			
288	y	20	2148.05688477	-9.96578407			
288	y	21	2249.10449219	-9.96578407			
288	y	22	2362.18847656	-9.96578407			
288	y	23	2419.20996094	-9.96578407			
288	y	24	2516.26269531	-9.88355541			
288	y	25	2615.33105469	-9.96578407			
288	y	26	2686.36816406	-9.96218967			
288	y	27	2783.42089844	-9.96578407			
288	y	28	2880.47363281	-9.96578407			
288	y	29	2979.54199219	-9.96556377			
289	b	1	114.09129333	-9.94972420			
289	b	2	227.17535400	-5.63991833			
289	b	3	356.21792603	-8.56858730			
289	b	4	471.24487305	-8.42002487			
289	b	5	528.26635742	-9.25174904			
289	b	6	656.36132812	-8.94672394			
289	b	7	770.40423584	-8.05537796			
289	b	8	917.47265625	-7.93362045			
289	b	9	1004.50469971	-7.18033361			
289	b	10	1117.58874512	-8.10218048			
289	b	11	1232.61572266	-8.40726566			
289	b	12	1347.64270020	-8.53992462			
289	b	13	1418.67980957	-7.96025181			
289	b	14	1531.76391602	-9.46573830			
289	b	15	1646.79089355	-9.55750656			
289	b	16	1733.82287598	-9.96578407			
289	b	17	1820.85485840	-9.96578407			
289	b	18	1934.89782715	-9.96578407			
289	b	19	2021.92980957	-9.95561790			
289	b	20	2152.97045898	-9.96578407			
289	b	21	2281.02905273	-9.96578407			
289	b	22	2382.07666016	-9.96578407			
289	b	23	2495.16064453	-9.96578407			
289	b	24	2623.21923828	-9.96578407			
289	y	1	147.11276245	-7.31042004			
289	y	2	275.17132568	-6.59833670			
289	y	3	388.25540161	-7.81323242			
289	y	4	489.30307007	-7.12241030			
289	y	5	617.36169434	-7.53914261			
289	y	6	748.40216064	-7.18100357			
289	y	7	835.43420410	-7.01828384			
289	y	8	949.47711182	-7.36176300			
289	y	9	1036.50915527	-6.87521887			
289	y	10	1123.54113770	-6.48450136			
289	y	11	1238.56811523	-5.77730513			
289	y	12	1351.65222168	-8.01228428			
289	y	13	1422.68933105	-9.20104885			
289	y	14	1537.71630859	-9.45555401			
289	y	15	1652.74328613	-9.38876247			
289	y	16	1765.82739258	-9.96578407			
289	y	17	1852.85937500	-9.87501621			
289	y	18	1999.92773438	-9.88279629			
289	y	19	2113.97070312	-9.88651752			
289	y	20	2242.06567383	-9.94955826			
289	y	21	2299.08715820	-9.94508648			
289	y	22	2414.11401367	-9.96578407			
289	y	23	2543.15649414	-9.93327999			
289	y	24	2656.24047852	-9.96578407			
290	b	1	88.03926086	-9.96578407			
290	b	2	216.09783936	-4.67721367			
290	b	3	315.16625977	-5.28917742			
290	b	4	386.20336914	-6.43147850			
290	b	5	483.25613403	-9.66547203			
290	b	6	570.28820801	-9.22832298			
290	b	7	683.37225342	-8.86332417			
290	b	8	770.40429688	-9.54042530			
290	b	9	841.44140625	-9.59345150			
290	b	10	954.52545166	-9.31793499			
290	b	11	1067.60949707	-9.76758480			
290	b	12	1124.63098145	-9.87163448			
290	b	13	1253.67358398	-9.91256714			
290	b	14	1324.71069336	-9.90226269			
290	b	15	1423.77905273	-9.95182133			
290	b	16	1480.80053711	-9.92930794			
290	b	17	1551.83764648	-9.93990231			
290	y	1	175.11891174	-7.16606665			
290	y	2	246.15602112	-9.79326153			
290	y	3	303.17745972	-7.65198326			
290	y	4	402.24588013	-8.56787777			
290	y	5	473.28298950	-7.39515972			
290	y	6	602.32562256	-8.62859154			
290	y	7	659.34710693	-5.83138466			
290	y	8	772.43115234	-6.65461063			
290	y	9	885.51519775	-6.66504765			
290	y	10	956.55230713	-6.93008518			
290	y	11	1043.58435059	-5.05420065			
290	y	12	1156.66845703	-7.74696875			
290	y	13	1243.70043945	-7.45178032			
290	y	14	1340.75317383	-4.63212490			
290	y	15	1411.79028320	-7.36232710			
290	y	16	1510.85864258	-8.39631081			
290	y	17	1638.91723633	-9.96578407			
291	b	1	148.07565308	-9.96578407			
291	b	2	276.13424683	-5.29932213			
291	b	3	439.19757080	-7.79555607			
291	b	4	553.24053955	-9.26950836			
291	b	5	640.27258301	-9.16066647			
291	b	6	741.32025146	-9.78512478			
291	b	7	878.37915039	-8.26368332			
291	b	8	935.40063477	-8.62686443			
291	b	9	1063.49548340	-8.39480019			
291	b	10	1210.56384277	-8.63649750			
291	b	11	1347.62280273	-8.59483433			
291	b	12	1404.64428711	-9.91868591			
291	b	13	1505.69201660	-9.95465183			
291	b	14	1604.76037598	-9.63977909			
291	y	1	147.11276245	-6.79126453			
291	y	2	246.18116760	-7.63571978			
291	y	3	347.22882080	-8.61995411			
291	y	4	404.25027466	-5.97006083			
291	y	5	541.30920410	-6.88520098			
291	y	6	688.37762451	-7.16800499			
291	y	7	816.47259521	-8.60398483			
291	y	8	873.49407959	-6.43120384			
291	y	9	1010.55297852	-6.79418039			
291	y	10	1111.60070801	-7.88846779			
291	y	11	1198.63269043	-7.99036264			
291	y	12	1312.67565918	-7.98103666			
291	y	13	1475.73901367	-7.67816353			
291	y	14	1603.79760742	-9.96578407			
292	b	1	132.04771423	-9.51624680			
292	b	2	231.11611938	-6.12392378			
292	b	3	288.13757324	-8.10278797			
292	b	4	375.16958618	-9.10946560			
292	b	5	538.23297119	-9.64635754			
292	b	6	595.25445557	-9.45570278			
292	b	7	692.30718994	-9.95694637			
292	b	8	848.40826416	-9.47969818			
292	b	9	945.46099854	-9.85606289			
292	b	10	1074.50354004	-9.60050011			
292	b	11	1203.54614258	-7.52291775			
292	b	12	1366.60949707	-8.97817993			
292	b	13	1495.65209961	-8.80444908			
292	b	14	1642.72058105	-9.55293655			
292	b	15	1755.80468750	-9.83315563			
292	b	16	1856.85241699	-9.91699505			
292	b	17	1953.90515137	-9.96578407			
292	b	18	2052.97363281	-9.96578407			
292	b	19	2182.01611328	-9.96230507			
292	b	20	2311.05859375	-9.94052696			
292	b	21	2382.09570312	-9.90272713			
292	b	22	2479.14843750	-9.96501064			
292	y	1	147.11276245	-7.46722698			
292	y	2	244.16552734	-5.70933533			
292	y	3	315.20263672	-7.30812120			
292	y	4	444.24520874	-8.25468922			
292	y	5	573.28784180	-8.03591347			
292	y	6	672.35626221	-9.36218452			
292	y	7	769.40905762	-5.47846937			
292	y	8	870.45672607	-5.73215818			
292	y	9	983.54077148	-7.21472549			
292	y	10	1130.60913086	-7.75767231			
292	y	11	1259.65173340	-9.23557663			
292	y	12	1422.71508789	-9.51326275			
292	y	13	1551.75769043	-9.85777378			
292	y	14	1680.80029297	-9.95495796			
292	y	15	1777.85302734	-9.96578407			
292	y	16	1933.95410156	-9.93499279			
292	y	17	2031.00683594	-9.96578407			
292	y	18	2088.02832031	-9.93468857			
292	y	19	2251.09155273	-9.95928001			
292	y	20	2338.12353516	-9.96238613			
292	y	21	2395.14501953	-9.96578407			
292	y	22	2494.21337891	-9.96578407			
293	b	1	190.05322266	-7.73544121			
293	b	2	319.09579468	-5.53291559			
293	b	3	418.16421509	-6.56857872			
293	b	4	519.21191406	-7.74844122			
293	b	5	576.23339844	-9.48234940			
293	b	6	691.26031494	-8.81974602			
293	b	7	820.30291748	-8.15069008			
293	b	8	983.36627197	-8.57429123			
293	b	9	1097.40917969	-8.28350830			
293	b	10	1196.47753906	-8.31334400			
293	b	11	1325.52014160	-9.28851986			
293	b	12	1439.56311035	-8.88615036			
293	b	13	1552.64721680	-9.27444458			
293	b	14	1667.67419434	-9.82300472			
293	b	15	1724.69567871	-9.96578407			
293	b	16	1852.75427246	-9.26865864			
293	b	17	1949.80700684	-9.96578407			
293	b	18	2006.82849121	-9.96578407			
293	b	19	2077.86572266	-9.81052113			
293	b	20	2224.93408203	-9.92605591			
293	b	21	2325.98168945	-9.95380497			
293	b	22	2486.01245117	-9.90643120			
293	b	23	2649.07568359	-9.93155956			
293	b	24	2762.15966797	-9.96578407			
293	b	25	2877.18652344	-9.94772530			
293	b	26	2948.22363281	-9.96578407			
293	b	27	3005.24511719	-9.96578407			
293	b	28	3118.32910156	-9.96578407			
293	b	29	3189.36621094	-9.96578407			
293	y	1	175.11891174	-6.51603937			
293	y	2	246.15602112	-7.35599375			
293	y	3	359.24008179	-9.25868607			
293	y	4	416.26153564	-7.80331230			
293	y	5	487.29864502	-6.21926165			
293	y	6	602.32562256	-6.47649384			
293	y	7	715.40966797	-7.20615244			
293	y	8	878.47302246	-7.13797092			
293	y	9	1038.50366211	-9.39111614			
293	y	10	1139.55139160	-9.87084007			
293	y	11	1286.61987305	-9.47179031			
293	y	12	1357.65698242	-9.72784901			
293	y	13	1414.67846680	-9.26534748			
293	y	14	1511.73120117	-8.91403294			
293	y	15	1639.78979492	-9.95161819			
293	y	16	1696.81127930	-9.72324848			
293	y	17	1811.83825684	-9.57441330			
293	y	18	1924.92236328	-9.96578407			
293	y	19	2038.96533203	-9.96578407			
293	y	20	2168.00781250	-9.89730263			
293	y	21	2267.07617188	-9.96578407			
293	y	22	2381.11914062	-9.93535805			
293	y	23	2544.18237305	-9.96578407			
293	y	24	2673.22485352	-9.96578407			
293	y	25	2788.25170898	-9.96578407			
293	y	26	2845.27319336	-9.96578407			
293	y	27	2946.32080078	-9.95755959			
293	y	28	3045.38916016	-9.96578407			
293	y	29	3174.43164062	-9.95575905			
294	b	1	164.07055664	-9.96578407			
294	b	2	251.10258484	-7.70127583			
294	b	3	364.18664551	-9.21498013			
294	b	4	478.22958374	-7.98521233			
294	b	5	638.26031494	-9.71597672			
294	b	6	785.29571533	-9.96578407			
294	b	7	914.33831787	-9.96578407			
294	b	8	1029.36523438	-9.96578407			
294	b	9	1142.44934082	-9.96578407			
294	b	10	1255.53344727	-9.96578407			
294	b	11	1392.59240723	-9.78043270			
294	b	12	1521.63500977	-9.96578407			
294	b	13	1634.71911621	-9.69402313			
294	b	14	1797.78247070	-9.96578407			
294	b	15	1898.83020020	-9.96578407			
294	b	16	1997.89855957	-9.95745659			
294	b	17	2054.92016602	-9.87872982			
294	y	1	147.11276245	-6.99283361			
294	y	2	204.13423157	-5.59563017			
294	y	3	303.20263672	-6.78341484			
294	y	4	404.25030518	-6.39136600			
294	y	5	567.31365967	-6.87819529			
294	y	6	680.39770508	-7.24934340			
294	y	7	809.44030762	-7.15284061			
294	y	8	946.49920654	-6.01847553			
294	y	9	1059.58325195	-6.45446157			
294	y	10	1172.66735840	-7.47852612			
294	y	11	1287.69433594	-7.44618416			
294	y	12	1416.73693848	-7.38403654			
294	y	13	1563.77233887	-8.32867622			
294	y	14	1723.80297852	-9.74149704			
294	y	15	1837.84594727	-9.96578407			
294	y	16	1950.93005371	-9.96578407			
294	y	17	2037.96203613	-9.96578407			
295	b	1	190.05322266	-9.68124294			
295	b	2	261.09033203	-9.57319832			
295	b	3	417.19143677	-9.37783527			
295	b	4	504.22348022	-9.96578407			
295	b	5	660.32464600	-9.64006138			
295	b	6	761.37231445	-9.45632648			
295	b	7	848.40435791	-9.94122887			
295	b	8	935.43640137	-9.95181465			
295	b	9	1022.46844482	-9.04804897			
295	b	10	1119.52111816	-9.93861294			
295	b	11	1190.55822754	-9.50224209			
295	b	12	1303.64233398	-9.43894863			
295	b	13	1390.67431641	-9.78456688			
295	b	14	1518.73291016	-9.89399624			
295	b	15	1589.77001953	-9.89059162			
295	b	16	1702.85412598	-9.96578407			
295	b	17	1815.93823242	-9.96578407			
295	b	18	1944.98083496	-9.96578407			
295	b	19	2058.06494141	-9.96578407			
295	b	20	2187.10742188	-9.96578407			
295	b	21	2318.14794922	-9.96578407			
295	b	22	2432.19091797	-9.96578407			
295	b	23	2519.22290039	-9.96578407			
295	b	24	2634.24975586	-9.96578407			
295	b	25	2747.33374023	-9.95711994			
295	y	1	147.11276245	-7.03337574			
295	y	2	260.19680786	-6.25706768			
295	y	3	375.22375488	-8.87626648			
295	y	4	462.25576782	-8.60239124			
295	y	5	576.29870605	-8.62238503			
295	y	6	707.33917236	-8.37610531			
295	y	7	836.38177490	-8.18836594			
295	y	8	949.46582031	-8.38634682			
295	y	9	1078.50842285	-8.06089878			
295	y	10	1191.59252930	-7.48908186			
295	y	11	1304.67663574	-8.49743271			
295	y	12	1375.71374512	-8.55162430			
295	y	13	1503.77233887	-9.40126896			
295	y	14	1590.80432129	-9.08236694			
295	y	15	1703.88842773	-9.96578407			
295	y	16	1774.92553711	-9.96578407			
295	y	17	1871.97827148	-9.96578407			
295	y	18	1959.01025391	-9.96578407			
295	y	19	2046.04223633	-9.96578407			
295	y	20	2133.07421875	-9.96578407			
295	y	21	2234.12182617	-9.96578407			
295	y	22	2390.22290039	-9.96578407			
295	y	23	2477.25488281	-9.96578407			
295	y	24	2633.35595703	-9.95767498			
295	y	25	2704.39306641	-9.96578407			
296	b	1	190.05322266	-8.44287586			
296	b	2	305.08016968	-5.70278406			
296	b	3	434.12277222	-3.82253790			
296	b	4	547.20684814	-7.37566853			
296	b	5	634.23889160	-8.94898510			
296	b	6	763.28149414	-9.44463825			
296	b	7	892.32409668	-9.73190594			
296	b	8	1007.35101318	-9.74377728			
296	b	9	1135.44592285	-9.67566872			
296	b	10	1248.53002930	-9.48204613			
296	b	11	1349.57775879	-9.86410522			
296	b	12	1448.64611816	-9.87316036			
296	b	13	1535.67810059	-9.92441559			
296	y	1	175.11891174	-6.81977940			
296	y	2	262.15093994	-7.47924280			
296	y	3	361.21932983	-7.60757923			
296	y	4	462.26699829	-6.49983311			
296	y	5	575.35107422	-6.56662321			
296	y	6	703.44604492	-6.56881666			
296	y	7	818.47296143	-7.08688641			
296	y	8	947.51556396	-6.15993166			
296	y	9	1076.55810547	-6.83294010			
296	y	10	1163.59008789	-5.22836685			
296	y	11	1276.67419434	-8.05685616			
296	y	12	1405.71679688	-9.77460098			
296	y	13	1520.74377441	-9.88163185			
297	b	1	132.04771423	-9.89903641			
297	b	2	245.13177490	-6.59373665			
297	b	3	373.19033813	-5.20289660			
297	b	4	536.25372314	-7.68405485			
297	b	5	635.32214355	-9.27866840			
297	b	6	795.35284424	-9.92871380			
297	b	7	910.37976074	-9.96578407			
297	b	8	1024.42260742	-9.93135071			
297	b	9	1111.45458984	-9.85096169			
297	b	10	1208.50732422	-9.89723682			
297	b	11	1337.54992676	-9.94975948			
297	b	12	1436.61828613	-9.93831348			
297	y	1	175.11891174	-6.30043745			
297	y	2	274.18731689	-6.79845905			
297	y	3	403.22988892	-9.96569061			
297	y	4	500.28265381	-6.58551788			
297	y	5	587.31469727	-8.13485622			
297	y	6	701.35760498	-6.54832745			
297	y	7	816.38452148	-7.22975349			
297	y	8	976.41522217	-9.91787624			
297	y	9	1075.48364258	-9.96578407			
297	y	10	1238.54699707	-9.96578407			
297	y	11	1366.60559082	-9.96578407			
297	y	12	1479.68969727	-9.96578407			
298	b	1	129.10218811	-6.95487547			
298	b	2	200.13931274	-8.52876854			
298	b	3	271.17642212	-9.01918983			
298	b	4	342.21353149	-5.75288486			
298	b	5	439.26629639	-9.43044186			
298	b	6	540.31402588	-6.76380157			
298	b	7	637.36676025	-9.96578407			
298	b	8	766.40936279	-8.95007992			
298	b	9	895.45196533	-8.34156227			
298	b	10	1024.49450684	-7.45922518			
298	b	11	1171.52990723	-9.26533699			
298	b	12	1286.55688477	-8.99075413			
298	b	13	1415.59948730	-9.47886562			
298	b	14	1575.63024902	-9.96578407			
298	b	15	1704.67285156	-9.96578407			
298	b	16	1832.73144531	-9.96578407			
298	b	17	1903.76855469	-9.96578407			
298	b	18	2016.85266113	-9.96578407			
298	b	19	2087.88989258	-9.96578407			
298	b	20	2158.92700195	-9.96578407			
298	b	21	2287.96948242	-9.96578407			
298	b	22	2385.02221680	-9.96578407			
298	y	1	147.11276245	-7.85263348			
298	y	2	244.16552734	-4.29114866			
298	y	3	373.20809937	-7.69058847			
298	y	4	444.24520874	-7.37826443			
298	y	5	515.28234863	-5.90919399			
298	y	6	628.36639404	-7.06411028			
298	y	7	699.40350342	-6.58952999			
298	y	8	827.46209717	-7.51939583			
298	y	9	956.50469971	-7.27560568			
298	y	10	1116.53540039	-9.30781174			
298	y	11	1245.57800293	-9.10954666			
298	y	12	1360.60498047	-9.37094688			
298	y	13	1507.64038086	-9.96298313			
298	y	14	1636.68298340	-9.96578407			
298	y	15	1765.72558594	-9.96578407			
298	y	16	1894.76818848	-9.96578407			
298	y	17	1991.82092285	-9.96073627			
298	y	18	2092.86865234	-9.95465469			
298	y	19	2189.92138672	-9.96578407			
298	y	20	2260.95849609	-9.96100140			
298	y	21	2331.99560547	-9.96096134			
298	y	22	2403.03271484	-9.96578407			
299	b	1	190.05322266	-9.67880249			
299	b	2	353.11654663	-7.42508078			
299	b	3	516.17987061	-9.96578407			
299	b	4	672.28094482	-8.59414387			
299	b	5	729.30242920	-9.93746567			
299	b	6	800.33953857	-8.82571411			
299	b	7	928.39813232	-8.80529690			
299	b	8	999.43524170	-9.02249813			
299	b	9	1070.47229004	-9.17290878			
299	b	10	1183.55639648	-9.16685581			
299	b	11	1282.62475586	-9.24207687			
299	b	12	1381.69311523	-9.41061974			
299	b	13	1544.75646973	-9.96027470			
299	b	14	1659.78344727	-8.18788433			
299	b	15	1772.86755371	-9.96578407			
299	b	16	1873.91528320	-9.96578407			
299	b	17	1987.95825195	-9.96578407			
299	b	18	2089.00610352	-9.96578407			
299	b	19	2204.03295898	-9.01881027			
299	b	20	2305.08056641	-9.96578407			
299	b	21	2452.14892578	-9.96578407			
299	b	22	2523.18603516	-9.75395775			
299	y	1	175.11891174	-7.35540247			
299	y	2	246.15602112	-8.99634838			
299	y	3	393.22442627	-9.60030937			
299	y	4	494.27209473	-6.32529688			
299	y	5	609.29907227	-9.07591343			
299	y	6	710.34674072	-8.62209892			
299	y	7	824.38964844	-8.53178406			
299	y	8	925.43731689	-8.23176670			
299	y	9	1038.52136230	-6.86792517			
299	y	10	1153.54833984	-9.05928612			
299	y	11	1316.61169434	-8.91579151			
299	y	12	1415.68005371	-9.18930340			
299	y	13	1514.74841309	-9.29146481			
299	y	14	1627.83251953	-9.24632645			
299	y	15	1698.86962891	-9.62511063			
299	y	16	1769.90673828	-9.25338173			
299	y	17	1897.96533203	-9.45900249			
299	y	18	1969.00244141	-9.86850643			
299	y	19	2026.02392578	-9.84439182			
299	y	20	2182.12500000	-9.96578407			
299	y	21	2345.18823242	-9.96578407			
299	y	22	2508.25146484	-9.96578407			
300	b	1	190.05322266	-9.76204491			
300	b	2	277.08523560	-8.96536255			
300	b	3	405.18020630	-8.34840393			
300	b	4	506.22787476	-7.39693594			
300	b	5	607.27557373	-8.42090893			
300	b	6	720.35961914	-8.28605461			
300	b	7	835.38653564	-7.06481409			
300	b	8	963.48150635	-8.14376259			
300	b	9	1050.51342773	-8.53549862			
300	b	10	1163.59753418	-8.03473568			
300	b	11	1276.68164062	-8.32784081			
300	b	12	1391.70861816	-7.74503088			
300	b	13	1504.79272461	-8.53341770			
300	b	14	1617.87683105	-8.48834896			
300	b	15	1704.90881348	-9.57457829			
300	b	16	1819.93579102	-7.89364862			
300	b	17	1916.98852539	-9.80687141			
300	b	18	2032.01550293	-9.44071388			
300	b	19	2103.05273438	-9.78733730			
300	b	20	2160.07421875	-9.85235500			
300	b	21	2261.12182617	-9.19020939			
300	b	22	2358.17456055	-9.96578407			
300	b	23	2487.21704102	-9.83475685			
300	b	24	2602.24389648	-9.60361481			
300	y	1	147.11276245	-8.31288242			
300	y	2	262.13967896	-7.33883667			
300	y	3	391.18228149	-9.49147415			
300	y	4	488.23504639	-5.44367933			
300	y	5	589.28277588	-8.71496868			
300	y	6	646.30426025	-7.33700657			
300	y	7	717.34136963	-6.57965851			
300	y	8	832.36828613	-8.83737087			
300	y	9	929.42102051	-4.54720116			
300	y	10	1044.44799805	-7.48591137			
300	y	11	1131.47998047	-6.21472406			
300	y	12	1244.56408691	-7.35381556			
300	y	13	1357.64819336	-7.57120037			
300	y	14	1472.67517090	-7.87548923			
300	y	15	1585.75927734	-8.37302589			
300	y	16	1698.84338379	-9.52814579			
300	y	17	1785.87536621	-9.01937962			
300	y	18	1913.97033691	-9.26726913			
300	y	19	2028.99731445	-8.95133400			
300	y	20	2142.08129883	-9.75523758			
300	y	21	2243.12890625	-9.78099155			
300	y	22	2344.17651367	-9.88353062			
300	y	23	2472.27148438	-9.94412804			
300	y	24	2559.30346680	-9.96313381			
301	b	1	190.05322266	-9.76358795			
301	b	2	289.12164307	-9.85227203			
301	b	3	426.18057251	-4.86756992			
301	b	4	523.23333740	-9.30562305			
301	b	5	637.27624512	-8.63674641			
301	b	6	736.34466553	-6.61522722			
301	b	7	849.42871094	-7.59094095			
301	b	8	1009.45941162	-9.90181351			
301	b	9	1124.48632812	-9.76418495			
301	b	10	1181.50781250	-9.35949039			
301	b	11	1341.53845215	-9.96578407			
301	b	12	1455.58142090	-9.90091324			
301	b	13	1512.60290527	-9.60236931			
301	b	14	1609.65563965	-9.96578407			
301	b	15	1708.72399902	-9.96578407			
301	b	16	1807.79235840	-9.96578407			
301	b	17	1864.81384277	-9.87812710			
301	b	18	1965.86157227	-9.96578407			
301	y	1	175.11891174	-7.31825781			
301	y	2	276.16656494	-9.74737263			
301	y	3	333.18801880	-6.70261335			
301	y	4	432.25643921	-8.03148651			
301	y	5	531.32489014	-9.96578407			
301	y	6	628.37768555	-8.74985981			
301	y	7	685.39916992	-8.58160686			
301	y	8	799.44207764	-8.76828098			
301	y	9	959.47277832	-9.96578407			
301	y	10	1016.49426270	-8.79183292			
301	y	11	1131.52124023	-9.38858509			
301	y	12	1291.55200195	-9.96578407			
301	y	13	1404.63610840	-9.51200390			
301	y	14	1503.70446777	-9.96578407			
301	y	15	1617.74743652	-9.66889858			
301	y	16	1714.80017090	-9.77596092			
301	y	17	1851.85913086	-9.96578407			
301	y	18	1950.92749023	-9.96578407			
302	b	1	116.03417206	-9.52015400			
302	b	2	231.06111145	-6.88850689			
302	b	3	346.08804321	-4.16070604			
302	b	4	459.17208862	-6.39480162			
302	b	5	560.21978760	-6.16895390			
302	b	6	707.25518799	-6.97470760			
302	b	7	820.33923340	-7.44780779			
302	b	8	919.40765381	-8.68563557			
302	b	9	1018.47607422	-9.90725517			
302	b	10	1133.50292969	-9.96578407			
302	b	11	1247.54589844	-9.96578407			
302	b	12	1304.56738281	-9.91563225			
302	b	13	1391.59936523	-9.96569538			
302	b	14	1448.62084961	-9.96578407			
302	b	15	1579.66137695	-9.96578407			
302	b	16	1739.69201660	-9.96578407			
302	y	1	147.11276245	-7.02707148			
302	y	2	307.14346313	-9.76862144			
302	y	3	438.18392944	-9.82318401			
302	y	4	495.20538330	-8.58793926			
302	y	5	582.23742676	-9.78222752			
302	y	6	639.25891113	-8.74750519			
302	y	7	753.30181885	-9.47620392			
302	y	8	868.32873535	-9.94381237			
302	y	9	967.39715576	-9.96578407			
302	y	10	1066.46557617	-9.53136921			
302	y	11	1179.54968262	-9.30896378			
302	y	12	1326.58508301	-9.85407639			
302	y	13	1427.63281250	-9.64485645			
302	y	14	1540.71691895	-9.96578407			
302	y	15	1655.74389648	-9.96578407			
302	y	16	1770.77087402	-9.96219254			
303	b	1	148.04261780	-9.78266811			
303	b	2	276.13757324	-7.83293629			
303	b	3	404.23251343	-7.80546856			
303	b	4	517.31658936	-8.00842094			
303	b	5	616.38500977	-6.02135086			
303	b	6	713.43780518	-9.55271149			
303	b	7	826.52185059	-8.51191235			
303	b	8	939.60589600	-8.69498539			
303	b	9	1076.66479492	-8.63342857			
303	b	10	1177.71252441	-9.37878609			
303	b	11	1234.73400879	-9.81286430			
303	b	12	1349.76098633	-8.93198872			
303	b	13	1448.82934570	-9.72456360			
303	b	14	1561.91345215	-9.74841690			
303	b	15	1674.99755859	-9.57426834			
303	b	16	1790.02453613	-9.10482311			
303	b	17	1847.04602051	-9.95000362			
303	b	18	1904.06750488	-9.96578407			
303	b	19	2018.11047363	-9.94832706			
303	b	20	2105.14257812	-9.96578407			
303	b	21	2234.18505859	-9.89823723			
303	b	22	2397.24829102	-9.91336727			
303	y	1	175.11891174	-7.61080503			
303	y	2	338.18222046	-6.54474640			
303	y	3	467.22482300	-9.15586758			
303	y	4	554.25689697	-8.87842751			
303	y	5	668.29980469	-9.40819931			
303	y	6	725.32128906	-9.07672405			
303	y	7	782.34277344	-5.30291033			
303	y	8	897.36968994	-7.19131565			
303	y	9	1010.45373535	-7.56480694			
303	y	10	1123.53784180	-8.18462181			
303	y	11	1222.60620117	-8.17262268			
303	y	12	1337.63317871	-9.21592426			
303	y	13	1394.65466309	-7.13297129			
303	y	14	1495.70239258	-7.37589788			
303	y	15	1632.76135254	-7.79257059			
303	y	16	1745.84545898	-8.86632824			
303	y	17	1858.92956543	-9.63171864			
303	y	18	1955.98229980	-7.79684639			
303	y	19	2055.05053711	-9.21304226			
303	y	20	2168.13476562	-9.56124401			
303	y	21	2296.22973633	-9.84562397			
303	y	22	2424.32470703	-9.94964600			
304	b	1	148.04261780	-9.73684883			
304	b	2	219.07974243	-5.09391356			
304	b	3	348.12234497	-7.56157589			
304	b	4	405.14379883	-9.07449913			
304	b	5	533.20239258	-8.93993855			
304	b	6	632.27081299	-9.33348846			
304	b	7	745.35485840	-9.67582130			
304	b	8	844.42327881	-9.93513584			
304	b	9	957.50732422	-9.96578407			
304	b	10	1072.53417969	-9.92560768			
304	b	11	1129.55566406	-9.96359253			
304	y	1	175.11891174	-7.02560139			
304	y	2	232.14038086	-4.98515558			
304	y	3	347.16729736	-7.62649202			
304	y	4	460.25137329	-6.18029308			
304	y	5	559.31982422	-5.91228628			
304	y	6	672.40386963	-4.82137346			
304	y	7	771.47229004	-5.20058393			
304	y	8	899.53088379	-7.70917225			
304	y	9	956.55236816	-5.08580685			
304	y	10	1085.59497070	-6.29151392			
304	y	11	1156.63208008	-8.19339466			
305	b	1	72.04434967	-9.55165672			
305	b	2	232.07504272	-9.46236229			
305	b	3	303.11215210	-8.89008045			
305	b	4	416.19619751	-9.65667534			
305	b	5	473.21765137	-7.78556442			
305	b	6	586.30175781	-9.51601601			
305	b	7	699.38580322	-9.71804333			
305	b	8	846.42120361	-9.47753048			
305	b	9	974.51617432	-9.80249023			
305	b	10	1089.54309082	-9.51507759			
305	b	11	1202.62719727	-9.48305225			
305	b	12	1273.66430664	-9.70462799			
305	b	13	1330.68579102	-9.43942833			
305	b	14	1459.72839355	-9.71787357			
305	b	15	1572.81250000	-9.96578407			
305	b	16	1643.84960938	-9.95204449			
305	b	17	1756.93371582	-9.96578407			
305	b	18	1856.00207520	-9.92877483			
305	b	19	1971.02905273	-9.96578407			
305	b	20	2070.09765625	-9.96578407			
305	b	21	2201.13818359	-9.96578407			
305	b	22	2330.18066406	-9.96578407			
305	b	23	2445.20751953	-9.96578407			
305	y	1	147.11276245	-7.29150724			
305	y	2	262.13967896	-6.39696646			
305	y	3	391.18228149	-7.46490002			
305	y	4	522.22277832	-7.00064039			
305	y	5	621.29119873	-6.80310059			
305	y	6	736.31811523	-6.31363916			
305	y	7	835.38653564	-6.27692890			
305	y	8	948.47058105	-6.59318590			
305	y	9	1019.50769043	-5.42623949			
305	y	10	1132.59179688	-7.16948414			
305	y	11	1261.63439941	-8.67426109			
305	y	12	1318.65588379	-7.26741982			
305	y	13	1389.69299316	-8.03227997			
305	y	14	1502.77709961	-9.26808357			
305	y	15	1617.80407715	-8.98340034			
305	y	16	1745.89904785	-9.72487736			
305	y	17	1892.93444824	-9.91565037			
305	y	18	2006.01855469	-9.93833828			
305	y	19	2119.10253906	-9.90700054			
305	y	20	2176.12402344	-9.94112587			
305	y	21	2289.20800781	-9.95880508			
305	y	22	2360.24511719	-9.92744732			
305	y	23	2520.27587891	-9.96125317			
306	b	1	343.19305420	-9.86583900			
306	b	2	457.23599243	-6.60739946			
306	b	3	514.25750732	-7.21943188			
306	b	4	643.30010986	-7.63233328			
306	b	5	744.34777832	-8.42178631			
306	b	6	845.39544678	-9.42767048			
306	b	7	946.44311523	-9.61485386			
306	b	8	1074.50158691	-9.72942448			
306	b	9	1131.52307129	-9.75917721			
306	b	10	1244.60717773	-9.80358791			
306	b	11	1359.63415527	-9.85892200			
306	b	12	1416.65563965	-9.93137646			
306	b	13	1529.73974609	-9.95494080			
306	b	14	1616.77172852	-9.96578407			
306	b	15	1745.81433105	-9.95450974			
306	y	1	175.11891174	-6.23824310			
306	y	2	304.16146851	-8.56090069			
306	y	3	391.19351196	-6.53926420			
306	y	4	504.27755737	-9.21961498			
306	y	5	561.29907227	-5.15408564			
306	y	6	676.32598877	-5.78463697			
306	y	7	789.41003418	-7.61911058			
306	y	8	846.43151855	-4.64408445			
306	y	9	974.49011230	-5.25613642			
306	y	10	1075.53784180	-4.78855562			
306	y	11	1176.58557129	-5.60878611			
306	y	12	1277.63330078	-6.18743753			
306	y	13	1406.67590332	-9.31881714			
306	y	14	1463.69738770	-8.80995274			
306	y	15	1577.74035645	-9.96578407			
307	b	1	160.07899475	-9.96578407			
307	b	2	217.10046387	-8.53853512			
307	b	3	316.16888428	-9.89796448			
307	b	4	453.22781372	-6.93299675			
307	b	5	590.28674316	-5.74431992			
307	b	6	753.35003662	-6.68946314			
307	b	7	840.38208008	-8.19052601			
307	b	8	897.40356445	-9.31487083			
307	b	9	1011.44647217	-8.87179756			
307	b	10	1125.48937988	-8.25073624			
307	b	11	1238.57348633	-8.21180058			
307	b	12	1367.61608887	-7.60350943			
307	b	13	1480.70019531	-8.39491177			
307	b	14	1537.72167969	-9.57659531			
307	b	15	1638.76940918	-9.76166248			
307	b	16	1709.80651855	-9.52413559			
307	b	17	1869.83728027	-9.96273136			
307	b	18	1926.85876465	-9.90915871			
307	y	1	147.11276245	-8.50480747			
307	y	2	204.13423157	-7.06430483			
307	y	3	364.16491699	-9.71696949			
307	y	4	435.20202637	-9.68064976			
307	y	5	536.24975586	-9.80368710			
307	y	6	593.27124023	-8.51888084			
307	y	7	706.35528564	-9.92481804			
307	y	8	835.39788818	-9.96578407			
307	y	9	948.48193359	-9.96578407			
307	y	10	1062.52490234	-9.96578407			
307	y	11	1176.56787109	-9.96578407			
307	y	12	1233.58935547	-9.49805164			
307	y	13	1320.62133789	-9.03084755			
307	y	14	1483.68469238	-8.94594097			
307	y	15	1620.74365234	-8.87529850			
307	y	16	1757.80261230	-9.87263489			
307	y	17	1856.87097168	-9.90793133			
307	y	18	1913.89245605	-9.81558418			
308	b	1	132.04771423	-9.79864883			
308	b	2	219.07974243	-6.46039534			
308	b	3	318.14816284	-7.65197086			
308	b	4	446.20675659	-7.43470860			
308	b	5	543.25958252	-9.86083603			
308	b	6	671.35455322	-9.74827194			
308	b	7	786.38146973	-9.47205639			
308	b	8	853.38726807	-9.14258575			
308	b	9	966.47131348	-8.27863216			
308	b	10	1023.49279785	-8.97591305			
308	b	11	1080.51416016	-7.94821835			
308	b	12	1227.58264160	-9.00977707			
308	b	13	1356.62524414	-8.85984993			
308	b	14	1469.70935059	-9.80231190			
308	b	15	1570.75708008	-9.79008007			
308	b	16	1667.80981445	-9.96578407			
308	b	17	1764.86254883	-9.96578407			
308	b	18	1863.93090820	-9.96578407			
308	b	19	1962.99926758	-9.96578407			
308	b	20	2076.08349609	-9.96578407			
308	y	1	175.11891174	-6.89291668			
308	y	2	288.20297241	-8.51260376			
308	y	3	387.27139282	-9.12299633			
308	y	4	486.33981323	-9.87803841			
308	y	5	583.39257812	-6.62519455			
308	y	6	680.44531250	-4.06881237			
308	y	7	781.49298096	-5.08141041			
308	y	8	894.57702637	-6.53856373			
308	y	9	1023.61962891	-7.29952669			
308	y	10	1170.68798828	-9.38132095			
308	y	11	1227.70947266	-9.43870640			
308	y	12	1284.73095703	-8.74851990			
308	y	13	1397.81506348	-9.96578407			
308	y	14	1464.82092285	-9.86638165			
308	y	15	1579.84790039	-9.87432003			
308	y	16	1707.94287109	-9.94085217			
308	y	17	1804.99560547	-9.96354008			
308	y	18	1933.05419922	-9.96578407			
308	y	19	2032.12255859	-9.96578407			
308	y	20	2119.15454102	-9.96578407			
309	b	1	172.06042480	-9.17268372			
309	b	2	243.09753418	-7.42953014			
309	b	3	330.12954712	-8.19373989			
309	b	4	459.17214966	-8.53420925			
309	b	5	530.20928955	-8.21497726			
309	b	6	964.42132568	-8.41083241			
309	b	7	1077.50537109	-8.73904514			
309	b	8	1176.57373047	-9.25790405			
309	b	9	1233.59521484	-9.16679573			
309	b	10	1346.67932129	-9.87632656			
309	b	11	1493.74768066	-9.96578407			
309	b	12	1622.79028320	-9.96578407			
309	b	13	1737.81726074	-9.96578407			
309	b	14	1838.86499023	-9.95508385			
309	b	15	1952.90795898	-9.96578407			
309	b	16	2065.99218750	-9.96578407			
309	b	17	2226.02294922	-9.94980717			
309	b	18	2297.06005859	-9.95479774			
309	b	19	2410.14404297	-9.95703506			
309	b	20	2547.20288086	-9.96402168			
309	b	21	2618.23999023	-9.96578407			
309	y	1	147.11276245	-6.93593216			
309	y	2	218.14988708	-7.45622015			
309	y	3	355.20877075	-6.28394794			
309	y	4	468.29281616	-7.72147608			
309	y	5	539.32995605	-7.66964388			
309	y	6	699.36065674	-9.57720947			
309	y	7	812.44470215	-9.96578407			
309	y	8	926.48760986	-9.82787800			
309	y	9	1027.53527832	-9.96578407			
309	y	10	1142.56225586	-9.94264698			
309	y	11	1271.60485840	-9.96578407			
309	y	12	1418.67333984	-9.84285831			
309	y	13	1531.75744629	-9.96578407			
309	y	14	1588.77893066	-9.21866608			
309	y	15	1687.84729004	-9.96578407			
309	y	16	1800.93139648	-9.91855240			
309	y	17	2235.14331055	-9.95392418			
309	y	18	2306.18041992	-9.94794846			
309	y	19	2435.22290039	-9.94306183			
309	y	20	2522.25488281	-9.96090031			
309	y	21	2593.29199219	-9.96031094			
310	b	1	100.07564545	-9.96578407			
310	b	2	214.11857605	-6.67958307			
310	b	3	329.14550781	-8.78738403			
310	b	4	444.17245483	-8.45770550			
310	b	5	573.21508789	-9.66469479			
310	b	6	687.25799561	-9.69340229			
310	b	7	816.30059814	-9.37041855			
310	b	8	953.35949707	-9.20365906			
310	b	9	1081.41796875	-9.35227871			
310	b	10	1194.50207520	-9.52597809			
310	b	11	1281.53405762	-9.96124458			
310	b	12	1394.61816406	-9.93028831			
310	y	1	175.11891174	-5.90188217			
310	y	2	288.20297241	-7.97866631			
310	y	3	375.23501587	-6.14303970			
310	y	4	488.31906128	-6.50287867			
310	y	5	616.37768555	-5.85967350			
310	y	6	753.43658447	-5.48108339			
310	y	7	882.47918701	-7.01915216			
310	y	8	996.52209473	-6.32991695			
310	y	9	1125.56469727	-7.19143724			
310	y	10	1240.59167480	-7.86513090			
310	y	11	1355.61865234	-7.83762693			
310	y	12	1469.66162109	-9.92409515			
311	b	1	100.07564545	-9.91059208			
311	b	2	201.12332153	-7.16755629			
311	b	3	272.16043091	-8.69573975			
311	b	4	397.20809937	-7.86778831			
311	b	5	526.25073242	-8.76169968			
311	b	6	663.30963135	-5.87348986			
311	b	7	760.36236572	-9.23307133			
311	b	8	859.43078613	-8.35949039			
311	b	9	972.51483154	-7.64103460			
311	b	10	1085.59887695	-8.08782291			
311	b	11	1186.64660645	-9.42559433			
311	b	12	1315.68920898	-8.97663593			
311	b	13	1386.72631836	-7.58738756			
311	b	14	1483.77905273	-9.76125431			
311	b	15	1596.86315918	-9.36264896			
311	b	16	1710.90612793	-8.85487938			
311	b	17	1807.95886230	-9.96578407			
311	y	1	147.11276245	-7.17905760			
311	y	2	244.16552734	-5.46782589			
311	y	3	358.20843506	-6.85555744			
311	y	4	471.29251099	-9.73556232			
311	y	5	568.34533691	-5.99315977			
311	y	6	639.38244629	-7.30222464			
311	y	7	768.42504883	-8.21629906			
311	y	8	869.47271729	-6.83215523			
311	y	9	982.55676270	-7.69588375			
311	y	10	1095.64086914	-7.95615101			
311	y	11	1194.70922852	-9.05648994			
311	y	12	1291.76196289	-5.40654564			
311	y	13	1428.82092285	-8.71552277			
311	y	14	1557.86352539	-9.63416862			
311	y	15	1682.91125488	-9.96578407			
311	y	16	1753.94836426	-9.78449345			
311	y	17	1854.99609375	-9.94128609			
312	b	1	58.02870178	-9.85269928			
312	b	2	172.07162476	-7.82376194			
312	b	3	287.09857178	-7.63586712			
312	b	4	344.12002563	-8.77175808			
312	b	5	1736.56835938	-9.03801346			
312	b	6	1850.61132812	-8.94874477			
312	b	7	1997.67980957	-7.28378296			
312	b	8	2054.70141602	-9.02419186			
312	b	9	2111.72290039	-9.51644325			
312	b	10	2168.74438477	-9.44541168			
312	b	11	2225.76586914	-9.70360851			
312	b	12	2312.79785156	-8.93999577			
312	b	13	2475.86108398	-9.24619102			
312	b	14	2589.90405273	-9.44911385			
312	b	15	2703.94702148	-8.98727703			
312	b	16	2851.01538086	-9.07352066			
312	b	17	2908.03686523	-9.86897945			
312	b	18	3022.07983398	-9.72908688			
312	b	19	3185.14306641	-9.87450695			
312	b	20	3299.18603516	-9.95359039			
312	b	21	3413.22900391	-9.96578407			
312	b	22	3541.28759766	-9.96578407			
312	b	23	3628.31958008	-9.96578407			
312	b	24	3715.35156250	-9.96578407			
312	b	25	3829.39453125	-9.96578407			
312	b	26	3976.46289062	-9.96578407			
312	b	27	4033.48437500	-9.96578407			
312	b	28	4130.53710938	-9.96578407			
312	b	29	4261.57763672	-9.96578407			
312	y	1	147.11276245	-6.94773293			
312	y	2	278.15322876	-8.63892174			
312	y	3	375.20599365	-5.95664454			
312	y	4	432.22744751	-5.40165806			
312	y	5	579.29589844	-6.41556501			
312	y	6	693.33880615	-6.75202942			
312	y	7	780.37084961	-6.29120684			
312	y	8	867.40289307	-5.38814688			
312	y	9	995.46148682	-7.30926609			
312	y	10	1109.50439453	-6.73396254			
312	y	11	1223.54736328	-6.79024458			
312	y	12	1386.61071777	-7.58532572			
312	y	13	1500.65368652	-9.02500343			
312	y	14	1557.67517090	-7.51834106			
312	y	15	1704.74365234	-9.06530285			
312	y	16	1818.78662109	-9.58586025			
312	y	17	1932.82958984	-9.80676460			
312	y	18	2095.89282227	-9.96578407			
312	y	19	2182.92480469	-9.96578407			
312	y	20	2239.94628906	-9.96578407			
312	y	21	2296.96777344	-9.96578407			
312	y	22	2353.98925781	-9.95850182			
312	y	23	2411.01074219	-9.92155838			
312	y	24	2558.07910156	-9.92386818			
312	y	25	2672.12207031	-9.96578407			
312	y	26	4064.57055664	-9.96578407			
312	y	27	4121.59179688	-9.96578407			
312	y	28	4236.61865234	-9.96578407			
312	y	29	4350.66162109	-9.94977283			
313	b	1	142.08624268	-9.96578407			
313	b	2	213.12335205	-5.97417545			
313	b	3	312.19177246	-7.47239780			
313	b	4	1022.47760010	-8.18019390			
313	b	5	1079.49902344	-9.56776428			
313	b	6	1194.52600098	-8.59173679			
313	b	7	1323.56860352	-8.11437702			
313	b	8	1486.63195801	-8.30475426			
313	b	9	1600.67492676	-8.06130123			
313	b	10	1699.74328613	-7.61238909			
313	b	11	1828.78588867	-8.86135578			
313	b	12	1885.80737305	-8.43492889			
313	b	13	1998.89147949	-9.29370213			
313	b	14	2113.91845703	-9.58984852			
313	b	15	2170.93994141	-9.83331490			
313	b	16	2298.99853516	-8.69623566			
313	b	17	2396.05126953	-9.96578407			
313	b	18	2453.07275391	-9.92544842			
313	b	19	2524.10986328	-9.71989346			
313	b	20	2671.17822266	-9.88973427			
313	b	21	2772.22583008	-9.94328785			
313	b	22	2932.25659180	-9.90743732			
313	b	23	3095.31982422	-9.93253994			
313	b	24	3208.40380859	-9.96578407			
313	b	25	3323.43066406	-9.94664288			
313	b	26	3394.46777344	-9.95769787			
313	b	27	3451.48925781	-9.95504189			
313	b	28	3564.57324219	-9.94590282			
313	b	29	3635.61035156	-9.96578407			
313	y	1	175.11891174	-6.66141462			
313	y	2	246.15602112	-7.56319761			
313	y	3	359.24008179	-9.30738163			
313	y	4	416.26153564	-7.81935453			
313	y	5	487.29864502	-6.24655533			
313	y	6	602.32562256	-6.72035885			
313	y	7	715.40966797	-7.16813517			
313	y	8	878.47302246	-7.10694122			
313	y	9	1038.50366211	-9.53827286			
313	y	10	1139.55139160	-9.82522964			
313	y	11	1286.61987305	-9.61702442			
313	y	12	1357.65698242	-9.90571308			
313	y	13	1414.67846680	-9.25796604			
313	y	14	1511.73120117	-8.90585232			
313	y	15	1639.78979492	-9.96578407			
313	y	16	1696.81127930	-9.67734241			
313	y	17	1811.83825684	-9.61790752			
313	y	18	1924.92236328	-9.96578407			
313	y	19	1981.94384766	-9.96578407			
313	y	20	2110.98632812	-9.90017319			
313	y	21	2210.05468750	-9.96578407			
313	y	22	2324.09765625	-9.95080853			
313	y	23	2487.16088867	-9.94334984			
313	y	24	2616.20336914	-9.96578407			
313	y	25	2731.23022461	-9.96578407			
313	y	26	2788.25170898	-9.96578407			
313	y	27	3498.53735352	-9.96578407			
313	y	28	3597.60571289	-9.95568275			
313	y	29	3668.64282227	-9.95662403			
314	b	1	582.21411133	-9.88847160			
314	b	2	679.26690674	-6.70793533			
314	b	3	766.29895020	-8.49018574			
314	b	4	853.33099365	-8.75736046			
314	b	5	981.42596436	-9.01336956			
314	b	6	1068.45788574	-9.00344181			
314	b	7	1167.52624512	-8.20753479			
314	b	8	1254.55822754	-8.86769009			
314	b	9	1355.60595703	-6.88401413			
314	b	10	1452.65869141	-9.73570347			
314	b	11	1539.69067383	-9.65881443			
314	b	12	1668.73327637	-9.28251743			
314	b	13	1739.77038574	-9.29407978			
314	b	14	1796.79187012	-9.62258244			
314	b	15	1883.82385254	-9.85490608			
314	b	16	2011.88244629	-9.96578407			
314	b	17	2126.90942383	-9.96578407			
314	b	18	2213.94140625	-9.96578407			
314	b	19	2270.96289062	-9.96578407			
314	b	20	2385.98974609	-9.96578407			
314	b	21	2443.01123047	-9.96578407			
314	b	22	2514.04833984	-9.95884991			
314	b	23	2613.11669922	-9.89037037			
314	b	24	2670.13818359	-9.96578407			
314	b	25	2757.17016602	-9.96578407			
314	y	1	175.11891174	-7.80504084			
314	y	2	262.15093994	-9.28038311			
314	y	3	319.17239380	-6.95106506			
314	y	4	418.24081421	-7.71137714			
314	y	5	489.27792358	-8.40569115			
314	y	6	546.29943848	-5.08279467			
314	y	7	661.32635498	-8.51694775			
314	y	8	718.34783936	-6.07693815			
314	y	9	805.37988281	-5.46495342			
314	y	10	920.40679932	-6.18244410			
314	y	11	1048.46533203	-8.14213943			
314	y	12	1135.49731445	-8.09536839			
314	y	13	1192.51879883	-7.51958418			
314	y	14	1263.55590820	-8.08804226			
314	y	15	1392.59851074	-9.48762703			
314	y	16	1479.63049316	-9.55342197			
314	y	17	1576.68322754	-8.69411659			
314	y	18	1677.73095703	-9.96578407			
314	y	19	1764.76293945	-9.87144089			
314	y	20	1863.83129883	-9.96578407			
314	y	21	1950.86328125	-9.96578407			
314	y	22	2078.95825195	-9.95479488			
314	y	23	2165.99023438	-9.96578407			
314	y	24	2253.02221680	-9.96578407			
314	y	25	2350.07495117	-9.96578407			
315	b	1	161.03793335	-9.96578407			
315	b	2	275.08087158	-9.96578407			
315	b	3	404.12344360	-9.92014599			
315	b	4	517.20751953	-9.81590366			
315	b	5	630.29156494	-9.77640343			
315	b	6	744.33447266	-9.63058662			
315	b	7	930.41375732	-9.81275654			
315	b	8	1043.49780273	-9.96578407			
315	b	9	1158.52478027	-9.85267639			
315	b	10	1286.61975098	-9.86616421			
315	b	11	1400.66271973	-9.96578407			
315	b	12	1528.72131348	-9.96578407			
315	b	13	1599.75842285	-9.96578407			
315	b	14	1670.79553223	-9.96578407			
315	b	15	1799.83813477	-9.96578407			
315	b	16	1927.93310547	-9.94366741			
315	b	17	2056.97583008	-9.95034313			
315	b	18	2186.01831055	-9.96578407			
315	b	19	2333.08666992	-9.96578407			
315	b	20	2462.12915039	-9.95631218			
315	b	21	2599.18798828	-9.96578407			
315	b	22	2727.24658203	-9.94477940			
315	b	23	2855.30517578	-9.94244289			
315	y	1	147.11276245	-9.28206921			
315	y	2	275.17132568	-8.35298347			
315	y	3	403.22988892	-8.25375080			
315	y	4	540.28881836	-6.90339518			
315	y	5	669.33142090	-7.89637518			
315	y	6	816.39984131	-7.43123484			
315	y	7	945.44244385	-7.33484983			
315	y	8	1074.48498535	-6.50603676			
315	y	9	1202.57995605	-8.27848339			
315	y	10	1331.62255859	-8.73970509			
315	y	11	1402.65966797	-9.27150059			
315	y	12	1473.69677734	-9.50291538			
315	y	13	1601.75537109	-9.88312340			
315	y	14	1715.79833984	-9.70402241			
315	y	15	1843.89331055	-9.82749176			
315	y	16	1958.92028809	-9.91647053			
315	y	17	2072.00439453	-9.92801952			
315	y	18	2258.08374023	-9.90725708			
315	y	19	2372.12670898	-9.96578407			
315	y	20	2485.21069336	-9.95011425			
315	y	21	2598.29467773	-9.93619156			
315	y	22	2727.33715820	-9.93139839			
315	y	23	2841.38012695	-9.94335747			
316	b	1	130.06106567	-9.89051247			
316	b	2	243.14512634	-6.18091965			
316	b	3	358.17205811	-4.64800167			
316	b	4	457.24047852	-8.31434345			
316	b	5	572.26745605	-8.22135544			
316	b	6	659.29949951	-8.21514988			
316	b	7	772.38354492	-8.39989662			
316	b	8	871.45196533	-8.46727943			
316	b	9	984.53601074	-9.58438969			
316	b	10	1113.57849121	-9.80619144			
316	b	11	1250.63745117	-8.80140400			
316	b	12	1363.72155762	-8.49629498			
316	b	13	1491.78015137	-8.47548199			
316	b	14	1590.84851074	-9.10388088			
316	b	15	1704.89147949	-9.74466801			
316	y	1	147.11276245	-6.58309174			
316	y	2	261.15567017	-5.78797770			
316	y	3	360.22409058	-7.45397329			
316	y	4	488.28268433	-7.36153698			
316	y	5	601.36676025	-7.74667263			
316	y	6	738.42565918	-6.54934549			
316	y	7	867.46826172	-6.51437092			
316	y	8	980.55230713	-5.86151695			
316	y	9	1079.62072754	-5.79427433			
316	y	10	1192.70483398	-8.02273178			
316	y	11	1279.73681641	-7.64580202			
316	y	12	1394.76379395	-6.89211464			
316	y	13	1493.83215332	-9.96578407			
316	y	14	1608.85913086	-9.54059505			
316	y	15	1721.94323730	-9.96578407			
317	b	1	156.10189819	-9.93007660			
317	b	2	285.14450073	-6.29832792			
317	b	3	382.19726562	-9.88935184			
317	b	4	519.25622559	-9.38562202			
317	b	5	633.29913330	-7.08110905			
317	b	6	730.35186768	-9.81807423			
317	b	7	831.39953613	-9.06896782			
317	b	8	945.44244385	-8.61459827			
317	b	9	1073.50097656	-7.78310776			
317	b	10	1186.58508301	-8.55616570			
317	b	11	1734.82849121	-8.83477879			
317	b	12	1865.86901855	-9.55150032			
317	b	13	1980.89599609	-9.58194542			
317	b	14	2095.92309570	-9.90300179			
317	b	15	2210.94995117	-9.50093842			
317	b	16	2324.03393555	-9.61902809			
317	b	17	2395.07104492	-9.78857231			
317	b	18	2466.10815430	-9.84145927			
317	b	19	2579.19213867	-9.96578407			
317	b	20	2678.26049805	-9.96578407			
317	b	21	2777.32885742	-9.96578407			
317	b	22	2892.35571289	-9.96578407			
317	b	23	3006.39868164	-9.96578407			
317	b	24	3063.42016602	-9.95211411			
317	b	25	3150.45214844	-9.94261074			
317	b	26	3207.47363281	-9.94930553			
317	b	27	3338.51416016	-9.96578407			
317	b	28	3498.54492188	-9.96578407			
317	y	1	147.11276245	-7.40773392			
317	y	2	307.14346313	-9.94910908			
317	y	3	438.18392944	-9.90520668			
317	y	4	495.20538330	-8.54268932			
317	y	5	582.23742676	-9.63396835			
317	y	6	639.25891113	-8.44132805			
317	y	7	753.30181885	-9.44185925			
317	y	8	868.32873535	-9.33425140			
317	y	9	967.39715576	-9.52093029			
317	y	10	1066.46557617	-9.46042728			
317	y	11	1179.54968262	-9.53164959			
317	y	12	1250.58679199	-8.93369675			
317	y	13	1321.62390137	-9.83789253			
317	y	14	1434.70800781	-9.80365562			
317	y	15	1549.73498535	-9.96578407			
317	y	16	1664.76196289	-9.90418053			
317	y	17	1779.78894043	-9.90017509			
317	y	18	1910.82946777	-9.92556572			
317	y	19	2459.07299805	-9.82964420			
317	y	20	2572.15698242	-9.96578407			
317	y	21	2700.21557617	-9.96578407			
317	y	22	2814.25854492	-9.96578407			
317	y	23	2915.30615234	-9.96578407			
317	y	24	3012.35888672	-9.96578407			
317	y	25	3126.40185547	-9.95802689			
317	y	26	3263.46069336	-9.96387291			
317	y	27	3360.51342773	-9.96578407			
317	y	28	3489.55590820	-9.95912170			
318	b	1	494.18429565	-9.58429050			
318	b	2	581.21636963	-7.24934530			
318	b	3	678.26910400	-9.53954601			
318	b	4	765.30114746	-9.40383530			
318	b	5	852.33319092	-9.66714287			
318	b	6	980.42816162	-9.37514591			
318	b	7	1067.46008301	-9.18042564			
318	b	8	1166.52844238	-8.32556057			
318	b	9	1253.56042480	-8.93254471			
318	b	10	1354.60815430	-6.82277012			
318	b	11	1451.66088867	-9.96578407			
318	b	12	1538.69287109	-9.51193333			
318	b	13	1667.73547363	-9.58062172			
318	b	14	1738.77258301	-9.63663387			
318	b	15	1795.79406738	-9.84609699			
318	b	16	1882.82604980	-9.88923168			
318	b	17	2010.88464355	-9.96578407			
318	b	18	2125.91162109	-9.96578407			
318	b	19	2212.94360352	-9.96578407			
318	b	20	2269.96508789	-9.96578407			
318	b	21	2384.99194336	-9.96578407			
318	b	22	2442.01342773	-9.96578407			
318	b	23	2513.05053711	-9.96578407			
318	b	24	2612.11889648	-9.93167496			
318	b	25	2669.14038086	-9.96578407			
318	b	26	2756.17236328	-9.96578407			
318	y	1	175.11891174	-8.28505611			
318	y	2	262.15093994	-9.35455418			
318	y	3	319.17239380	-6.97513151			
318	y	4	418.24081421	-7.88834095			
318	y	5	489.27792358	-9.03128052			
318	y	6	546.29943848	-5.28541231			
318	y	7	661.32635498	-8.20427608			
318	y	8	718.34783936	-6.52917337			
318	y	9	805.37988281	-5.62616587			
318	y	10	920.40679932	-6.51813650			
318	y	11	1048.46533203	-7.89877367			
318	y	12	1135.49731445	-7.77930117			
318	y	13	1192.51879883	-6.94902802			
318	y	14	1263.55590820	-7.86233377			
318	y	15	1392.59851074	-9.00944710			
318	y	16	1479.63049316	-9.17735100			
318	y	17	1576.68322754	-8.69902611			
318	y	18	1677.73095703	-9.96578407			
318	y	19	1764.76293945	-9.73960781			
318	y	20	1863.83129883	-9.95166779			
318	y	21	1950.86328125	-9.92364788			
318	y	22	2078.95825195	-9.93815804			
318	y	23	2165.99023438	-9.95295715			
318	y	24	2253.02221680	-9.96467972			
318	y	25	2350.07495117	-9.96578407			
318	y	26	2437.10693359	-9.96578407			
319	b	1	114.05490875	-8.85360909			
319	b	2	229.08184814	-8.01441765			
319	b	3	357.17678833	-7.93495369			
319	b	4	454.22955322	-9.65946865			
319	b	5	569.25653076	-8.46172523			
319	b	6	700.29699707	-9.39360332			
319	b	7	757.31848145	-9.54982853			
319	b	8	886.36108398	-8.87131786			
319	b	9	999.44512939	-9.10153770			
319	b	10	1070.48217773	-9.44924355			
319	b	11	1157.51416016	-9.37402058			
319	b	12	1304.58264160	-9.83892345			
319	b	13	1419.60961914	-9.51218033			
319	y	1	147.11276245	-5.86119175			
319	y	2	262.13967896	-6.46525240			
319	y	3	409.20809937	-7.18352222			
319	y	4	496.24014282	-6.08711004			
319	y	5	567.27728271	-6.46764851			
319	y	6	680.36132812	-7.47760201			
319	y	7	809.40393066	-9.18835831			
319	y	8	866.42541504	-6.60498857			
319	y	9	997.46588135	-7.16004658			
319	y	10	1112.49279785	-8.11241817			
319	y	11	1209.54553223	-4.32962227			
319	y	12	1337.64050293	-9.64304352			
319	y	13	1452.66748047	-9.95184422			
320	b	1	102.05490875	-8.47560310			
320	b	2	173.09202576	-4.21077251			
320	b	3	272.16043091	-4.07074118			
320	b	4	371.22885132	-5.96763515			
320	b	5	470.29727173	-9.12531567			
320	b	6	527.31878662	-9.81922722			
320	b	7	598.35589600	-9.66511154			
320	b	8	727.43487549	-9.96578407			
320	b	9	828.48254395	-9.92789650			
320	b	10	943.50946045	-9.91868496			
320	b	11	1058.53637695	-9.94049263			
320	b	12	1157.60473633	-9.91950798			
320	y	1	175.11891174	-6.65522575			
320	y	2	274.18731689	-4.98957872			
320	y	3	389.21426392	-7.35258627			
320	y	4	504.24121094	-8.31879425			
320	y	5	605.28894043	-6.05394411			
320	y	6	734.36791992	-6.82717228			
320	y	7	805.40502930	-7.52370834			
320	y	8	862.42651367	-4.28895283			
320	y	9	961.49493408	-4.43059158			
320	y	10	1060.56335449	-4.93786764			
320	y	11	1159.63171387	-6.51315594			
320	y	12	1230.66882324	-9.62930584			
321	b	1	192.06546021	-9.96578407			
321	b	2	306.10839844	-6.23843241			
321	b	3	435.15097046	-5.59453392			
321	b	4	548.23504639	-7.21992302			
321	b	5	661.31909180	-8.47413826			
321	b	6	775.36199951	-9.30629826			
321	b	7	961.44134521	-9.20534420			
321	b	8	1074.52539062	-9.84920120			
321	b	9	1189.55236816	-9.50820065			
321	b	10	1317.64733887	-9.86078072			
321	b	11	1431.69030762	-9.89479733			
321	b	12	1559.74890137	-9.96578407			
321	b	13	1660.79663086	-9.96578407			
321	b	14	1731.83374023	-9.96578407			
321	b	15	1860.87634277	-9.94978333			
321	b	16	1988.97131348	-9.96578407			
321	b	17	2118.01391602	-9.96578407			
321	b	18	2247.05639648	-9.96578407			
321	b	19	2394.12475586	-9.96578407			
321	b	20	2523.16723633	-9.96468353			
321	b	21	2660.22607422	-9.96578407			
321	b	22	2788.28466797	-9.96578407			
321	b	23	2916.34326172	-9.96263409			
321	y	1	147.11276245	-9.65268993			
321	y	2	275.17132568	-8.29318333			
321	y	3	403.22988892	-7.90620184			
321	y	4	540.28881836	-6.60244226			
321	y	5	669.33142090	-7.91199446			
321	y	6	816.39984131	-7.25039291			
321	y	7	945.44244385	-7.89472818			
321	y	8	1074.48498535	-7.11116457			
321	y	9	1202.57995605	-7.73114061			
321	y	10	1331.62255859	-8.26567650			
321	y	11	1402.65966797	-8.63567352			
321	y	12	1503.70739746	-8.98632240			
321	y	13	1631.76599121	-9.78965473			
321	y	14	1745.80895996	-9.27894115			
321	y	15	1873.90393066	-9.68233871			
321	y	16	1988.93090820	-9.46544266			
321	y	17	2102.01489258	-9.57268810			
321	y	18	2288.09423828	-9.84531498			
321	y	19	2402.13720703	-9.77023792			
321	y	20	2515.22119141	-9.80286217			
321	y	21	2628.30517578	-9.96578407			
321	y	22	2757.34765625	-9.96578407			
321	y	23	2871.39062500	-9.96578407			
322	b	1	218.13244629	-9.96578407			
322	b	2	347.17501831	-5.74879599			
322	b	3	418.21212769	-7.56775522			
322	b	4	489.24923706	-8.55188656			
322	b	5	652.31256104	-8.01538849			
322	b	6	765.39660645	-9.07060623			
322	b	7	880.42352295	-8.60830021			
322	b	8	993.50756836	-9.21582222			
322	b	9	1121.56604004	-9.41112614			
322	b	10	1249.62463379	-9.45991802			
322	b	11	1362.70874023	-9.72139454			
322	b	12	1475.79284668	-9.96578407			
322	b	13	1604.83544922	-9.96578407			
322	b	14	1691.86743164	-9.96578407			
322	b	15	1820.91003418	-9.96578407			
322	b	16	1949.00500488	-9.96578407			
322	b	17	2064.03198242	-9.96578407			
322	b	18	2177.11596680	-9.96578407			
322	b	19	2306.15844727	-9.96578407			
322	b	20	2435.20092773	-9.94995022			
322	b	21	2506.23803711	-9.95010567			
322	b	22	2635.28051758	-9.96578407			
322	b	23	2764.32299805	-9.96578407			
322	b	24	2927.38623047	-9.91293526			
322	b	25	3055.48120117	-9.96271420			
322	b	26	3184.52368164	-9.96359253			
322	b	27	3255.56079102	-9.96578407			
322	y	1	175.11891174	-8.03329563			
322	y	2	246.15602112	-6.31833887			
322	y	3	375.19857788	-8.03566837			
322	y	4	503.29354858	-7.84033394			
322	y	5	666.35693359	-7.02519941			
322	y	6	795.39953613	-7.38309050			
322	y	7	924.44213867	-7.53679514			
322	y	8	995.47924805	-7.54280710			
322	y	9	1124.52185059	-8.60097885			
322	y	10	1253.56445312	-9.41439724			
322	y	11	1366.64855957	-9.38703632			
322	y	12	1481.67553711	-9.62463665			
322	y	13	1609.77050781	-9.85176086			
322	y	14	1738.81311035	-9.96578407			
322	y	15	1825.84509277	-9.89039803			
322	y	16	1954.88769531	-9.86295509			
322	y	17	2067.97167969	-9.88605309			
322	y	18	2181.05566406	-9.96525288			
322	y	19	2309.11425781	-9.96578407			
322	y	20	2437.17285156	-9.96578407			
322	y	21	2550.25683594	-9.95788574			
322	y	22	2665.28369141	-9.96578407			
322	y	23	2778.36767578	-9.96094322			
322	y	24	2941.43090820	-9.96578407			
322	y	25	3012.46801758	-9.90696812			
322	y	26	3083.50512695	-9.93633938			
322	y	27	3212.54760742	-9.96304703			
323	b	1	100.07564545	-9.96578407			
323	b	2	199.14405823	-6.16098881			
323	b	3	286.17608643	-8.14453793			
323	b	4	373.20809937	-9.48250866			
323	b	5	488.23504639	-8.24259186			
323	b	6	635.30352783	-8.85353565			
323	b	7	750.33044434	-8.86795235			
323	b	8	837.36248779	-9.66459656			
323	b	9	952.38940430	-9.96578407			
323	b	10	1053.43701172	-9.78237534			
323	b	11	1190.49597168	-9.56585598			
323	b	12	1277.52795410	-9.34423542			
323	b	13	1364.55993652	-8.82713413			
323	b	14	1477.64404297	-7.79055071			
323	b	15	1624.71252441	-8.82289219			
323	b	16	2763.11523438	-9.40028286			
323	b	17	2834.15234375	-9.28882790			
323	b	18	2891.17382812	-9.70301628			
323	b	19	2962.21093750	-9.89953518			
323	b	20	3019.23242188	-9.94537926			
323	b	21	3132.31640625	-9.87274361			
323	b	22	3203.35351562	-9.95559311			
323	b	23	3316.43750000	-9.96578407			
323	b	24	3430.48046875	-9.96578407			
323	b	25	3544.52343750	-9.95877171			
323	b	26	3659.55029297	-9.94094467			
323	b	27	3806.61865234	-9.94141197			
323	b	28	3905.68701172	-9.96480656			
323	y	1	147.11276245	-6.62012386			
323	y	2	246.18116760	-7.80555153			
323	y	3	393.24957275	-7.44535828			
323	y	4	508.27651978	-8.77541924			
323	y	5	622.31945801	-8.26073265			
323	y	6	736.36236572	-6.82121181			
323	y	7	849.44641113	-7.14104080			
323	y	8	920.48352051	-6.48357201			
323	y	9	1033.56750488	-8.76195145			
323	y	10	1090.58898926	-7.08619595			
323	y	11	1161.62609863	-8.29380512			
323	y	12	1218.64758301	-6.61659384			
323	y	13	1289.68469238	-7.96890354			
323	y	14	2428.08715820	-8.02551174			
323	y	15	2575.15551758	-8.25740337			
323	y	16	2688.23950195	-9.62632561			
323	y	17	2775.27148438	-9.96578407			
323	y	18	2862.30346680	-9.56536388			
323	y	19	2999.36230469	-9.89919376			
323	y	20	3100.40991211	-9.96578407			
323	y	21	3215.43676758	-9.96578407			
323	y	22	3302.46875000	-9.96578407			
323	y	23	3417.49560547	-9.96578407			
323	y	24	3564.56396484	-9.96578407			
323	y	25	3679.59082031	-9.96578407			
323	y	26	3766.62280273	-9.96578407			
323	y	27	3853.65478516	-9.96578407			
323	y	28	3952.72314453	-9.96578407			
324	b	1	114.09129333	-9.96578407			
324	b	2	300.17062378	-8.53151035			
324	b	3	437.22952271	-7.00209761			
324	b	4	574.28845215	-8.37933636			
324	b	5	675.33612061	-8.67497253			
324	b	6	838.39947510	-9.54795551			
324	b	7	952.44238281	-9.35054493			
324	b	8	1081.48486328	-8.82268906			
324	b	9	1180.55322266	-9.75776863			
324	b	10	1336.65429688	-9.55515957			
324	b	11	1435.72265625	-9.76546860			
324	b	12	1536.77038574	-9.96578407			
324	b	13	1607.80749512	-9.81305695			
324	b	14	1736.85009766	-9.61306095			
324	b	15	1835.88208008	-9.44099903			
324	b	16	1972.94104004	-9.29222870			
324	b	17	2069.99389648	-9.96578407			
324	b	18	2169.06225586	-9.96578407			
324	b	19	2282.14624023	-9.96150970			
324	b	20	2395.23022461	-9.96578407			
324	b	21	2496.27783203	-9.94452477			
324	b	22	2625.32031250	-9.96578407			
324	b	23	2696.35742188	-9.81780815			
324	b	24	2793.41015625	-9.96578407			
324	b	25	2906.49414062	-9.94996262			
324	b	26	3020.53710938	-9.96578407			
324	b	27	3117.58984375	-9.96578407			
324	y	1	147.11276245	-7.74775887			
324	y	2	244.16552734	-6.47062254			
324	y	3	358.20843506	-7.54975367			
324	y	4	471.29251099	-9.80750084			
324	y	5	568.34533691	-6.67779922			
324	y	6	639.38244629	-7.77494812			
324	y	7	768.42504883	-8.55640316			
324	y	8	869.47271729	-7.89935589			
324	y	9	982.55676270	-8.05787277			
324	y	10	1095.64086914	-7.72004271			
324	y	11	1194.70922852	-9.50552559			
324	y	12	1291.76196289	-7.43316650			
324	y	13	1428.82092285	-9.31435585			
324	y	14	1527.85290527	-9.51778793			
324	y	15	1656.89550781	-9.66295433			
324	y	16	1727.93261719	-9.83452225			
324	y	17	1828.98034668	-9.71182156			
324	y	18	1928.04870605	-9.96578407			
324	y	19	2084.14990234	-9.96578407			
324	y	20	2183.21826172	-9.80690956			
324	y	21	2312.26074219	-9.96578407			
324	y	22	2426.30371094	-9.96578407			
324	y	23	2589.36694336	-9.96578407			
324	y	24	2690.41455078	-9.96578407			
324	y	25	2827.47338867	-9.88822365			
324	y	26	2964.53222656	-9.93047619			
324	y	27	3150.61157227	-9.96385479			
325	b	1	114.05494690	-9.84611893			
325	b	2	242.11352539	-5.57756424			
325	b	3	341.18194580	-6.04414940			
325	b	4	454.26602173	-7.14841318			
325	b	5	567.35009766	-7.50882912			
325	b	6	680.43414307	-9.14051437			
325	b	7	794.47705078	-9.84052753			
325	b	8	931.53594971	-8.70746517			
325	b	9	1028.58862305	-9.73739338			
325	b	10	1085.61010742	-9.61555958			
325	b	11	1213.66870117	-8.78262806			
325	b	12	1326.75280762	-9.34506989			
325	b	13	1413.78479004	-9.77476120			
325	b	14	2635.26074219	-9.94441986			
325	b	15	2692.28222656	-9.95939350			
325	b	16	2855.34545898	-9.84987926			
325	b	17	2926.38256836	-9.90170860			
325	b	18	3023.43530273	-9.94143486			
325	b	19	3122.50366211	-9.96578407			
325	b	20	3235.58764648	-9.93467236			
325	b	21	3350.61450195	-9.90791416			
325	b	22	3510.64526367	-9.91143513			
325	b	23	3647.70410156	-9.96578407			
325	b	24	3748.75170898	-9.90537071			
325	b	25	3819.78881836	-9.91753674			
325	b	26	3956.84765625	-9.92958832			
325	b	27	4069.93164062	-9.94455624			
325	b	28	4140.96875000	-9.96578407			
325	b	29	4300.99951172	-9.95086193			
325	y	1	147.11276245	-7.41070175			
325	y	2	307.14346313	-9.96578407			
325	y	3	378.18057251	-9.96578407			
325	y	4	491.26461792	-9.96578407			
325	y	5	628.32354736	-9.96578407			
325	y	6	699.36065674	-9.96578407			
325	y	7	800.40832520	-9.95922852			
325	y	8	937.46722412	-9.86920261			
325	y	9	1097.49792480	-9.96578407			
325	y	10	1212.52490234	-9.86640358			
325	y	11	1325.60900879	-9.68308640			
325	y	12	1424.67736816	-9.96578407			
325	y	13	1521.73010254	-9.71713448			
325	y	14	1592.76721191	-9.96578407			
325	y	15	1755.83056641	-9.96578407			
325	y	16	1812.85205078	-9.96578407			
325	y	17	3034.32788086	-9.96578407			
325	y	18	3121.35986328	-9.96578407			
325	y	19	3234.44384766	-9.96578407			
325	y	20	3362.50244141	-9.96578407			
325	y	21	3419.52392578	-9.96578407			
325	y	22	3516.57666016	-9.96578407			
325	y	23	3653.63549805	-9.95221806			
325	y	24	3767.67846680	-9.93210506			
325	y	25	3880.76245117	-9.96578407			
325	y	26	3993.84643555	-9.96578407			
325	y	27	4106.93017578	-9.95176220			
325	y	28	4205.99853516	-9.96578407			
325	y	29	4334.05712891	-9.95546818			
326	b	1	72.04434967	-9.96578407			
326	b	2	185.12841797	-5.90101290			
326	b	3	332.19683838	-7.78331852			
326	b	4	460.25540161	-7.55804539			
326	b	5	557.30816650	-9.68046761			
326	b	6	644.34020996	-9.96578407			
326	b	7	791.40863037	-9.72311211			
326	b	8	904.49267578	-9.56458664			
326	b	9	961.51416016	-9.96578407			
326	b	10	1108.54943848	-9.70333099			
326	b	11	1236.64440918	-9.81512928			
326	b	12	1323.67639160	-9.69031239			
326	b	13	1426.68554688	-9.96578407			
326	b	14	1483.70703125	-9.64822483			
326	b	15	1596.79113770	-9.96578407			
326	b	16	1733.85009766	-9.96578407			
326	b	17	1862.89270020	-9.95117092			
326	b	18	1963.94042969	-9.94691944			
326	b	19	2064.98828125	-9.96578407			
326	b	20	2212.05664062	-9.94915676			
326	b	21	2326.09960938	-9.95769978			
326	b	22	2413.13159180	-9.95262241			
326	b	23	2526.21557617	-9.96092033			
326	b	24	2657.25610352	-9.95669079			
326	y	1	147.11276245	-7.36066151			
326	y	2	278.15322876	-6.76091242			
326	y	3	391.23727417	-8.85694599			
326	y	4	478.26931763	-8.10135365			
326	y	5	592.31225586	-7.94805574			
326	y	6	739.38067627	-7.84599781			
326	y	7	840.42834473	-8.79872894			
326	y	8	941.47601318	-7.52648258			
326	y	9	1070.51855469	-7.67378521			
326	y	10	1207.57751465	-7.63429976			
326	y	11	1320.66162109	-9.37737656			
326	y	12	1377.68310547	-8.41530323			
326	y	13	1480.69226074	-9.80668640			
326	y	14	1567.72424316	-9.29211140			
326	y	15	1695.81921387	-9.59667683			
326	y	16	1842.85461426	-9.89386845			
326	y	17	1899.87609863	-9.81862164			
326	y	18	2012.96020508	-9.93354988			
326	y	19	2160.02856445	-9.93684006			
326	y	20	2247.06054688	-9.96578407			
326	y	21	2344.11328125	-9.96246719			
326	y	22	2472.17187500	-9.94063282			
326	y	23	2619.24023438	-9.93722439			
326	y	24	2732.32421875	-9.95077705			
327	b	1	171.11279297	-8.28826427			
327	b	2	286.13973999	-8.61999607			
327	b	3	423.19863892	-8.86272144			
327	b	4	552.24127197	-8.49182796			
327	b	5	680.33624268	-9.02158833			
327	b	6	751.37335205	-9.53474045			
327	b	7	880.41595459	-8.47317505			
327	b	8	993.50000000	-8.79304600			
327	b	9	1064.53710938	-8.13816738			
327	b	10	1163.60546875	-8.35723209			
327	b	11	1300.66442871	-9.96578407			
327	b	12	1425.71215820	-9.96578407			
327	b	13	1524.78051758	-9.82413006			
327	b	14	1687.84387207	-9.96578407			
327	b	15	1758.88098145	-9.96578407			
327	b	16	1857.94934082	-9.96578407			
327	b	17	1972.97631836	-9.96578407			
327	b	18	2072.04492188	-9.96578407			
327	b	19	2185.12890625	-9.96578407			
327	b	20	2284.19726562	-9.96578407			
327	b	21	2371.22924805	-9.95689583			
327	b	22	2458.26123047	-9.96578407			
327	b	23	2515.28271484	-9.96578407			
327	b	24	2644.32519531	-9.96578407			
327	b	25	2701.34667969	-9.96092892			
327	y	1	147.11276245	-8.29926968			
327	y	2	204.13423157	-7.00662231			
327	y	3	333.17678833	-9.19050217			
327	y	4	390.19824219	-7.78208494			
327	y	5	477.23025513	-6.99468040			
327	y	6	564.26232910	-5.53914499			
327	y	7	663.33074951	-5.83629322			
327	y	8	776.41479492	-6.72157431			
327	y	9	875.48321533	-7.42302799			
327	y	10	990.51013184	-7.58124304			
327	y	11	1089.57849121	-8.33099842			
327	y	12	1160.61560059	-8.66826344			
327	y	13	1323.67895508	-9.37319851			
327	y	14	1422.74731445	-9.58979988			
327	y	15	1547.79504395	-9.89530945			
327	y	16	1684.85400391	-9.77777863			
327	y	17	1783.92236328	-9.93445396			
327	y	18	1854.95947266	-9.88398647			
327	y	19	1968.04357910	-9.94849586			
327	y	20	2097.08618164	-9.96578407			
327	y	21	2168.12329102	-9.96578407			
327	y	22	2296.21826172	-9.96578407			
327	y	23	2425.26074219	-9.96433926			
327	y	24	2562.31958008	-9.96578407			
327	y	25	2677.34643555	-9.96578407			
328	b	1	157.10833740	-9.60116482			
328	b	2	272.13528442	-9.25867176			
328	b	3	386.17822266	-9.02239513			
328	b	4	549.24157715	-8.01578045			
328	b	5	648.30999756	-5.16909599			
328	b	6	745.36273193	-9.16112518			
328	b	7	873.45770264	-7.77910995			
328	b	8	972.52612305	-8.58382702			
328	b	9	2154.95483398	-9.41545200			
328	b	10	2225.99194336	-7.44524336			
328	b	11	2339.07592773	-8.59187889			
328	b	12	2454.10278320	-8.06099033			
328	b	13	2582.16137695	-9.74348831			
328	b	14	2711.20385742	-9.50992012			
328	b	15	2824.28784180	-9.80737114			
328	b	16	2937.37182617	-9.96578407			
328	b	17	3066.41430664	-9.96578407			
328	b	18	3165.48266602	-9.96578407			
328	b	19	3280.50952148	-9.96578407			
328	b	20	3377.56225586	-9.94553947			
328	b	21	3492.58911133	-9.96578407			
328	b	22	3593.63671875	-9.95595837			
328	y	1	147.11276245	-7.90973091			
328	y	2	248.16044617	-5.67240620			
328	y	3	363.18737793	-8.95022202			
328	y	4	460.24014282	-4.47355080			
328	y	5	575.26708984	-7.03238106			
328	y	6	674.33551025	-6.94244480			
328	y	7	803.37811279	-6.69122791			
328	y	8	916.46215820	-6.03359365			
328	y	9	1029.54614258	-6.96335888			
328	y	10	1158.58874512	-7.55689526			
328	y	11	1286.64733887	-8.48833179			
328	y	12	1401.67431641	-7.50019646			
328	y	13	1514.75842285	-8.98377323			
328	y	14	1585.79553223	-9.70433807			
328	y	15	2768.22412109	-9.67395020			
328	y	16	2867.29248047	-9.70078659			
328	y	17	2995.38745117	-9.90877342			
328	y	18	3092.44018555	-9.83787632			
328	y	19	3191.50854492	-9.95190144			
328	y	20	3354.57177734	-9.94711494			
328	y	21	3468.61474609	-9.95775414			
328	y	22	3583.64160156	-9.95835876			
329	b	1	72.04434967	-9.72223377			
329	b	2	143.08146667	-6.37784243			
329	b	3	256.16552734	-6.93558264			
329	b	4	353.21829224	-9.17954063			
329	b	5	410.23974609	-9.48192120			
329	b	6	705.32415771	-7.90166807			
329	b	7	818.40820312	-8.16686535			
329	b	8	919.45587158	-8.39989567			
329	b	9	990.49298096	-9.31573772			
329	b	10	1119.53552246	-7.59699869			
329	b	11	1218.60388184	-8.50213718			
329	b	12	1331.68798828	-9.95303822			
329	b	13	1460.73059082	-9.68028927			
329	b	14	1573.81469727	-9.96578407			
329	b	15	1644.85180664	-9.96578407			
329	b	16	1701.87329102	-9.96083164			
329	b	17	1815.91625977	-9.96578407			
329	b	18	1886.95336914	-9.96578407			
329	b	19	1973.98535156	-9.96578407			
329	y	1	147.11276245	-6.71917295			
329	y	2	234.14479065	-7.29821873			
329	y	3	305.18188477	-7.90703440			
329	y	4	419.22482300	-8.37463284			
329	y	5	476.24627686	-5.72600222			
329	y	6	547.28344727	-5.11866331			
329	y	7	660.36749268	-5.56504488			
329	y	8	789.41009521	-5.27718210			
329	y	9	902.49414062	-5.35303783			
329	y	10	1001.56256104	-7.06512499			
329	y	11	1130.60510254	-7.87905836			
329	y	12	1201.64221191	-8.37660980			
329	y	13	1302.68994141	-8.83457947			
329	y	14	1415.77404785	-9.75001049			
329	y	15	1710.85839844	-9.87238503			
329	y	16	1767.87988281	-9.95933437			
329	y	17	1864.93261719	-9.92644405			
329	y	18	1978.01672363	-9.96578407			
329	y	19	2049.05371094	-9.96578407			
330	b	1	88.03926086	-9.66858196			
330	b	2	217.08184814	-6.51151562			
330	b	3	314.13461304	-9.13455963			
330	b	4	429.16156006	-9.37906742			
330	b	5	544.18853760	-8.24302292			
330	b	6	691.22393799	-8.81272411			
330	b	7	748.24542236	-8.29944992			
330	b	8	845.29815674	-9.51897335			
330	b	9	992.36657715	-8.02797985			
330	b	10	1079.39855957	-8.38485432			
330	b	11	1226.46691895	-8.59289646			
330	b	12	1341.49389648	-8.87473106			
330	b	13	1398.51538086	-8.50401974			
330	b	14	1511.59948730	-8.81958866			
330	b	15	1640.64208984	-8.53752708			
330	b	16	1753.72619629	-9.37747478			
330	b	17	1884.76672363	-9.96171474			
330	b	18	1941.78820801	-9.96578407			
330	b	19	2101.81909180	-9.96578407			
330	b	20	2202.86669922	-9.95494461			
330	b	21	2259.88818359	-9.96578407			
330	b	22	2419.91894531	-9.93419552			
330	b	23	2547.97753906	-9.96578407			
330	b	24	2661.06152344	-9.94542980			
330	b	25	2776.08837891	-9.95256805			
330	b	26	2962.16772461	-9.95812702			
330	y	1	147.11276245	-6.26418972			
330	y	2	333.19204712	-6.26044750			
330	y	3	448.21899414	-7.25031424			
330	y	4	561.30310059	-7.93907881			
330	y	5	689.36169434	-8.28912258			
330	y	6	849.39239502	-9.70593834			
330	y	7	906.41387939	-8.33694267			
330	y	8	1007.46154785	-9.08923817			
330	y	9	1167.49218750	-9.89640999			
330	y	10	1224.51367188	-8.28742695			
330	y	11	1355.55419922	-9.49350834			
330	y	12	1468.63830566	-9.96578407			
330	y	13	1597.68090820	-9.74952793			
330	y	14	1710.76501465	-9.96578407			
330	y	15	1767.78649902	-9.63872814			
330	y	16	1882.81347656	-9.96578407			
330	y	17	2029.88183594	-9.83775043			
330	y	18	2116.91381836	-9.96578407			
330	y	19	2263.98217773	-9.96578407			
330	y	20	2361.03491211	-9.96578407			
330	y	21	2418.05639648	-9.94329834			
330	y	22	2565.09179688	-9.96578407			
330	y	23	2680.11865234	-9.96578407			
330	y	24	2795.14550781	-9.95481014			
330	y	25	2892.19824219	-9.96578407			
330	y	26	3021.24072266	-9.95592022			
331	b	1	116.03417206	-9.96578407			
331	b	2	229.11822510	-4.81507444			
331	b	3	300.15533447	-6.12227869			
331	b	4	415.18228149	-6.88649797			
331	b	5	544.22491455	-5.76277924			
331	b	6	657.30895996	-6.73254490			
331	b	7	728.34606934	-6.28558731			
331	b	8	841.43011475	-7.97629786			
331	b	9	940.49853516	-9.47981167			
331	b	10	1055.52539062	-9.74626541			
331	b	11	1154.59375000	-9.79408836			
331	b	12	1285.63427734	-9.80559063			
331	b	13	1414.67687988	-9.96292210			
331	b	14	1529.70385742	-9.96578407			
331	b	15	1657.79882812	-9.79402924			
331	b	16	1770.88293457	-9.85792351			
331	y	1	147.11276245	-6.91203308			
331	y	2	260.19680786	-7.44078445			
331	y	3	388.29177856	-7.86224508			
331	y	4	503.31872559	-7.76913500			
331	y	5	632.36132812	-7.47545004			
331	y	6	763.40179443	-6.99084234			
331	y	7	862.47021484	-6.99734402			
331	y	8	977.49713135	-5.65604115			
331	y	9	1076.56555176	-5.54838085			
331	y	10	1189.64965820	-5.76236248			
331	y	11	1260.68676758	-5.26865768			
331	y	12	1373.77087402	-7.38358498			
331	y	13	1502.81347656	-9.18778610			
331	y	14	1617.84045410	-9.36932945			
331	y	15	1688.87756348	-9.57796383			
331	y	16	1801.96166992	-9.95164013			
332	b	1	114.09129333	-9.90091610			
332	b	2	243.13388062	-6.45593596			
332	b	3	371.19247437	-7.25228596			
332	b	4	499.25106812	-6.48768806			
332	b	5	598.31951904	-6.88010263			
332	b	6	712.36242676	-7.69434261			
332	b	7	811.43084717	-7.18022633			
332	b	8	925.47375488	-8.48862839			
332	b	9	1053.53222656	-7.30830574			
332	b	10	1152.60058594	-7.60535336			
332	b	11	1299.66906738	-9.07535934			
332	b	12	1356.69055176	-9.44882107			
332	b	13	1484.74914551	-9.75569725			
332	b	14	1599.77612305	-9.92094421			
332	b	15	1728.81872559	-9.86573887			
332	b	16	1859.85925293	-9.96578407			
332	b	17	1972.94335938	-9.96578407			
332	b	18	2087.97045898	-9.96578407			
332	b	19	2187.03881836	-9.96578407			
332	b	20	2300.12280273	-9.94722462			
332	b	21	2357.14428711	-9.96578407			
332	b	22	2456.21264648	-9.96578407			
332	b	23	2557.26025391	-9.96578407			
332	y	1	147.11276245	-6.52893925			
332	y	2	248.16044617	-5.81910706			
332	y	3	347.22885132	-8.04321384			
332	y	4	404.25030518	-5.69500017			
332	y	5	517.33441162	-6.34923458			
332	y	6	616.40283203	-7.02860832			
332	y	7	731.42974854	-6.06916666			
332	y	8	844.51379395	-6.55956364			
332	y	9	975.55426025	-7.34878683			
332	y	10	1104.59680176	-7.87815905			
332	y	11	1219.62377930	-6.91911650			
332	y	12	1347.68237305	-8.90236568			
332	y	13	1404.70385742	-8.23956013			
332	y	14	1551.77221680	-7.76805592			
332	y	15	1650.84057617	-9.80729103			
332	y	16	1778.89916992	-9.96578407			
332	y	17	1892.94213867	-9.89633846			
332	y	18	1992.01049805	-9.96578407			
332	y	19	2106.05346680	-9.96578407			
332	y	20	2205.12182617	-9.96578407			
332	y	21	2333.18041992	-9.96578407			
332	y	22	2461.23901367	-9.96578407			
332	y	23	2590.28149414	-9.96578407			
333	b	1	116.03417206	-9.94730186			
333	b	2	229.11822510	-3.89704919			
333	b	3	300.15533447	-6.02309752			
333	b	4	415.18228149	-6.97690964			
333	b	5	544.22491455	-6.29799080			
333	b	6	657.30895996	-7.73370171			
333	b	7	728.34606934	-7.91357183			
333	b	8	841.43011475	-9.47511005			
333	b	9	940.49853516	-9.96011257			
333	b	10	1055.52539062	-9.96578407			
333	b	11	1154.59375000	-9.89676666			
333	b	12	1285.63427734	-9.88809872			
333	b	13	1414.67687988	-9.96578407			
333	b	14	1529.70385742	-9.96578407			
333	y	1	147.11276245	-7.23249102			
333	y	2	262.13967896	-6.81743431			
333	y	3	391.18228149	-7.47657204			
333	y	4	522.22277832	-6.54832935			
333	y	5	621.29119873	-6.51867056			
333	y	6	736.31811523	-5.45646238			
333	y	7	835.38653564	-5.14907694			
333	y	8	948.47058105	-5.33192968			
333	y	9	1019.50769043	-4.68125582			
333	y	10	1132.59179688	-6.75784826			
333	y	11	1261.63439941	-8.23795033			
333	y	12	1376.66137695	-7.90151310			
333	y	13	1447.69848633	-8.97454071			
333	y	14	1560.78259277	-9.96578407			
334	b	1	72.04434967	-9.54874611			
334	b	2	201.08694458	-5.07399654			
334	b	3	258.10839844	-7.22861099			
334	b	4	386.16696167	-7.60069084			
334	b	5	485.23538208	-8.43289375			
334	b	6	598.31945801	-9.28635693			
334	b	7	697.38787842	-9.95069981			
334	b	8	810.47192383	-9.96578407			
334	b	9	925.49884033	-9.91579151			
334	b	10	982.52032471	-9.93850803			
334	y	1	175.11891174	-7.19520664			
334	y	2	232.14038086	-4.79701567			
334	y	3	347.16729736	-7.57749748			
334	y	4	460.25137329	-6.37203932			
334	y	5	559.31982422	-5.07640505			
334	y	6	672.40386963	-4.30415392			
334	y	7	771.47229004	-5.17276716			
334	y	8	899.53088379	-8.29702187			
334	y	9	956.55236816	-5.16448164			
334	y	10	1085.59497070	-9.91187286			
335	b	1	114.09129333	-9.96578407			
335	b	2	171.11276245	-7.60429382			
335	b	3	284.19680786	-5.59380198			
335	b	4	383.26522827	-8.29935360			
335	b	5	498.29217529	-7.90171480			
335	b	6	626.35076904	-8.17352295			
335	b	7	713.38281250	-8.54386425			
335	b	8	841.44140625	-8.71400547			
335	b	9	969.50000000	-8.79096699			
335	b	10	1040.53710938	-8.44009972			
335	b	11	1203.60046387	-9.23013115			
335	b	12	1331.65905762	-9.79738426			
335	b	13	1460.70166016	-9.72539234			
335	b	14	1531.73876953	-9.74584007			
335	b	15	1678.80725098	-9.96578407			
335	b	16	1807.84985352	-9.89021873			
335	b	17	1920.93395996	-9.90267277			
335	b	18	2007.96594238	-9.95433140			
335	b	19	2136.06103516	-9.96578407			
335	y	1	147.11276245	-7.87542629			
335	y	2	275.20770264	-7.95653725			
335	y	3	362.23971558	-6.29457378			
335	y	4	475.32376099	-7.12829924			
335	y	5	604.36639404	-7.33891201			
335	y	6	751.43481445	-7.21700954			
335	y	7	822.47192383	-6.68240547			
335	y	8	951.51452637	-6.67339563			
335	y	9	1079.57312012	-6.79082632			
335	y	10	1242.63647461	-6.08027554			
335	y	11	1313.67358398	-5.78792477			
335	y	12	1441.73217773	-6.99478722			
335	y	13	1569.79077148	-8.23385620			
335	y	14	1656.82275391	-7.61710691			
335	y	15	1784.88134766	-9.12282944			
335	y	16	1899.90832520	-8.58101177			
335	y	17	1998.97668457	-9.94779396			
335	y	18	2112.06079102	-9.96578407			
335	y	19	2169.08227539	-9.90665817			
336	b	1	58.02870178	-9.95305443			
336	b	2	171.11276245	-5.75145006			
336	b	3	270.18118286	-7.24089909			
336	b	4	327.20263672	-8.21298313			
336	b	5	455.26119995	-8.14520454			
336	b	6	542.29327393	-8.72925663			
336	b	7	670.35186768	-8.75701809			
336	b	8	798.41046143	-8.82482719			
336	b	9	869.44757080	-8.71178341			
336	b	10	1032.51086426	-9.42927742			
336	b	11	1160.56945801	-9.78367519			
336	b	12	1289.61206055	-9.81402016			
336	b	13	1360.64916992	-9.79913712			
336	b	14	1507.71765137	-9.91209030			
336	b	15	1636.76025391	-9.94247818			
336	b	16	1749.84436035	-9.93823528			
336	b	17	1836.87634277	-9.95633411			
336	y	1	147.11276245	-6.71526527			
336	y	2	234.14479065	-5.95157146			
336	y	3	347.22885132	-6.81088161			
336	y	4	476.27145386	-6.81203461			
336	y	5	623.33990479	-6.69625187			
336	y	6	694.37701416	-6.56188822			
336	y	7	823.41961670	-6.64307642			
336	y	8	951.47821045	-6.50776482			
336	y	9	1114.54150391	-5.94548035			
336	y	10	1185.57861328	-5.66859102			
336	y	11	1313.63720703	-6.43249083			
336	y	12	1441.69580078	-7.48748875			
336	y	13	1528.72778320	-6.85705280			
336	y	14	1656.78637695	-9.41748238			
336	y	15	1713.80786133	-8.16889191			
336	y	16	1812.87622070	-9.96578407			
336	y	17	1925.96032715	-9.96578407			
337	b	1	132.04771423	-9.70113468			
337	b	2	279.11611938	-6.29581547			
337	b	3	394.14306641	-6.60570097			
337	b	4	522.20166016	-9.34778023			
337	b	5	609.23370361	-9.59106445			
337	b	6	737.29229736	-9.62112713			
337	b	7	850.37634277	-9.65428257			
337	b	8	978.43493652	-9.81587029			
337	b	9	1107.47741699	-9.89217472			
337	b	10	1254.54577637	-9.95779419			
337	y	1	147.11276245	-5.79967690			
337	y	2	294.18118286	-6.44855452			
337	y	3	423.22378540	-7.50387716			
337	y	4	551.28240967	-6.80893087			
337	y	5	664.36645508	-6.48130894			
337	y	6	792.42504883	-7.96571779			
337	y	7	879.45709229	-5.73295450			
337	y	8	1007.51568604	-7.95345449			
337	y	9	1122.54260254	-5.37645435			
337	y	10	1269.61108398	-8.82859612			
338	b	1	114.09129333	-9.96578407			
338	b	2	185.12841797	-5.36718941			
338	b	3	286.17608643	-7.61168194			
338	b	4	414.23464966	-6.50028658			
338	b	5	527.31872559	-8.34456635			
338	b	6	628.36639404	-9.69360542			
338	b	7	685.38787842	-9.62458420			
338	b	8	782.44061279	-9.96578407			
338	b	9	881.50903320	-9.85239124			
338	b	10	1012.54949951	-9.89901733			
338	b	11	1109.60217285	-9.90764046			
338	b	12	1222.68627930	-9.92412376			
338	y	1	175.11891174	-6.33923960			
338	y	2	288.20297241	-9.68982697			
338	y	3	385.25573730	-6.09664249			
338	y	4	516.29626465	-7.57503080			
338	y	5	615.36468506	-9.84950924			
338	y	6	712.41748047	-5.86709881			
338	y	7	769.43896484	-4.74496794			
338	y	8	870.48663330	-4.00517035			
338	y	9	983.57067871	-5.47013617			
338	y	10	1111.62927246	-7.15241528			
338	y	11	1212.67700195	-8.25755596			
338	y	12	1283.71411133	-9.81990147			
339	b	1	88.03926086	-9.61229038			
339	b	2	203.06619263	-5.86731768			
339	b	3	260.08764648	-4.95851231			
339	b	4	373.17172241	-8.04358959			
339	b	5	536.23504639	-9.01792812			
339	b	6	649.31909180	-9.24730301			
339	b	7	762.40313721	-9.59583664			
339	b	8	876.44604492	-9.75607967			
339	b	9	989.53009033	-9.75080013			
339	y	1	147.11276245	-6.13253927			
339	y	2	260.19680786	-6.69260454			
339	y	3	374.23974609	-5.50154686			
339	y	4	487.32382202	-5.58389997			
339	y	5	600.40789795	-5.79884815			
339	y	6	763.47119141	-4.32207823			
339	y	7	876.55523682	-9.04861450			
339	y	8	933.57672119	-6.71341705			
339	y	9	1048.60363770	-9.79040813			
340	b	1	114.09129333	-9.91968155			
340	b	2	227.17535400	-5.54997206			
340	b	3	387.20605469	-9.84123039			
340	b	4	547.23675537	-9.96578407			
340	b	5	662.26367188	-9.96578407			
340	b	6	775.34771729	-9.96578407			
340	b	7	888.43176270	-9.96578407			
340	b	8	1003.45867920	-9.96578407			
340	b	9	1102.52697754	-9.96578407			
340	b	10	1215.61108398	-9.93541718			
340	b	11	1330.63806152	-9.95719814			
340	y	1	147.11276245	-5.92196417			
340	y	2	262.13967896	-5.79387712			
340	y	3	375.22372437	-5.98606777			
340	y	4	474.29214478	-6.15679693			
340	y	5	589.31909180	-5.50727749			
340	y	6	702.40313721	-5.37012625			
340	y	7	815.48718262	-7.44328451			
340	y	8	930.51409912	-5.99053383			
340	y	9	1090.54479980	-9.96578407			
340	y	10	1250.57543945	-9.93804741			
340	y	11	1363.65954590	-9.88244057			
341	b	1	115.05016327	-9.89813232			
341	b	2	246.09063721	-5.91681862			
341	b	3	359.17471313	-6.29674721			
341	b	4	460.22238159	-7.96723080			
341	b	5	589.26501465	-8.45811653			
341	b	6	690.31268311	-8.30727863			
341	b	7	777.34472656	-8.94357491			
341	b	8	905.40332031	-8.54446793			
341	b	9	976.44042969	-8.25032711			
341	b	10	1091.46728516	-8.33686352			
341	b	11	1251.49792480	-9.96578407			
341	b	12	1322.53503418	-9.88734436			
341	b	13	1421.60339355	-9.84086037			
341	b	14	1534.68750000	-9.77005196			
341	b	15	1647.77160645	-9.93014431			
341	b	16	1746.83996582	-9.96578407			
341	b	17	1817.87707520	-9.96578407			
341	b	18	1888.91418457	-9.96578407			
341	b	19	1945.93566895	-9.96578407			
341	b	20	2045.00402832	-9.96064568			
341	b	21	2102.02563477	-9.96578407			
341	b	22	2231.06811523	-9.94339561			
341	b	23	2378.13647461	-9.94593143			
341	b	24	2507.17895508	-9.96578407			
341	b	25	2578.21606445	-9.94692802			
341	b	26	2635.23754883	-9.96578407			
341	b	27	2748.32153320	-9.95713234			
341	b	28	2835.35351562	-9.96578407			
341	y	1	147.11276245	-6.98843384			
341	y	2	234.14479065	-6.20432949			
341	y	3	347.22885132	-8.71432781			
341	y	4	404.25030518	-6.66725254			
341	y	5	475.28741455	-6.66023254			
341	y	6	604.33001709	-7.58268404			
341	y	7	751.39843750	-6.87514496			
341	y	8	880.44104004	-7.28178072			
341	y	9	937.46252441	-5.07420206			
341	y	10	1036.53088379	-7.63862085			
341	y	11	1093.55236816	-5.37267160			
341	y	12	1164.58947754	-6.27853680			
341	y	13	1235.62658691	-5.77642441			
341	y	14	1334.69494629	-6.46646404			
341	y	15	1447.77905273	-8.11113453			
341	y	16	1560.86315918	-8.87074089			
341	y	17	1659.93151855	-9.62734604			
341	y	18	1730.96862793	-9.96578407			
341	y	19	1890.99926758	-9.96578407			
341	y	20	2006.02624512	-9.96578407			
341	y	21	2077.06347656	-9.96578407			
341	y	22	2205.12207031	-9.96578407			
341	y	23	2292.15405273	-9.93713665			
341	y	24	2393.20166016	-9.96578407			
341	y	25	2522.24414062	-9.94101143			
341	y	26	2623.29174805	-9.96578407			
341	y	27	2736.37573242	-9.95950222			
341	y	28	2867.41625977	-9.95719337			
342	b	1	148.04261780	-7.22697592			
342	b	2	277.08520508	-6.33847094			
342	b	3	406.12777710	-5.22100878			
342	b	4	519.21185303	-6.89688396			
342	b	5	616.26458740	-9.57436943			
342	b	6	717.31225586	-9.11533260			
342	b	7	830.39630127	-7.56480789			
342	b	8	943.48034668	-8.17938137			
342	b	9	1014.51745605	-9.40954971			
342	b	10	1129.54431152	-9.49582481			
342	b	11	1243.58728027	-9.53231812			
342	b	12	1314.62438965	-9.58775139			
342	b	13	1371.64587402	-9.43227100			
342	b	14	1534.70922852	-9.90112495			
342	b	15	1649.73620605	-9.96578407			
342	b	16	1736.76818848	-9.96578407			
342	b	17	1807.80529785	-9.91734028			
342	b	18	1922.83227539	-9.92939186			
342	b	19	2035.91638184	-9.96578407			
342	b	20	2134.98486328	-9.96578407			
342	b	21	2206.02197266	-9.96578407			
342	b	22	2334.08056641	-9.96539116			
342	b	23	2447.16455078	-9.96578407			
342	y	1	175.11891174	-6.48587465			
342	y	2	288.20297241	-7.56570196			
342	y	3	416.26156616	-7.68708324			
342	y	4	487.29867554	-6.24782896			
342	y	5	586.36712646	-6.69934988			
342	y	6	699.45117188	-6.64166880			
342	y	7	814.47808838	-6.26584387			
342	y	8	885.51519775	-7.50056601			
342	y	9	972.54724121	-6.82421589			
342	y	10	1087.57421875	-6.47605467			
342	y	11	1250.63757324	-8.34653473			
342	y	12	1307.65905762	-7.29284906			
342	y	13	1378.69616699	-9.46150494			
342	y	14	1492.73913574	-9.59184074			
342	y	15	1607.76611328	-9.72444916			
342	y	16	1678.80322266	-9.62092400			
342	y	17	1791.88732910	-9.86968422			
342	y	18	1904.97143555	-9.96578407			
342	y	19	2006.01916504	-9.96578407			
342	y	20	2103.07202148	-9.84831524			
342	y	21	2216.15600586	-9.94376755			
342	y	22	2345.19848633	-9.96578407			
342	y	23	2474.24096680	-9.95753765			
343	b	1	138.06614685	-9.47041798			
343	b	2	239.11383057	-7.41639423			
343	b	3	296.13528442	-9.23257351			
343	b	4	393.18804932	-9.85041046			
343	b	5	450.20950317	-8.94890690			
343	b	6	563.29357910	-6.86471510			
343	b	7	676.37762451	-6.81046724			
343	b	8	763.40966797	-7.52192211			
343	b	9	894.45013428	-7.63551950			
343	b	10	965.48724365	-7.21725845			
343	b	11	1079.53015137	-7.95749855			
343	b	12	1150.56726074	-7.21552706			
343	b	13	1207.58874512	-8.48384380			
343	b	14	1294.62072754	-9.04665089			
343	b	15	1408.66369629	-9.16790771			
343	b	16	1521.74780273	-9.43033695			
343	b	17	1635.79077148	-9.84290123			
343	b	18	1692.81225586	-9.92866039			
343	b	19	1779.84423828	-9.87625885			
343	b	20	1907.90283203	-9.92708588			
343	b	21	2054.97143555	-9.96578407			
343	b	22	2202.03979492	-9.96578407			
343	b	23	2315.12377930	-9.96578407			
343	b	24	2475.15454102	-9.96578407			
343	b	25	2576.20214844	-9.96578407			
343	b	26	2647.23925781	-9.96160507			
343	y	1	147.11276245	-6.95509148			
343	y	2	218.14988708	-7.63822031			
343	y	3	319.19754028	-7.12178373			
343	y	4	479.22824097	-9.96578407			
343	y	5	592.31231689	-9.40088177			
343	y	6	739.38073730	-9.96578407			
343	y	7	886.44915771	-9.84335518			
343	y	8	1014.50775146	-9.96578407			
343	y	9	1101.53979492	-9.57477951			
343	y	10	1158.56127930	-8.15302372			
343	y	11	1272.60424805	-9.14342594			
343	y	12	1385.68835449	-9.96578407			
343	y	13	1499.73132324	-9.81774616			
343	y	14	1586.76330566	-9.87319946			
343	y	15	1643.78479004	-9.13191414			
343	y	16	1714.82189941	-9.94861031			
343	y	17	1828.86486816	-9.96578407			
343	y	18	1899.90197754	-9.96578407			
343	y	19	2030.94250488	-9.96578407			
343	y	20	2117.97460938	-9.92840290			
343	y	21	2231.05859375	-9.96383095			
343	y	22	2344.14257812	-9.96578407			
343	y	23	2401.16406250	-9.96578407			
343	y	24	2498.21679688	-9.96578407			
343	y	25	2555.23828125	-9.96174335			
343	y	26	2656.28588867	-9.96578407			
344	b	1	190.08625793	-9.96578407			
344	b	2	303.17031860	-7.60898209			
344	b	3	390.20236206	-7.40811586			
344	b	4	553.26568604	-7.71929502			
344	b	5	652.33410645	-7.50000906			
344	b	6	780.42907715	-9.07180214			
344	b	7	894.47198486	-8.66410255			
344	b	8	1054.50256348	-9.23462486			
344	b	9	1201.57092285	-9.58110809			
344	b	10	1329.62951660	-9.83430386			
344	b	11	1476.66491699	-9.65462780			
344	b	12	1577.71264648	-9.83884716			
344	b	13	1692.73962402	-9.16243744			
344	b	14	1820.79821777	-9.96578407			
344	b	15	1949.84082031	-9.96578407			
344	b	16	2020.87792969	-9.85838795			
344	b	17	2133.96215820	-9.96578407			
344	b	18	2262.02075195	-9.96578407			
344	b	19	2377.04760742	-9.74643040			
344	b	20	2490.13159180	-9.96578407			
344	b	21	2676.21093750	-9.96578407			
344	b	22	2804.26953125	-9.96578407			
344	b	23	2990.34887695	-9.96578407			
344	y	1	175.11891174	-6.85803318			
344	y	2	361.19821167	-7.35792780			
344	y	3	489.25680542	-7.24396181			
344	y	4	675.33618164	-6.82112837			
344	y	5	788.42022705	-6.47761106			
344	y	6	903.44714355	-7.15544224			
344	y	7	1031.50573730	-6.68643570			
344	y	8	1144.58984375	-7.28131533			
344	y	9	1215.62695312	-6.91225958			
344	y	10	1344.66955566	-7.73683310			
344	y	11	1472.72814941	-8.07969666			
344	y	12	1587.75512695	-8.36207676			
344	y	13	1688.80285645	-8.07839012			
344	y	14	1835.83825684	-8.33715439			
344	y	15	1963.89685059	-8.57394314			
344	y	16	2110.96533203	-9.13061905			
344	y	17	2270.99609375	-9.50631237			
344	y	18	2385.03906250	-9.51393604			
344	y	19	2513.13403320	-9.80306149			
344	y	20	2612.20239258	-9.74210930			
344	y	21	2775.26562500	-9.86539459			
344	y	22	2862.29760742	-9.67475128			
344	y	23	2975.38159180	-9.88779926			
345	b	1	72.04434967	-9.96578407			
345	b	2	171.11276245	-4.91930914			
345	b	3	284.19680786	-4.01925755			
345	b	4	383.26522827	-8.00299168			
345	b	5	498.29217529	-7.02603865			
345	b	6	611.37628174	-9.10774899			
345	b	7	740.41888428	-8.91998959			
345	b	8	853.50292969	-9.69289970			
345	b	9	910.52441406	-9.95485115			
345	b	10	981.56152344	-9.96578407			
345	b	11	1128.59680176	-9.92824554			
345	b	12	1243.62377930	-9.96578407			
345	b	13	1330.65576172	-9.96424580			
345	b	14	1429.72412109	-9.96578407			
345	y	1	175.11891174	-6.24646282			
345	y	2	274.18731689	-9.39884567			
345	y	3	361.21932983	-6.35055542			
345	y	4	476.24627686	-8.43880463			
345	y	5	623.28167725	-7.97708178			
345	y	6	694.31878662	-7.96851873			
345	y	7	751.34027100	-5.03020668			
345	y	8	864.42431641	-5.80614471			
345	y	9	993.46691895	-4.86643362			
345	y	10	1106.55102539	-6.21278906			
345	y	11	1221.57800293	-5.11574078			
345	y	12	1320.64636230	-6.31819344			
345	y	13	1433.73046875	-9.00022984			
345	y	14	1532.79882812	-9.96004677			
346	b	1	132.04771423	-9.83552265			
346	b	2	189.06918335	-7.21230793			
346	b	3	276.10122681	-9.66242790			
346	b	4	432.20233154	-9.50648022			
346	b	5	489.22378540	-9.53384018			
346	b	6	602.30786133	-7.75483084			
346	b	7	689.33990479	-7.62189436			
346	b	8	790.38757324	-8.05893517			
346	b	9	847.40905762	-6.26590919			
346	b	10	994.44445801	-6.81307125			
346	b	11	1065.48156738	-7.63722229			
346	b	12	1122.50305176	-8.52644539			
346	b	13	1179.52453613	-7.15402699			
346	b	14	1292.60864258	-8.55850029			
346	b	15	1363.64575195	-9.05550289			
346	b	16	1420.66723633	-8.75956917			
346	b	17	1551.70776367	-9.70827675			
346	b	18	1608.72924805	-9.96578407			
346	b	19	1665.75073242	-9.62442207			
346	b	20	1778.83483887	-9.92018986			
346	b	21	1906.89343262	-9.91821671			
346	b	22	2020.93640137	-9.96578407			
346	b	23	2149.97900391	-9.96578407			
346	y	1	147.11276245	-7.04582596			
346	y	2	276.15533447	-8.46916389			
346	y	3	390.19827271	-7.41371155			
346	y	4	518.25689697	-7.37912416			
346	y	5	631.34094238	-8.76073456			
346	y	6	688.36242676	-7.54880238			
346	y	7	745.38391113	-5.87774944			
346	y	8	876.42437744	-7.76980066			
346	y	9	933.44586182	-5.60330486			
346	y	10	1004.48297119	-6.10522270			
346	y	11	1117.56701660	-9.17496967			
346	y	12	1174.58850098	-8.64290333			
346	y	13	1231.60998535	-7.52992487			
346	y	14	1302.64709473	-8.55299568			
346	y	15	1449.68249512	-9.85143280			
346	y	16	1506.70397949	-9.87599182			
346	y	17	1607.75170898	-9.92181396			
346	y	18	1694.78369141	-9.96553802			
346	y	19	1807.86779785	-9.96578407			
346	y	20	1864.88928223	-9.96578407			
346	y	21	2020.99035645	-9.96116447			
346	y	22	2108.02246094	-9.96578407			
346	y	23	2165.04394531	-9.96578407			
347	b	1	100.07564545	-9.88487816			
347	b	2	197.12841797	-7.42803383			
347	b	3	298.17608643	-8.81779194			
347	b	4	369.21319580	-9.00588131			
347	b	5	483.25613403	-7.42268467			
347	b	6	630.29156494	-8.76435471			
347	b	7	717.32360840	-8.10118771			
347	b	8	816.39202881	-8.69297791			
347	b	9	915.46044922	-9.82224655			
347	b	10	1030.48730469	-9.85191631			
347	b	11	1143.57141113	-9.91287422			
347	b	12	1244.61914062	-9.96229839			
347	b	13	1404.64978027	-9.95315552			
347	y	1	175.11891174	-6.31331158			
347	y	2	335.14959717	-9.94594765			
347	y	3	436.19726562	-9.28360748			
347	y	4	549.28137207	-9.51482391			
347	y	5	664.30828857	-9.40795517			
347	y	6	763.37670898	-9.50679111			
347	y	7	862.44512939	-9.96578407			
347	y	8	949.47717285	-9.96578407			
347	y	9	1096.51257324	-9.96578407			
347	y	10	1210.55554199	-9.93208313			
347	y	11	1281.59265137	-9.96578407			
347	y	12	1382.64038086	-9.78934765			
347	y	13	1479.69311523	-9.96578407			
348	b	1	148.04261780	-8.72311878			
348	b	2	262.08554077	-5.02168560			
348	b	3	361.15396118	-6.25888300			
348	b	4	489.21255493	-8.36739635			
348	b	5	546.23406982	-9.48215961			
348	b	6	661.26098633	-8.80681133			
348	b	7	824.32427979	-9.39280128			
348	b	8	953.36688232	-7.88236427			
348	b	9	1050.41955566	-9.59559727			
348	b	10	1163.50366211	-9.08635902			
348	b	11	1278.53063965	-9.29358673			
348	b	12	1349.56774902	-9.40944099			
348	b	13	1450.61547852	-9.96578407			
348	b	14	1507.63696289	-9.47873211			
348	b	15	1654.70544434	-9.88528156			
348	b	16	1767.78955078	-9.96578407			
348	b	17	1881.83251953	-9.96578407			
348	b	18	1994.91662598	-9.93352222			
348	b	19	2108.95971680	-9.96578407			
348	b	20	2195.99169922	-9.96578407			
348	b	21	2309.07568359	-9.96578407			
348	y	1	175.11891174	-6.41557217			
348	y	2	288.20297241	-8.61243916			
348	y	3	375.23501587	-8.03943825			
348	y	4	489.27795410	-6.96309376			
348	y	5	602.36206055	-7.11119938			
348	y	6	716.40496826	-5.78097296			
348	y	7	829.48901367	-6.04663086			
348	y	8	976.55743408	-7.39359999			
348	y	9	1033.57885742	-6.37964916			
348	y	10	1134.62658691	-7.44040298			
348	y	11	1205.66369629	-8.43766785			
348	y	12	1320.69067383	-8.70142460			
348	y	13	1433.77478027	-9.83191490			
348	y	14	1530.82751465	-9.14308357			
348	y	15	1659.87011719	-9.85996532			
348	y	16	1822.93347168	-9.88421345			
348	y	17	1937.96044922	-9.94760418			
348	y	18	1994.98193359	-9.90089989			
348	y	19	2123.04052734	-9.93368626			
348	y	20	2222.10888672	-9.95925236			
348	y	21	2336.15185547	-9.96279526			
349	b	1	114.05494690	-9.33260250			
349	b	2	243.09753418	-5.24601221			
349	b	3	372.14010620	-7.33046579			
349	b	4	429.16156006	-6.76545715			
349	b	5	542.24566650	-7.69186163			
349	b	6	643.29333496	-7.87015676			
349	b	7	714.33044434	-8.14065838			
349	b	8	771.35192871	-9.23024559			
349	b	9	828.37341309	-7.93855190			
349	b	10	941.45745850	-8.15518188			
349	b	11	1088.49279785	-9.00986576			
349	b	12	1217.53540039	-8.05349731			
349	b	13	1316.60375977	-9.33991051			
349	b	14	1430.64672852	-9.88451290			
349	b	15	1531.69445801	-9.96578407			
349	b	16	1602.73156738	-9.96578407			
349	b	17	1715.81567383	-9.96578407			
349	b	18	1843.87426758	-9.96578407			
349	b	19	1972.91687012	-9.96578407			
349	b	20	2071.98535156	-9.96578407			
349	b	21	2185.06933594	-9.96578407			
349	y	1	147.11276245	-6.17879963			
349	y	2	260.19680786	-6.31523466			
349	y	3	359.26522827	-7.60173321			
349	y	4	488.30783081	-7.01236963			
349	y	5	616.36645508	-6.53106260			
349	y	6	729.45050049	-5.93951225			
349	y	7	800.48760986	-5.97598362			
349	y	8	901.53527832	-6.64305019			
349	y	9	1015.57818604	-5.76838064			
349	y	10	1114.64660645	-7.34225464			
349	y	11	1243.68920898	-8.00115395			
349	y	12	1390.72460938	-7.99928761			
349	y	13	1503.80871582	-9.95536709			
349	y	14	1560.83020020	-9.79213333			
349	y	15	1617.85168457	-9.71504974			
349	y	16	1688.88879395	-9.89838696			
349	y	17	1789.93652344	-9.77986050			
349	y	18	1903.02062988	-9.95384884			
349	y	19	1960.04211426	-9.96578407			
349	y	20	2089.08471680	-9.96578407			
349	y	21	2218.12719727	-9.96170044			
350	b	1	148.04261780	-9.76228619			
350	b	2	361.17916870	-7.31955957			
350	b	3	432.21627808	-7.81078005			
350	b	4	560.27490234	-6.00190067			
350	b	5	657.32769775	-9.31374359			
350	b	6	758.37536621	-8.57930851			
350	b	7	857.44378662	-7.58043337			
350	b	8	944.47583008	-8.57657909			
350	b	9	1057.55981445	-8.89247704			
350	b	10	1114.58129883	-9.31218433			
350	b	11	1171.60278320	-9.33665943			
350	b	12	1318.67126465	-9.71886826			
350	b	13	1447.71386719	-9.62448502			
350	b	14	1560.79797363	-9.91239262			
350	b	15	1661.84570312	-9.71005535			
350	b	16	1758.89843750	-9.96578407			
350	b	17	1855.95117188	-9.96578407			
350	b	18	1955.01953125	-9.96578407			
350	b	19	2054.08813477	-9.95879459			
350	b	20	2167.17211914	-9.95812130			
350	y	1	175.11891174	-6.69084787			
350	y	2	288.20297241	-7.53024817			
350	y	3	387.27139282	-7.89302826			
350	y	4	486.33981323	-9.69322205			
350	y	5	583.39257812	-8.35527039			
350	y	6	680.44531250	-4.92871809			
350	y	7	781.49298096	-6.42587423			
350	y	8	894.57702637	-7.19637442			
350	y	9	1023.61962891	-7.22917509			
350	y	10	1170.68798828	-7.97261000			
350	y	11	1227.70947266	-7.42669868			
350	y	12	1284.73095703	-4.97646666			
350	y	13	1397.81506348	-7.34871483			
350	y	14	1484.84704590	-5.29997635			
350	y	15	1583.91540527	-7.98450565			
350	y	16	1684.96313477	-8.76918221			
350	y	17	1782.01586914	-6.05098248			
350	y	18	1910.07446289	-9.82576847			
350	y	19	1981.11157227	-9.96210384			
350	y	20	2194.24804688	-9.90818977			
351	b	1	130.04981995	-9.62085819			
351	b	2	258.10839844	-7.39898586			
351	b	3	315.12985229	-8.31478024			
351	b	4	478.19317627	-9.39099503			
351	b	5	593.22015381	-9.28010273			
351	b	6	692.28857422	-9.18601513			
351	b	7	806.36785889	-9.47178173			
351	b	8	877.40496826	-9.40703201			
351	b	9	1040.46826172	-9.83673859			
351	b	10	1153.55236816	-9.94939709			
351	b	11	1224.58947754	-9.93900204			
351	b	12	1338.63244629	-9.57808018			
351	b	13	1451.71655273	-9.96578407			
351	b	14	1508.73803711	-9.96578407			
351	b	15	1636.79663086	-9.91355610			
351	b	16	1764.89160156	-9.96578407			
351	b	17	1893.93420410	-9.96578407			
351	b	18	2008.96118164	-9.96578407			
351	b	19	2156.02978516	-9.96578407			
351	b	20	2285.07226562	-9.95188332			
351	b	21	2414.11474609	-9.94224739			
351	b	22	2485.15185547	-9.96578407			
351	y	1	175.11891174	-7.24413157			
351	y	2	246.15602112	-6.75031185			
351	y	3	375.19857788	-7.24634886			
351	y	4	504.24118042	-7.73187876			
351	y	5	651.30963135	-6.36484671			
351	y	6	766.33654785	-7.35498953			
351	y	7	895.37915039	-6.92973709			
351	y	8	1023.47412109	-6.70679426			
351	y	9	1151.53271484	-8.58202076			
351	y	10	1208.55419922	-6.26251936			
351	y	11	1321.63830566	-8.78537750			
351	y	12	1435.68127441	-8.46662140			
351	y	13	1506.71838379	-8.43553638			
351	y	14	1619.80249023	-9.34098244			
351	y	15	1782.86584473	-9.73481274			
351	y	16	1853.90295410	-9.89783001			
351	y	17	1967.98217773	-9.84117126			
351	y	18	2067.05053711	-9.96578407			
351	y	19	2182.07739258	-9.96578407			
351	y	20	2345.14062500	-9.96578407			
351	y	21	2402.16210938	-9.95144844			
351	y	22	2530.22070312	-9.96294785			
352	b	1	114.09129333	-9.96578407			
352	b	2	215.13897705	-7.60882378			
352	b	3	272.16043091	-8.92273712			
352	b	4	373.20809937	-8.52607632			
352	b	5	822.37677002	-9.17959881			
352	b	6	950.43536377	-8.02243996			
352	b	7	1021.47247314	-7.33569288			
352	b	8	1078.49389648	-8.46175194			
352	b	9	1238.52453613	-9.86062908			
352	b	10	1309.56164551	-9.58575439			
352	b	11	1408.63000488	-9.06100655			
352	b	12	1521.71411133	-9.43761826			
352	b	13	1634.79821777	-9.85828304			
352	b	14	1733.86657715	-9.96578407			
352	b	15	1804.90368652	-9.96578407			
352	b	16	1875.94079590	-9.96578407			
352	b	17	1932.96228027	-9.43833065			
352	b	18	2032.03063965	-9.96571064			
352	b	19	2089.05224609	-9.85873032			
352	b	20	2218.09472656	-9.93864250			
352	b	21	2365.16308594	-9.94905663			
352	b	22	2494.20556641	-9.87109756			
352	b	23	2565.24267578	-9.96578407			
352	b	24	2622.26416016	-9.96578407			
352	b	25	2735.34814453	-9.95397186			
352	b	26	2822.38012695	-9.96578407			
352	y	1	147.11276245	-7.41552925			
352	y	2	234.14479065	-6.74936342			
352	y	3	347.22885132	-8.69616413			
352	y	4	404.25030518	-6.87492037			
352	y	5	475.28741455	-6.67819929			
352	y	6	604.33001709	-7.64623976			
352	y	7	751.39843750	-6.89570189			
352	y	8	880.44104004	-8.04221249			
352	y	9	937.46252441	-5.08479309			
352	y	10	1036.53088379	-7.84630156			
352	y	11	1093.55236816	-5.56381178			
352	y	12	1164.58947754	-5.58129549			
352	y	13	1235.62658691	-5.00190306			
352	y	14	1334.69494629	-5.57489109			
352	y	15	1447.77905273	-5.86380482			
352	y	16	1560.86315918	-5.69926929			
352	y	17	1659.93151855	-7.55583620			
352	y	18	1730.96862793	-8.10516167			
352	y	19	1890.99926758	-9.66262722			
352	y	20	1948.02075195	-8.79690838			
352	y	21	2019.05786133	-9.69137001			
352	y	22	2147.11645508	-9.95684814			
352	y	23	2596.28515625	-9.96578407			
352	y	24	2697.33276367	-9.96578407			
352	y	25	2754.35424805	-9.96578407			
352	y	26	2855.40185547	-9.96578407			
353	b	1	187.08654785	-9.27086163			
353	b	2	284.13931274	-9.28893566			
353	b	3	412.19790649	-8.59367943			
353	b	4	540.25653076	-8.07883835			
353	b	5	653.34057617	-7.96961975			
353	b	6	937.38726807	-8.28240299			
353	b	7	1066.42980957	-8.68258762			
353	b	8	1153.46179199	-9.45181847			
353	b	9	1254.50952148	-9.48448277			
353	b	10	1355.55725098	-8.90035057			
353	b	11	1454.62561035	-8.58756256			
353	b	12	1553.69396973	-8.67409801			
353	b	13	1654.74169922	-9.52381039			
353	b	14	1755.78942871	-9.86867237			
353	b	15	1883.84802246	-9.84684658			
353	b	16	1970.88000488	-9.92737865			
353	b	17	2041.91711426	-9.78054142			
353	b	18	2170.95971680	-9.72443008			
353	b	19	2270.02807617	-9.68040943			
353	b	20	2327.04956055	-9.86464977			
353	b	21	2398.08666992	-9.96578407			
353	b	22	2469.12377930	-9.94771957			
353	b	23	2598.16625977	-9.96578407			
353	b	24	2699.21386719	-9.95930481			
353	b	25	2800.26147461	-9.94890976			
353	b	26	2913.34545898	-9.95378399			
353	b	27	3014.39306641	-9.96578407			
353	b	28	3143.43554688	-9.95509338			
353	b	29	3256.51953125	-9.95833778			
353	y	1	175.11891174	-7.00062275			
353	y	2	288.20297241	-6.69292927			
353	y	3	417.24557495	-8.18319798			
353	y	4	518.29327393	-6.47887945			
353	y	5	631.37731934	-7.57142639			
353	y	6	732.42498779	-7.43667173			
353	y	7	833.47265625	-6.72749996			
353	y	8	962.51525879	-6.65076065			
353	y	9	1033.55236816	-6.99313784			
353	y	10	1104.58947754	-8.09665775			
353	y	11	1161.61096191	-5.71924019			
353	y	12	1260.67932129	-7.58349133			
353	y	13	1389.72192383	-8.26347065			
353	y	14	1460.75903320	-8.91965580			
353	y	15	1547.79101562	-8.96909714			
353	y	16	1675.84960938	-9.74436283			
353	y	17	1776.89733887	-9.76322174			
353	y	18	1877.94506836	-9.65857792			
353	y	19	1977.01342773	-9.87978172			
353	y	20	2076.08178711	-9.93930817			
353	y	21	2177.12939453	-9.94747543			
353	y	22	2278.17700195	-9.96578407			
353	y	23	2365.20898438	-9.88708687			
353	y	24	2494.25146484	-9.96578407			
353	y	25	2778.29809570	-9.91412640			
353	y	26	2891.38208008	-9.96578407			
353	y	27	3019.44067383	-9.92559528			
353	y	28	3147.49926758	-9.87635803			
353	y	29	3244.55200195	-9.96065235			
354	b	1	114.09129333	-9.83475113			
354	b	2	227.17535400	-5.29485273			
354	b	3	358.21585083	-6.19540358			
354	b	4	489.25631714	-8.38257980			
354	b	5	560.29345703	-8.61934185			
354	b	6	617.31494141	-8.46265697			
354	b	7	730.39898682	-9.60897064			
354	b	8	845.42590332	-9.96578407			
354	b	9	960.45281982	-9.67026520			
354	b	10	1120.48352051	-9.86619186			
354	b	11	1283.54687500	-9.96578407			
354	b	12	1384.59460449	-9.90530205			
354	b	13	1471.62658691	-9.90175152			
354	b	14	1542.66369629	-9.94996548			
354	y	1	175.11891174	-6.48168182			
354	y	2	246.15602112	-8.32713223			
354	y	3	333.18801880	-7.54641294			
354	y	4	434.23568726	-7.31658030			
354	y	5	597.29907227	-8.06141281			
354	y	6	757.32977295	-9.57519341			
354	y	7	872.35668945	-9.96578407			
354	y	8	987.38360596	-9.71897221			
354	y	9	1100.46765137	-9.60852623			
354	y	10	1157.48913574	-7.23940468			
354	y	11	1228.52624512	-9.96578407			
354	y	12	1359.56677246	-9.91750813			
354	y	13	1490.60729980	-9.96578407			
354	y	14	1603.69140625	-9.95430374			
355	b	1	540.28497314	-9.93423080			
355	b	2	687.32037354	-6.36597776			
355	b	3	758.35748291	-6.11300611			
355	b	4	829.39459229	-7.43915319			
355	b	5	886.41607666	-8.49781513			
355	b	6	1017.45654297	-8.11225891			
355	b	7	1088.49365234	-7.78866577			
355	b	8	1145.51513672	-9.17628002			
355	b	9	1202.53662109	-8.72552299			
355	b	10	1315.62072754	-8.39685059			
355	b	11	1386.65783691	-8.93979931			
355	b	12	1443.67932129	-8.97544765			
355	b	13	1574.71984863	-9.56450176			
355	b	14	1631.74133301	-9.89817810			
355	b	15	1688.76281738	-9.82128143			
355	b	16	1801.84692383	-9.81959915			
355	b	17	1929.90551758	-9.89289951			
355	b	18	2043.94848633	-9.96578407			
355	b	19	2172.99121094	-9.96578407			
355	b	20	2301.08618164	-9.91463661			
355	b	21	2430.12866211	-9.94057655			
355	b	22	2531.17626953	-9.96578407			
355	b	23	2662.21679688	-9.96578407			
355	b	24	2790.27539062	-9.96578407			
355	b	25	2877.30737305	-9.96578407			
355	b	26	2990.39135742	-9.96578407			
355	b	27	3104.43432617	-9.96578407			
355	b	28	3219.46118164	-9.96578407			
355	y	1	175.11891174	-6.25921488			
355	y	2	290.14584351	-8.65242386			
355	y	3	404.18878174	-7.26423407			
355	y	4	517.27288818	-8.22230053			
355	y	5	604.30493164	-6.75236034			
355	y	6	732.36352539	-6.71559668			
355	y	7	863.40399170	-8.22952175			
355	y	8	964.45166016	-6.98074150			
355	y	9	1093.49426270	-7.13918734			
355	y	10	1221.58923340	-8.37051105			
355	y	11	1350.63183594	-8.99552345			
355	y	12	1464.67480469	-8.55583572			
355	y	13	1592.73339844	-9.20553684			
355	y	14	1705.81750488	-9.84262562			
355	y	15	1762.83898926	-9.62864304			
355	y	16	1819.86047363	-9.49327946			
355	y	17	1950.90100098	-9.84762478			
355	y	18	2007.92248535	-9.80910683			
355	y	19	2078.95971680	-9.94384575			
355	y	20	2192.04370117	-9.96578407			
355	y	21	2249.06518555	-9.96578407			
355	y	22	2306.08666992	-9.89211845			
355	y	23	2377.12377930	-9.96578407			
355	y	24	2508.16430664	-9.96578407			
355	y	25	2565.18579102	-9.96578407			
355	y	26	2636.22290039	-9.95289040			
355	y	27	2707.26000977	-9.96578407			
355	y	28	2854.29541016	-9.95896339			
356	b	1	207.11193848	-9.96578407			
356	b	2	321.15487671	-5.75816202			
356	b	3	422.20254517	-7.99247313			
356	b	4	479.22399902	-9.15229225			
356	b	5	593.26696777	-7.87507963			
356	b	6	706.35101318	-7.52879620			
356	b	7	866.38171387	-9.96578407			
356	b	8	997.42218018	-9.96578407			
356	b	9	1096.49047852	-9.81547928			
356	b	10	1197.53820801	-9.82064438			
356	b	11	1254.55969238	-9.70698929			
356	b	12	1311.58117676	-9.86994743			
356	b	13	1382.61828613	-9.93476868			
356	b	14	1496.66125488	-9.86321163			
356	b	15	1609.74536133	-9.96578407			
356	b	16	1666.76684570	-9.95537090			
356	y	1	175.11891174	-6.59470558			
356	y	2	232.14038086	-6.64684105			
356	y	3	345.22442627	-8.14557648			
356	y	4	459.26736450	-7.73405695			
356	y	5	530.30450439	-8.70026016			
356	y	6	587.32598877	-7.56347656			
356	y	7	644.34747314	-5.40529156			
356	y	8	745.39514160	-4.86045599			
356	y	9	844.46356201	-5.60857010			
356	y	10	975.50402832	-6.25235748			
356	y	11	1135.53466797	-9.96578407			
356	y	12	1248.61877441	-9.69760799			
356	y	13	1362.66174316	-9.94323540			
356	y	14	1419.68322754	-8.22779369			
356	y	15	1520.73095703	-9.58713913			
356	y	16	1634.77392578	-9.85719395			
357	b	1	102.05490875	-8.67145824			
357	b	2	203.10258484	-6.11083508			
357	b	3	260.12405396	-6.64051294			
357	b	4	407.19247437	-8.92149734			
357	b	5	464.21392822	-9.24023342			
357	b	6	595.25445557	-9.13245296			
357	b	7	708.33850098	-9.39080524			
357	b	8	871.40179443	-9.78695488			
357	b	9	986.42871094	-9.92014122			
357	b	10	1073.46069336	-9.95657635			
357	b	11	1186.54479980	-9.95864773			
357	b	12	1301.57177734	-9.86598492			
357	b	13	1464.63513184	-9.96578407			
357	b	14	1535.67224121	-9.96578407			
357	y	1	147.11276245	-6.51040602			
357	y	2	218.14988708	-7.06396151			
357	y	3	381.21319580	-6.37229776			
357	y	4	496.24014282	-6.83968210			
357	y	5	609.32421875	-8.10098553			
357	y	6	696.35626221	-6.95009518			
357	y	7	811.38317871	-5.88477373			
357	y	8	974.44653320	-4.87202358			
357	y	9	1087.53063965	-5.59177876			
357	y	10	1218.57116699	-8.09814167			
357	y	11	1275.59265137	-5.87869453			
357	y	12	1422.66113281	-9.41235828			
357	y	13	1479.68261719	-7.64103794			
357	y	14	1580.73034668	-9.88984871			
358	b	1	72.04434967	-9.82710552			
358	b	2	129.06581116	-7.41204262			
358	b	3	200.10293579	-5.18902588			
358	b	4	327.20269775	-7.28737068			
358	b	5	384.22415161	-7.58173180			
358	b	6	481.27691650	-9.68932056			
358	b	7	641.30767822	-9.96578407			
358	b	8	770.35028076	-9.96578407			
358	b	9	869.41870117	-9.75597572			
358	b	10	970.46636963	-9.66634846			
358	b	11	1069.53466797	-9.87198448			
358	b	12	1166.58740234	-9.82076263			
358	b	13	1237.62451172	-9.96578407			
358	b	14	1365.68310547	-9.96578407			
358	b	15	1479.72607422	-9.96578407			
358	b	16	1580.77380371	-9.96578407			
358	b	17	1637.79528809	-9.96578407			
358	b	18	1750.87939453	-9.92176628			
358	b	19	1807.90087891	-9.92895889			
358	b	20	1904.95361328	-9.96187401			
358	b	21	2033.99621582	-9.96578407			
358	y	1	147.11276245	-6.92734432			
358	y	2	276.15533447	-9.62935066			
358	y	3	373.20809937	-7.14482594			
358	y	4	430.22955322	-6.08017540			
358	y	5	543.31365967	-9.42430115			
358	y	6	600.33514404	-6.43942785			
358	y	7	701.38281250	-7.06894493			
358	y	8	815.42572021	-6.50984287			
358	y	9	943.48431396	-7.08785200			
358	y	10	1014.52142334	-7.34935284			
358	y	11	1111.57421875	-4.12852287			
358	y	12	1210.64257812	-8.72718430			
358	y	13	1311.69030762	-8.77238178			
358	y	14	1410.75866699	-9.82358170			
358	y	15	1539.80126953	-9.90044117			
358	y	16	1699.83203125	-9.96578407			
358	y	17	1796.88476562	-9.96578407			
358	y	18	1853.90625000	-9.95271969			
358	y	19	1981.00598145	-9.96064663			
358	y	20	2052.04296875	-9.95018578			
358	y	21	2109.06445312	-9.96443462			
359	b	1	102.05490875	-9.14264011			
359	b	2	230.11349487	-5.69405985			
359	b	3	345.14044189	-6.74695206			
359	b	4	412.18261719	-9.43992901			
359	b	5	483.21972656	-8.82325459			
359	b	6	611.31469727	-8.53738403			
359	b	7	712.36236572	-7.49147749			
359	b	8	809.41510010	-9.45628834			
359	b	9	923.45800781	-8.77866554			
359	b	10	1024.50561523	-8.05981064			
359	b	11	1121.55834961	-9.96578407			
359	b	12	1236.58532715	-9.52902889			
359	b	13	1349.66943359	-9.87714958			
359	b	14	1462.75354004	-9.93569756			
359	b	15	1591.79614258	-9.89885902			
359	b	16	1704.88024902	-9.96578407			
359	b	17	1833.92285156	-9.96578407			
359	b	18	1980.99133301	-9.96578407			
359	y	1	147.11276245	-8.07872009			
359	y	2	294.18118286	-6.59271049			
359	y	3	423.22378540	-7.99993086			
359	y	4	536.30786133	-7.25990772			
359	y	5	665.35046387	-7.19480467			
359	y	6	778.43450928	-6.11926031			
359	y	7	891.51855469	-7.60860252			
359	y	8	1006.54547119	-7.65432692			
359	y	9	1103.59826660	-5.91420650			
359	y	10	1204.64599609	-8.78633499			
359	y	11	1318.68896484	-9.62636089			
359	y	12	1415.74169922	-8.78643703			
359	y	13	1516.78942871	-9.62137890			
359	y	14	1644.88439941	-9.88693428			
359	y	15	1715.92150879	-9.93630409			
359	y	16	1782.96362305	-9.94859219			
359	y	17	1897.99060059	-9.96546936			
359	y	18	2026.04919434	-9.95971966			
360	b	1	100.07564545	-9.83179188			
360	b	2	171.11276245	-4.94123507			
360	b	3	228.13423157	-7.39322281			
360	b	4	356.19281006	-8.58136749			
360	b	5	471.21975708	-9.50514698			
360	b	6	528.24127197	-9.77416611			
360	b	7	615.27331543	-9.61225414			
360	b	8	714.34173584	-9.35300922			
360	b	9	813.41015625	-9.77765465			
360	b	10	941.46875000	-9.88530445			
360	b	11	1088.53710938	-9.93587112			
360	y	1	147.11276245	-5.96415043			
360	y	2	294.18118286	-6.05395555			
360	y	3	422.23977661	-6.20883322			
360	y	4	521.30822754	-6.03413486			
360	y	5	620.37664795	-7.76393080			
360	y	6	707.40869141	-7.94067097			
360	y	7	764.43017578	-5.95972776			
360	y	8	879.45709229	-5.26009750			
360	y	9	1007.51568604	-8.92763519			
360	y	10	1064.53710938	-5.36849880			
360	y	11	1135.57421875	-7.91486263			
361	b	1	129.10218811	-3.67720842			
361	b	2	242.18624878	-8.01336670			
361	b	3	357.21319580	-7.89856386			
361	b	4	486.25576782	-8.62556744			
361	b	5	557.29290771	-9.12262344			
361	b	6	656.36132812	-8.32480049			
361	b	7	727.39843750	-8.57394123			
361	b	8	856.44104004	-8.39077568			
361	b	9	927.47814941	-8.10440445			
361	b	10	1064.53698730	-7.77752495			
361	b	11	1177.62109375	-8.50624752			
361	b	12	1234.64257812	-9.22496510			
361	y	1	147.11276245	-7.64105129			
361	y	2	204.13423157	-5.70165730			
361	y	3	317.21829224	-6.48714542			
361	y	4	454.27719116	-6.84684658			
361	y	5	525.31433105	-6.53888988			
361	y	6	654.35693359	-7.51244879			
361	y	7	725.39404297	-5.74030828			
361	y	8	824.46246338	-7.91458464			
361	y	9	895.49957275	-6.36527538			
361	y	10	1024.54211426	-8.11619568			
361	y	11	1139.56909180	-5.75689983			
361	y	12	1252.65319824	-6.99105263			
362	b	1	114.09134674	-9.92459583			
362	b	2	261.15975952	-5.35525656			
362	b	3	360.22817993	-9.74982643			
362	b	4	417.24963379	-9.93033886			
362	b	5	474.27108765	-9.65602207			
362	b	6	587.35516357	-9.88062000			
362	b	7	715.45013428	-9.96578407			
362	b	8	844.49273682	-9.74254227			
362	b	9	959.51965332	-9.17431355			
362	b	10	1060.56726074	-9.81358242			
362	b	11	1189.60986328	-9.76482677			
362	b	12	1318.65246582	-9.86346912			
362	b	13	1455.71142578	-9.89747047			
362	b	14	1592.77038574	-9.96578407			
362	b	15	1705.85449219	-9.96578407			
362	y	1	175.11891174	-5.86677647			
362	y	2	288.20297241	-7.33713484			
362	y	3	425.26187134	-6.22349787			
362	y	4	562.32080078	-6.08780861			
362	y	5	691.36340332	-6.76031256			
362	y	6	820.40600586	-7.71085596			
362	y	7	921.45367432	-7.13127565			
362	y	8	1036.48059082	-7.69039154			
362	y	9	1165.52319336	-6.56732130			
362	y	10	1293.61816406	-8.33961868			
362	y	11	1406.70227051	-9.96578407			
362	y	12	1463.72375488	-9.80601311			
362	y	13	1520.74523926	-9.81378555			
362	y	14	1619.81359863	-9.96578407			
362	y	15	1766.88208008	-9.96578407			
363	b	1	115.05016327	-9.96578407			
363	b	2	214.11857605	-6.46144867			
363	b	3	342.17715454	-7.15851116			
363	b	4	399.19860840	-8.64692307			
363	b	5	514.22558594	-7.46035576			
363	b	6	677.28887939	-8.43350315			
363	b	7	1112.42651367	-6.82774115			
363	b	8	1209.47924805	-9.63917065			
363	b	9	1322.56335449	-8.91437721			
363	b	10	1437.59033203	-9.66248608			
363	b	11	1508.62744141	-9.62677097			
363	b	12	1609.67517090	-9.87309551			
363	b	13	1666.69665527	-9.95487022			
363	b	14	1813.76501465	-9.95751381			
363	b	15	1926.84912109	-9.96578407			
363	b	16	2040.89208984	-9.96578407			
363	b	17	2153.97631836	-9.96578407			
363	b	18	2268.01928711	-9.96183968			
363	b	19	2355.05126953	-9.96578407			
363	b	20	2468.13525391	-9.96578407			
363	y	1	175.11891174	-6.53776836			
363	y	2	288.20297241	-8.76387024			
363	y	3	375.23501587	-8.23071861			
363	y	4	489.27795410	-6.97343588			
363	y	5	602.36206055	-7.82158470			
363	y	6	716.40496826	-7.00925446			
363	y	7	829.48901367	-7.47328138			
363	y	8	976.55743408	-8.57380772			
363	y	9	1033.57885742	-6.92399502			
363	y	10	1134.62658691	-6.95495462			
363	y	11	1205.66369629	-6.60239172			
363	y	12	1320.69067383	-7.30677366			
363	y	13	1433.77478027	-9.23628044			
363	y	14	1530.82751465	-4.95424271			
363	y	15	1965.96520996	-7.95492315			
363	y	16	2129.02856445	-8.66813469			
363	y	17	2244.05541992	-9.61147594			
363	y	18	2301.07690430	-9.45412827			
363	y	19	2429.13549805	-9.89253902			
363	y	20	2528.20385742	-9.96169090			
364	b	1	143.11788940	-8.53413010			
364	b	2	242.18630981	-7.84437227			
364	b	3	389.25473022	-8.94665337			
364	b	4	488.32315063	-8.92844963			
364	b	5	545.34466553	-9.67723751			
364	b	6	602.36614990	-8.89252663			
364	b	7	715.45019531	-8.94018650			
364	b	8	843.54516602	-9.64042854			
364	b	9	972.58776855	-9.64208889			
364	b	10	1087.61462402	-9.20509243			
364	b	11	1188.66235352	-9.78809929			
364	b	12	1317.70495605	-9.86474514			
364	b	13	1446.74755859	-9.88642120			
364	b	14	1583.80651855	-9.96578407			
364	b	15	1720.86547852	-9.96578407			
364	b	16	1833.94958496	-9.96578407			
364	y	1	175.11891174	-6.15188360			
364	y	2	288.20297241	-7.57336569			
364	y	3	425.26187134	-6.66457701			
364	y	4	562.32080078	-6.40932178			
364	y	5	691.36340332	-6.62639761			
364	y	6	820.40600586	-7.52203131			
364	y	7	921.45367432	-6.86170530			
364	y	8	1036.48059082	-7.46959496			
364	y	9	1165.52319336	-7.50361347			
364	y	10	1293.61816406	-8.77250099			
364	y	11	1406.70227051	-9.86478138			
364	y	12	1463.72375488	-9.87071991			
364	y	13	1520.74523926	-9.44106483			
364	y	14	1619.81359863	-9.87385464			
364	y	15	1766.88208008	-9.95487118			
364	y	16	1865.95043945	-9.96578407			
365	b	1	132.04771423	-9.79266739			
365	b	2	269.10662842	-5.26698780			
365	b	3	370.15429688	-7.13548422			
365	b	4	469.22271729	-7.96271276			
365	b	5	583.30206299	-9.75881767			
365	b	6	696.38610840	-9.62490463			
365	b	7	783.41815186	-9.74787235			
365	b	8	911.51312256	-9.64574051			
365	b	9	998.54516602	-9.74781418			
365	b	10	1055.56652832	-9.34144974			
365	b	11	1183.62512207	-9.58400536			
365	b	12	1282.69348145	-9.68094444			
365	b	13	1445.75683594	-9.90681267			
365	b	14	1532.78881836	-9.94613934			
365	b	15	1679.85729980	-9.96578407			
365	b	16	1736.87878418	-9.96578407			
365	b	17	1896.90954590	-9.94121742			
365	b	18	2010.95251465	-9.91363621			
365	b	19	2125.97949219	-9.91210651			
365	b	20	2255.02197266	-9.94678879			
365	b	21	2312.04345703	-9.90741158			
365	b	22	2383.08056641	-9.96578407			
365	b	23	2496.16455078	-9.96578407			
365	b	24	2553.18603516	-9.95975113			
365	y	1	175.11891174	-7.56084633			
365	y	2	232.14038086	-7.25234652			
365	y	3	345.22442627	-8.06671715			
365	y	4	416.26153564	-9.17779255			
365	y	5	473.28298950	-6.93045235			
365	y	6	602.32562256	-6.58339548			
365	y	7	717.35253906	-7.59847212			
365	y	8	831.39544678	-6.58528948			
365	y	9	991.42614746	-9.89358711			
365	y	10	1048.44763184	-7.42482328			
365	y	11	1195.51611328	-8.94466496			
365	y	12	1282.54809570	-9.00381756			
365	y	13	1445.61145020	-9.22648621			
365	y	14	1544.67980957	-9.54771805			
365	y	15	1672.73840332	-9.88345337			
365	y	16	1729.75988770	-9.82153988			
365	y	17	1816.79187012	-9.69851208			
365	y	18	1944.88684082	-9.84168053			
365	y	19	2031.91882324	-9.89692307			
365	y	20	2145.00292969	-9.84907341			
365	y	21	2259.08227539	-9.95053673			
365	y	22	2358.15063477	-9.93122101			
365	y	23	2459.19824219	-9.96578407			
365	y	24	2596.25708008	-9.96532536			
366	b	1	115.05016327	-9.96578407			
366	b	2	278.11349487	-6.88978529			
366	b	3	406.17208862	-6.65580463			
366	b	4	553.24053955	-7.56961250			
366	b	5	700.30895996	-8.41862965			
366	b	6	814.35186768	-9.14593410			
366	b	7	928.43115234	-9.71226311			
366	b	8	1057.47363281	-9.88827324			
366	b	9	1171.51660156	-9.72069454			
366	b	10	1302.55712891	-9.85755825			
366	b	11	1416.60009766	-9.91332245			
366	b	12	1513.65283203	-9.96578407			
366	b	13	1628.67980957	-9.96578407			
366	b	14	1685.70129395	-9.89080715			
366	b	15	1816.74182129	-9.96578407			
366	b	16	1915.81018066	-9.96578407			
366	b	17	1986.84729004	-9.96578407			
366	b	18	2099.93139648	-9.96578407			
366	b	19	2213.01538086	-9.96578407			
366	b	20	2328.04223633	-9.94758892			
366	b	21	2491.10546875	-9.96578407			
366	y	1	175.11891174	-6.55955124			
366	y	2	338.18222046	-4.42771864			
366	y	3	453.20916748	-7.12099600			
366	y	4	566.29327393	-6.40962696			
366	y	5	679.37731934	-6.47138834			
366	y	6	750.41442871	-5.30559158			
366	y	7	849.48284912	-6.15048504			
366	y	8	980.52331543	-8.89075375			
366	y	9	1037.54479980	-6.55991316			
366	y	10	1152.57177734	-8.23652172			
366	y	11	1249.62451172	-6.29260063			
366	y	12	1363.66748047	-8.32693768			
366	y	13	1494.70800781	-9.52361870			
366	y	14	1608.75097656	-9.48712349			
366	y	15	1737.79357910	-9.96578407			
366	y	16	1851.87292480	-9.88373375			
366	y	17	1965.91589355	-9.96139336			
366	y	18	2112.98437500	-9.95412636			
366	y	19	2260.05273438	-9.96578407			
366	y	20	2388.11132812	-9.95811939			
366	y	21	2551.17456055	-9.95580101			
367	b	1	72.04434967	-9.96578407			
367	b	2	235.10766602	-6.19283628			
367	b	3	364.15023804	-7.62909031			
367	b	4	461.20300293	-9.73985195			
367	b	5	589.26159668	-9.15786648			
367	b	6	646.28308105	-9.41582394			
367	b	7	703.30456543	-9.42089462			
367	b	8	790.33660889	-9.56052780			
367	b	9	847.35809326	-9.67415524			
367	b	10	1010.42144775	-9.72488022			
367	b	11	1125.44836426	-9.44013023			
367	b	12	1288.51171875	-9.96578407			
367	b	13	1375.54370117	-9.90304279			
367	b	14	1538.60705566	-9.96578407			
367	b	15	1609.64416504	-9.96578407			
367	b	16	1666.66564941	-9.96578407			
367	b	17	1723.68713379	-9.96578407			
367	y	1	175.11891174	-7.05385160			
367	y	2	232.14038086	-9.32781792			
367	y	3	289.16183472	-7.43693590			
367	y	4	360.19894409	-7.09149361			
367	y	5	523.26226807	-7.57248497			
367	y	6	610.29431152	-6.82036352			
367	y	7	773.35766602	-5.80882788			
367	y	8	888.38458252	-6.98587418			
367	y	9	1051.44787598	-8.22639084			
367	y	10	1108.46936035	-6.61363983			
367	y	11	1195.50134277	-7.30094290			
367	y	12	1252.52282715	-6.70451117			
367	y	13	1309.54431152	-5.30770206			
367	y	14	1437.60290527	-8.10605145			
367	y	15	1534.65563965	-5.83535910			
367	y	16	1663.69824219	-9.02904987			
367	y	17	1826.76159668	-9.96578407			
368	b	1	130.04981995	-9.20481491			
368	b	2	243.13388062	-5.19143105			
368	b	3	372.17648315	-7.16535568			
368	b	4	501.21908569	-7.82042408			
368	b	5	614.30316162	-8.53845310			
368	b	6	713.37158203	-9.38215733			
368	b	7	841.43017578	-9.82439518			
368	b	8	938.48297119	-9.96578407			
368	b	9	1051.56701660	-9.96578407			
368	b	10	1164.65112305	-9.91852856			
368	b	11	1251.68310547	-9.96578407			
368	y	1	147.11276245	-6.87019587			
368	y	2	234.14479065	-6.22187901			
368	y	3	347.22885132	-6.97613668			
368	y	4	460.31289673	-9.52721691			
368	y	5	557.36572266	-4.31615686			
368	y	6	685.42431641	-6.56520844			
368	y	7	784.49273682	-5.49156141			
368	y	8	897.57678223	-6.60573530			
368	y	9	1026.61938477	-6.63058949			
368	y	10	1155.66198730	-6.85265255			
368	y	11	1268.74609375	-9.94831276			
369	b	1	129.06581116	-7.96073437			
369	b	2	258.10839844	-6.41999054			
369	b	3	329.14550781	-6.46401405			
369	b	4	442.22958374	-8.58817005			
369	b	5	570.28820801	-9.91433811			
369	b	6	685.31512451	-9.86788654			
369	b	7	798.39916992	-9.86952114			
369	b	8	984.47845459	-9.94672966			
369	b	9	1112.53698730	-9.92879677			
369	b	10	1298.61633301	-9.96578407			
369	y	1	175.11891174	-5.86767244			
369	y	2	361.19821167	-6.76338243			
369	y	3	489.25680542	-6.56066036			
369	y	4	675.33618164	-5.65491533			
369	y	5	788.42022705	-5.75172138			
369	y	6	903.44714355	-5.59021950			
369	y	7	1031.50573730	-5.16256905			
369	y	8	1144.58984375	-6.78309488			
369	y	9	1215.62695312	-6.24920368			
369	y	10	1344.66955566	-9.45716953			
370	b	1	114.09129333	-9.96578407			
370	b	2	227.17535400	-5.98911190			
370	b	3	341.21829224	-6.95847273			
370	b	4	469.31326294	-8.70538998			
370	b	5	566.36602783	-9.67565441			
370	b	6	667.41369629	-9.92363262			
370	b	7	738.45080566	-9.30828476			
370	b	8	809.48791504	-9.08154678			
370	b	9	880.52502441	-8.43885136			
370	b	10	993.60906982	-8.97718811			
370	b	11	1064.64611816	-9.05727482			
370	b	12	1227.70947266	-9.43200493			
370	b	13	1284.73095703	-9.56439972			
370	b	14	1397.81506348	-9.61591148			
370	b	15	1512.84204102	-9.68519115			
370	y	1	147.11276245	-6.76784325			
370	y	2	262.13967896	-6.31281471			
370	y	3	375.22372437	-8.71317291			
370	y	4	432.24517822	-5.86936617			
370	y	5	595.30853271	-5.77535534			
370	y	6	666.34564209	-5.93724823			
370	y	7	779.42968750	-6.77448225			
370	y	8	850.46679688	-6.76106787			
370	y	9	921.50390625	-6.61607075			
370	y	10	992.54101562	-7.45142555			
370	y	11	1093.58874512	-7.98569393			
370	y	12	1190.64147949	-4.03550053			
370	y	13	1318.73645020	-8.59494686			
370	y	14	1432.77941895	-7.79690695			
370	y	15	1545.86352539	-9.96578407			
371	b	1	132.04771423	-9.55064774			
371	b	2	203.08483887	-5.00289059			
371	b	3	304.13250732	-6.33092737			
371	b	4	375.16961670	-8.60505104			
371	b	5	446.20672607	-9.47605324			
371	b	6	533.23876953	-9.74177742			
371	b	7	620.27081299	-9.89312267			
371	b	8	707.30285645	-9.95697117			
371	b	9	794.33489990	-9.96578407			
371	b	10	907.41894531	-9.86383915			
371	b	11	1036.46142578	-9.85588837			
371	y	1	147.11276245	-6.18370724			
371	y	2	276.15533447	-7.59435844			
371	y	3	389.23941040	-8.51756668			
371	y	4	476.27145386	-7.88861179			
371	y	5	563.30352783	-7.57477140			
371	y	6	650.33557129	-6.78816986			
371	y	7	737.36761475	-4.93870926			
371	y	8	808.40472412	-4.51723194			
371	y	9	879.44183350	-5.24503565			
371	y	10	980.48950195	-5.20729208			
371	y	11	1051.52661133	-7.48872042			
372	b	1	100.07564545	-9.95071888			
372	b	2	213.15969849	-5.25676918			
372	b	3	326.24374390	-7.80879211			
372	b	4	413.27578735	-8.73715687			
372	b	5	484.31289673	-8.30155659			
372	b	6	581.36566162	-9.96578407			
372	b	7	668.39770508	-9.96578407			
372	b	8	739.43481445	-9.96578407			
372	b	9	854.46173096	-9.34253788			
372	b	10	925.49884033	-8.63739872			
372	b	11	1022.55157471	-9.91177082			
372	b	12	1153.59204102	-9.54803181			
372	b	13	1300.66052246	-9.65198898			
372	b	14	1399.72888184	-9.80898571			
372	b	15	1530.76940918	-9.96578407			
372	b	16	1645.79638672	-9.87818909			
372	b	17	1744.86474609	-9.91370869			
372	b	18	1858.90771484	-9.92888355			
372	b	19	1995.96667480	-9.96578407			
372	b	20	2125.00927734	-9.84627438			
372	b	21	2253.10424805	-9.91856098			
372	b	22	2416.16748047	-9.95235157			
372	b	23	2531.19433594	-9.95170975			
372	b	24	2645.23730469	-9.95585155			
372	b	25	2732.26928711	-9.96517563			
372	b	26	2845.35327148	-9.96153545			
372	y	1	147.11276245	-7.87958908			
372	y	2	260.19680786	-8.37369347			
372	y	3	347.22885132	-8.71661091			
372	y	4	461.27178955	-7.18368006			
372	y	5	576.29876709	-8.61964226			
372	y	6	739.36206055	-8.05021000			
372	y	7	867.45703125	-7.49196482			
372	y	8	996.49963379	-8.01526260			
372	y	9	1133.55859375	-7.80385923			
372	y	10	1247.60156250	-7.50494146			
372	y	11	1346.66992188	-8.54454613			
372	y	12	1461.69689941	-8.25681973			
372	y	13	1592.73742676	-7.93175602			
372	y	14	1691.80578613	-9.31623173			
372	y	15	1838.87426758	-9.77772522			
372	y	16	1969.91479492	-9.96578407			
372	y	17	2066.96752930	-9.86875153			
372	y	18	2138.00463867	-9.91450977			
372	y	19	2253.03149414	-9.92455482			
372	y	20	2324.06860352	-9.96578407			
372	y	21	2411.10058594	-9.92140007			
372	y	22	2508.15332031	-9.96093369			
372	y	23	2579.19042969	-9.96578407			
372	y	24	2666.22241211	-9.96578407			
372	y	25	2779.30639648	-9.96578407			
372	y	26	2892.39038086	-9.96333313			
373	b	1	129.10218811	-8.28432369			
373	b	2	230.14987183	-8.12134266			
373	b	3	317.18191528	-9.37097168			
373	b	4	418.22958374	-9.22492790			
373	b	5	519.27728271	-8.63429356			
373	b	6	618.34570312	-6.85620689			
373	b	7	689.38281250	-6.84897614			
373	b	8	836.45123291	-7.11019421			
373	b	9	937.49890137	-8.42883968			
373	b	10	1066.54138184	-7.59933472			
373	b	11	1165.60974121	-7.84039640			
373	b	12	1279.65270996	-8.80540371			
373	b	13	1366.68469238	-9.47201347			
373	b	14	1495.72729492	-9.51427460			
373	b	15	1610.75427246	-8.22858238			
373	b	16	1738.84924316	-9.19674969			
373	b	17	1795.87072754	-9.66870975			
373	b	18	1866.90783691	-9.78001404			
373	b	19	1979.99194336	-9.09254742			
373	b	20	2051.02929688	-9.32015800			
373	y	1	147.11276245	-8.04632950			
373	y	2	218.14988708	-6.62284374			
373	y	3	331.23391724	-7.60311174			
373	y	4	402.27102661	-9.09763908			
373	y	5	459.29248047	-6.90624523			
373	y	6	587.38745117	-7.03671694			
373	y	7	702.41436768	-7.51107264			
373	y	8	831.45697021	-8.08617115			
373	y	9	918.48901367	-7.16214323			
373	y	10	1032.53186035	-6.59455109			
373	y	11	1131.60034180	-7.00022125			
373	y	12	1260.64294434	-7.32750368			
373	y	13	1361.69067383	-6.87644768			
373	y	14	1508.75903320	-7.46300840			
373	y	15	1579.79614258	-7.29092932			
373	y	16	1678.86450195	-8.91122150			
373	y	17	1779.91223145	-9.63597775			
373	y	18	1880.95996094	-9.96578407			
373	y	19	1967.99194336	-9.72889042			
373	y	20	2069.03955078	-9.86697006			
374	b	1	88.03926086	-9.96412659			
374	b	2	187.10766602	-5.42096996			
374	b	3	288.15533447	-7.45133018			
374	b	4	416.25027466	-8.67541695			
374	b	5	544.30889893	-7.06377649			
374	b	6	601.33038330	-8.78423595			
374	b	7	672.36749268	-8.71313000			
374	b	8	801.41009521	-8.55763054			
374	b	9	914.49414062	-9.29841232			
374	b	10	1001.52618408	-9.83791924			
374	b	11	1115.56909180	-9.96578407			
374	b	12	1244.61169434	-9.43663406			
374	b	13	1373.65429688	-9.69878960			
374	y	1	175.11891174	-6.11166763			
374	y	2	304.16146851	-7.13420630			
374	y	3	433.20407104	-9.10019398			
374	y	4	547.24700928	-7.97706509			
374	y	5	634.27905273	-5.91306877			
374	y	6	747.36309814	-6.37412930			
374	y	7	876.40570068	-6.47182894			
374	y	8	947.44281006	-7.04674959			
374	y	9	1004.46429443	-4.51348352			
374	y	10	1132.52282715	-4.73243093			
374	y	11	1260.61779785	-7.37961864			
374	y	12	1361.66552734	-7.66595840			
374	y	13	1460.73388672	-9.96578407			
375	b	1	116.03417206	-9.96578407			
375	b	2	215.10258484	-4.88077974			
375	b	3	328.18664551	-7.58878946			
375	b	4	456.24520874	-9.62962341			
375	b	5	593.30413818	-8.38459110			
375	b	6	722.34674072	-8.38234711			
375	b	7	823.39440918	-7.65354395			
375	b	8	936.47845459	-9.05058670			
375	b	9	993.49993896	-9.39802456			
375	y	1	147.11276245	-5.95133257			
375	y	2	204.13423157	-4.88723469			
375	y	3	317.21829224	-7.47493935			
375	y	4	418.26596069	-6.88304138			
375	y	5	547.30859375	-6.89406872			
375	y	6	684.36749268	-4.87699795			
375	y	7	812.42608643	-5.60822487			
375	y	8	925.51013184	-6.36535740			
375	y	9	1024.57849121	-9.96578407			
376	b	1	114.09129333	-9.95214558			
376	b	2	213.15969849	-5.63095665			
376	b	3	300.19174194	-7.99174643			
376	b	4	414.23468018	-8.83577156			
376	b	5	485.27178955	-7.56752443			
376	b	6	572.30383301	-9.19376564			
376	b	7	732.33453369	-9.96578407			
376	b	8	833.38220215	-9.96578407			
376	b	9	934.42987061	-9.94393730			
376	b	10	1048.47277832	-9.91235638			
376	b	11	1208.50354004	-9.91697311			
376	b	12	1321.58764648	-9.87921906			
376	b	13	1392.62475586	-9.89266682			
376	b	14	1489.67749023	-9.88182354			
376	b	15	1602.76159668	-9.94384384			
376	b	16	1673.79870605	-9.94381809			
376	y	1	147.11276245	-6.13194513			
376	y	2	218.14988708	-6.19211960			
376	y	3	331.23391724	-8.57857990			
376	y	4	428.28668213	-4.12900734			
376	y	5	499.32379150	-5.96607447			
376	y	6	612.40789795	-7.25234699			
376	y	7	772.43859863	-9.96578407			
376	y	8	886.48150635	-9.50544453			
376	y	9	987.52917480	-9.73039722			
376	y	10	1088.57690430	-9.40002346			
376	y	11	1248.60766602	-9.93058872			
376	y	12	1335.63964844	-9.96578407			
376	y	13	1406.67675781	-9.96578407			
376	y	14	1520.71972656	-8.99900913			
376	y	15	1607.75170898	-9.77655220			
376	y	16	1706.82006836	-9.96578407			
377	b	1	172.06042480	-9.59542084			
377	b	2	269.11318970	-8.35790157			
377	b	3	356.14523315	-9.96578407			
377	b	4	493.20413208	-9.06340981			
377	b	5	580.23620605	-9.08610153			
377	b	6	708.29479980	-8.61988831			
377	b	7	809.34246826	-8.43893623			
377	b	8	923.38537598	-7.68729639			
377	b	9	1086.44860840	-7.01546574			
377	b	10	1199.53271484	-7.24770927			
377	b	11	1286.56469727	-7.96747112			
377	b	12	1417.60522461	-8.76445770			
377	b	13	1488.64233398	-8.52656269			
377	b	14	1602.68530273	-9.16280365			
377	b	15	1673.72241211	-9.17601585			
377	b	16	1730.74389648	-8.70326900			
377	b	17	1827.79663086	-9.86475277			
377	b	18	1941.83959961	-9.82090950			
377	b	19	2042.88732910	-9.96412182			
377	b	20	2156.93041992	-9.96578407			
377	b	21	2213.95190430	-9.96578407			
377	b	22	2300.98388672	-9.96578407			
377	b	23	2429.04248047	-9.88915539			
377	b	24	2576.11083984	-9.96578407			
377	b	25	2723.17919922	-9.96578407			
377	b	26	2836.26318359	-9.96578407			
377	b	27	2996.29394531	-9.96030235			
377	b	28	3097.34155273	-9.95300579			
377	b	29	3168.37866211	-9.96415043			
377	y	1	147.11276245	-7.20703888			
377	y	2	218.14988708	-7.84474325			
377	y	3	319.19754028	-7.66112185			
377	y	4	479.22824097	-9.63275051			
377	y	5	592.31231689	-9.10811710			
377	y	6	739.38073730	-9.85860348			
377	y	7	886.44915771	-9.77681828			
377	y	8	1014.50775146	-9.90574265			
377	y	9	1101.53979492	-9.65824127			
377	y	10	1158.56127930	-8.07221794			
377	y	11	1272.60424805	-9.66293812			
377	y	12	1373.65197754	-9.78496265			
377	y	13	1487.69494629	-9.94688988			
377	y	14	1584.74768066	-9.09254265			
377	y	15	1641.76916504	-9.10653687			
377	y	16	1712.80627441	-9.75991440			
377	y	17	1826.84924316	-9.85276699			
377	y	18	1897.88635254	-9.65927124			
377	y	19	2028.92687988	-9.96578407			
377	y	20	2115.95898438	-9.95693588			
377	y	21	2229.04296875	-9.96578407			
377	y	22	2392.10620117	-9.96578407			
377	y	23	2506.14916992	-9.96578407			
377	y	24	2607.19677734	-9.96578407			
377	y	25	2735.25537109	-9.96578407			
377	y	26	2822.28735352	-9.96578407			
377	y	27	2959.34619141	-9.96578407			
377	y	28	3046.37817383	-9.96578407			
377	y	29	3143.43090820	-9.96578407			
378	b	1	190.05322266	-9.96578407			
378	b	2	261.09033203	-7.05980062			
378	b	3	375.13327026	-5.57422256			
378	b	4	446.17037964	-6.88435459			
378	b	5	503.19183350	-7.74800491			
378	b	6	600.24462891	-9.37397385			
378	b	7	687.27667236	-9.47799301			
378	b	8	788.32434082	-9.96578407			
378	b	9	902.36724854	-9.63827324			
378	b	10	959.38873291	-9.70660496			
378	b	11	1046.42065430	-9.96578407			
378	b	12	1174.47924805	-9.88292503			
378	b	13	1321.54772949	-9.72667408			
378	b	14	1468.61608887	-9.94523621			
378	b	15	1581.70019531	-9.90329647			
378	b	16	1741.73083496	-9.94379520			
378	b	17	1842.77856445	-9.96578407			
378	b	18	1913.81567383	-9.94801903			
378	y	1	147.11276245	-6.76054049			
378	y	2	218.14988708	-7.89031315			
378	y	3	319.19754028	-7.60439777			
378	y	4	479.22824097	-9.91752911			
378	y	5	592.31231689	-9.64590359			
378	y	6	739.38073730	-9.72325230			
378	y	7	886.44915771	-9.96578407			
378	y	8	1014.50775146	-9.96578407			
378	y	9	1101.53979492	-9.96578407			
378	y	10	1158.56127930	-8.48560333			
378	y	11	1272.60424805	-9.37932301			
378	y	12	1373.65197754	-9.13922119			
378	y	13	1460.68395996	-9.33504200			
378	y	14	1557.73669434	-8.13062477			
378	y	15	1614.75817871	-7.99312592			
378	y	16	1685.79528809	-9.96578407			
378	y	17	1799.83825684	-9.96578407			
378	y	18	1870.87536621	-9.95869541			
379	b	1	190.05322266	-9.44318485			
379	b	2	303.13729858	-6.34317255			
379	b	3	390.16934204	-6.59781981			
379	b	4	503.25338745	-8.68581581			
379	b	5	560.27490234	-8.95518684			
379	b	6	617.29638672	-8.54134560			
379	b	7	730.38043213	-7.66861677			
379	b	8	843.46447754	-7.98191547			
379	b	9	956.54852295	-8.60377884			
379	b	10	1069.63256836	-9.04834080			
379	b	11	1197.72753906	-9.85344696			
379	b	12	1312.75451660	-9.39433098			
379	b	13	1413.80224609	-9.57877731			
379	b	14	1500.83422852	-9.82094193			
379	b	15	1629.87683105	-9.84479713			
379	b	16	1744.90380859	-9.49040031			
379	b	17	1857.98791504	-9.78347111			
379	b	18	1987.03051758	-9.80581760			
379	b	19	2116.07324219	-9.94084930			
379	b	20	2229.15722656	-9.96578407			
379	b	21	2328.22558594	-9.81431293			
379	b	22	2457.26806641	-9.90418339			
379	b	23	2554.32080078	-9.87258148			
379	b	24	2653.38916016	-9.94785786			
379	b	25	2724.42626953	-9.96578407			
379	b	26	2795.46337891	-9.93968201			
379	b	27	2932.52221680	-9.94638920			
379	b	28	2989.54370117	-9.96578407			
379	b	29	3086.59643555	-9.95089912			
379	y	1	147.11276245	-7.58284712			
379	y	2	244.16552734	-7.77979422			
379	y	3	301.18698120	-7.09693909			
379	y	4	438.24588013	-7.48378944			
379	y	5	509.28298950	-7.68561506			
379	y	6	580.32012939	-7.09029150			
379	y	7	679.38854980	-9.02415371			
379	y	8	776.44128418	-5.37489271			
379	y	9	905.48388672	-6.75126696			
379	y	10	1004.55230713	-6.95498943			
379	y	11	1117.63635254	-8.58139610			
379	y	12	1246.67895508	-8.60823441			
379	y	13	1375.72155762	-8.79040813			
379	y	14	1488.80566406	-9.18560123			
379	y	15	1603.83264160	-9.48121548			
379	y	16	1732.87524414	-9.84197235			
379	y	17	1819.90722656	-9.96578407			
379	y	18	1920.95495605	-9.96578407			
379	y	19	2035.98193359	-9.77929401			
379	y	20	2164.07690430	-9.96578407			
379	y	21	2277.16088867	-9.95867825			
379	y	22	2390.24487305	-9.88806915			
379	y	23	2503.32885742	-9.92493153			
379	y	24	2616.41284180	-9.95446110			
379	y	25	2673.43432617	-9.93847275			
379	y	26	2730.45581055	-9.93313313			
379	y	27	2843.53979492	-9.91354179			
379	y	28	2930.57177734	-9.94707489			
379	y	29	3043.65576172	-9.96075916			
380	b	1	114.09129333	-9.85387897			
380	b	2	243.13388062	-5.95873356			
380	b	3	300.15533447	-8.41589928			
380	b	4	429.19790649	-8.84302044			
380	b	5	542.28198242	-8.31791210			
380	b	6	655.36602783	-8.94624805			
380	b	7	754.43444824	-9.45975685			
380	b	8	914.46514893	-9.96578407			
380	b	9	985.50225830	-9.83695984			
380	b	10	1056.53930664	-9.82219219			
380	b	11	1219.60266113	-9.86184597			
380	b	12	1290.63977051	-9.95539379			
380	b	13	1427.69873047	-9.92973232			
380	b	14	1556.74133301	-9.91930771			
380	b	15	1669.82543945	-9.96352482			
380	b	16	1766.87817383	-9.96578407			
380	y	1	147.11276245	-6.15132809			
380	y	2	244.16552734	-5.43479300			
380	y	3	357.24957275	-8.12531090			
380	y	4	486.29214478	-8.69098186			
380	y	5	623.35107422	-7.26049566			
380	y	6	694.38818359	-6.77917147			
380	y	7	857.45153809	-6.74991131			
380	y	8	928.48864746	-6.93703127			
380	y	9	999.52575684	-7.42429209			
380	y	10	1159.55639648	-9.34512901			
380	y	11	1258.62475586	-9.57384968			
380	y	12	1371.70886230	-9.67735577			
380	y	13	1484.79296875	-9.88850975			
380	y	14	1613.83557129	-9.91522884			
380	y	15	1670.85705566	-9.95348263			
380	y	16	1799.89965820	-9.95315838			
381	b	1	190.05322266	-9.95531273			
381	b	2	318.11178589	-3.97910118			
381	b	3	417.18020630	-4.18054152			
381	b	4	516.24865723	-7.86104870			
381	b	5	676.27935791	-9.87463856			
381	b	6	805.32196045	-9.96053314			
381	b	7	876.35906982	-9.95085239			
381	b	8	977.40673828	-9.78131962			
381	b	9	1105.46520996	-9.91800308			
381	b	10	1265.49597168	-9.96578407			
381	b	11	1362.54870605	-9.82471371			
381	b	12	1477.57568359	-9.89375210			
381	b	13	1578.62341309	-9.93564224			
381	y	1	175.11891174	-7.07288599			
381	y	2	276.16656494	-4.98810196			
381	y	3	391.19351196	-9.86651802			
381	y	4	488.24627686	-5.95017958			
381	y	5	648.27697754	-9.96578407			
381	y	6	776.33557129	-9.96578407			
381	y	7	877.38323975	-9.84041595			
381	y	8	948.42034912	-8.45808029			
381	y	9	1077.46289062	-9.21836185			
381	y	10	1237.49365234	-9.96578407			
381	y	11	1336.56201172	-9.96578407			
381	y	12	1435.63037109	-9.96578407			
381	y	13	1563.68896484	-9.96578407			
382	b	1	199.11894226	-9.33097649			
382	b	2	296.17172241	-8.94244957			
382	b	3	425.21432495	-9.74542713			
382	b	4	540.24127197	-8.02640057			
382	b	5	597.26275635	-8.22714996			
382	b	6	684.29479980	-6.66546488			
382	b	7	783.36322021	-4.25692892			
382	b	8	882.43164062	-7.26942253			
382	b	9	997.45855713	-4.90218306			
382	b	10	1160.52185059	-7.66388988			
382	b	11	1289.56445312	-7.48952532			
382	b	12	1402.64855957	-9.02906799			
382	b	13	1515.73266602	-9.96578407			
382	b	14	1630.75964355	-9.96578407			
382	b	15	1758.81823730	-9.93844891			
382	b	16	1873.84521484	-9.93010426			
382	b	17	1944.88232422	-9.96578407			
382	y	1	175.11891174	-6.63047838			
382	y	2	246.15602112	-4.97855520			
382	y	3	361.18295288	-8.71362305			
382	y	4	489.24154663	-6.14141178			
382	y	5	604.26849365	-5.98246002			
382	y	6	717.35253906	-4.87035513			
382	y	7	830.43658447	-5.75947189			
382	y	8	959.47918701	-6.79161072			
382	y	9	1122.54248047	-7.96258450			
382	y	10	1237.56945801	-7.37257147			
382	y	11	1336.63781738	-9.89271164			
382	y	12	1435.70617676	-9.96578407			
382	y	13	1522.73815918	-9.96578407			
382	y	14	1579.75964355	-9.96578407			
382	y	15	1694.78662109	-9.96578407			
382	y	16	1823.82922363	-9.96578407			
382	y	17	1920.88195801	-9.96578407			
383	b	1	171.11276245	-9.69881058			
383	b	2	300.15536499	-5.38916731			
383	b	3	415.18231201	-4.38977003			
383	b	4	528.26641846	-7.20317459			
383	b	5	615.29846191	-8.80243683			
383	b	6	743.35705566	-9.52989674			
383	b	7	871.41564941	-9.52177143			
383	b	8	942.45275879	-9.45102215			
383	b	9	1070.51123047	-9.76669884			
383	b	10	1183.59533691	-9.76696205			
383	b	11	1254.63244629	-9.95027256			
383	b	12	1325.66955566	-9.91925335			
383	b	13	1396.70666504	-9.93257904			
383	b	14	1525.74926758	-9.94150829			
383	y	1	147.11276245	-6.41687202			
383	y	2	276.15533447	-7.82035303			
383	y	3	347.19244385	-6.86093140			
383	y	4	418.22955322	-6.27191925			
383	y	5	489.26666260	-5.93354368			
383	y	6	602.35076904	-6.67117167			
383	y	7	730.40936279	-7.10200882			
383	y	8	801.44647217	-5.97986937			
383	y	9	929.50506592	-6.65799618			
383	y	10	1057.56359863	-7.29583502			
383	y	11	1144.59558105	-5.09884644			
383	y	12	1257.67968750	-8.72300911			
383	y	13	1372.70666504	-8.22337341			
383	y	14	1501.74926758	-9.96578407			
384	b	1	72.04434967	-9.77521420			
384	b	2	187.07128906	-9.96578407			
384	b	3	324.13021851	-7.61004829			
384	b	4	452.18881226	-6.15378571			
384	b	5	549.24163818	-9.41305256			
384	b	6	662.32568359	-7.66129351			
384	b	7	763.37335205	-8.53146172			
384	b	8	892.41595459	-8.14691734			
384	b	9	979.44799805	-8.83564854			
384	b	10	1066.47998047	-8.40903854			
384	b	11	1229.54333496	-7.53604841			
384	b	12	1328.61169434	-8.18719959			
384	b	13	1442.65466309	-8.17109966			
384	b	14	1555.73876953	-7.58807039			
384	b	15	1652.79150391	-9.78980350			
384	b	16	1753.83923340	-9.73277950			
384	b	17	1866.92333984	-9.92875290			
384	b	18	1937.96044922	-9.80303860			
384	b	19	2051.04467773	-9.80466080			
384	b	20	2218.01586914	-9.96578407			
384	b	21	2332.05883789	-9.96578407			
384	b	22	2433.10644531	-9.96578407			
384	b	23	2548.13330078	-9.96578407			
384	b	24	2635.16528320	-9.96578407			
384	b	25	2732.21801758	-9.96578407			
384	b	26	2845.30200195	-9.96578407			
384	y	1	175.11891174	-7.14431143			
384	y	2	288.20297241	-9.70057392			
384	y	3	385.25573730	-7.59613943			
384	y	4	472.28775024	-6.05495358			
384	y	5	587.31469727	-7.82764387			
384	y	6	688.36236572	-8.03345585			
384	y	7	802.40527344	-7.00612450			
384	y	8	969.37634277	-9.53503895			
384	y	9	1082.46044922	-9.35140800			
384	y	10	1153.49755859	-9.17470455			
384	y	11	1266.58166504	-9.25985813			
384	y	12	1367.62939453	-9.63281441			
384	y	13	1464.68212891	-8.80224895			
384	y	14	1577.76623535	-9.96578407			
384	y	15	1691.80920410	-9.88288593			
384	y	16	1790.87756348	-9.92013550			
384	y	17	1953.94091797	-9.96578407			
384	y	18	2040.97290039	-9.96578407			
384	y	19	2128.00488281	-9.96578407			
384	y	20	2257.04736328	-9.96578407			
384	y	21	2358.09497070	-9.93844318			
384	y	22	2471.17895508	-9.96578407			
384	y	23	2568.23168945	-9.96578407			
384	y	24	2696.29028320	-9.96578407			
384	y	25	2833.34912109	-9.95339870			
384	y	26	2948.37597656	-9.95894146			
385	b	1	58.02870178	-9.96578407			
385	b	2	171.11276245	-6.81599379			
385	b	3	286.13967896	-4.94175100			
385	b	4	385.20809937	-7.83888531			
385	b	5	500.23504639	-8.36040306			
385	b	6	587.26708984	-8.71924686			
385	b	7	700.35113525	-8.63569736			
385	b	8	799.41955566	-8.65826035			
385	b	9	912.50360107	-9.68522835			
385	b	10	1041.54614258	-9.80857182			
385	b	11	1178.60510254	-8.73282623			
385	b	12	1291.68920898	-8.40079117			
385	b	13	1419.74780273	-8.45387459			
385	b	14	1518.81616211	-9.10221767			
385	b	15	1632.85913086	-9.77108383			
385	y	1	147.11276245	-6.62763166			
385	y	2	261.15567017	-5.70151043			
385	y	3	360.22409058	-7.46064806			
385	y	4	488.28268433	-7.36183119			
385	y	5	601.36676025	-7.83741570			
385	y	6	738.42565918	-6.42102909			
385	y	7	867.46826172	-6.37554646			
385	y	8	980.55230713	-5.70139694			
385	y	9	1079.62072754	-5.77923775			
385	y	10	1192.70483398	-7.68691683			
385	y	11	1279.73681641	-7.16355419			
385	y	12	1394.76379395	-6.45736933			
385	y	13	1493.83215332	-9.45047188			
385	y	14	1608.85913086	-9.81384087			
385	y	15	1721.94323730	-9.96578407			
386	b	1	190.05322266	-7.47457123			
386	b	2	319.09579468	-5.75258207			
386	b	3	390.13290405	-6.82187557			
386	b	4	477.16494751	-8.31436062			
386	b	5	606.20758057	-8.70606709			
386	b	6	677.24468994	-8.12078190			
386	b	7	840.30804443	-8.37688160			
386	b	8	953.39208984	-8.74409771			
386	b	9	1052.46044922	-9.26886463			
386	b	10	1109.48193359	-9.13203716			
386	b	11	1222.56604004	-9.77159500			
386	b	12	1369.63439941	-9.96578407			
386	b	13	1498.67700195	-9.96578407			
386	b	14	1613.70397949	-9.96578407			
386	b	15	1714.75170898	-9.96578407			
386	b	16	1828.79467773	-9.96578407			
386	b	17	1941.87878418	-9.96578407			
386	b	18	2101.90966797	-9.91962147			
386	b	19	2172.94677734	-9.96578407			
386	b	20	2286.03076172	-9.96578407			
386	b	21	2423.08959961	-9.96578407			
386	b	22	2494.12670898	-9.96560097			
386	y	1	147.11276245	-7.08625364			
386	y	2	218.14988708	-7.51499939			
386	y	3	355.20877075	-6.09306526			
386	y	4	468.29281616	-7.75357389			
386	y	5	539.32995605	-7.69718456			
386	y	6	699.36065674	-9.85334873			
386	y	7	812.44470215	-9.91468716			
386	y	8	926.48760986	-9.84689522			
386	y	9	1027.53527832	-9.96578407			
386	y	10	1142.56225586	-9.96578407			
386	y	11	1271.60485840	-9.96578407			
386	y	12	1418.67333984	-9.86666965			
386	y	13	1531.75744629	-9.96578407			
386	y	14	1588.77893066	-9.13219357			
386	y	15	1687.84729004	-9.96578407			
386	y	16	1800.93139648	-9.82419872			
386	y	17	1963.99475098	-9.92721462			
386	y	18	2035.03186035	-9.96578407			
386	y	19	2164.07446289	-9.91381073			
386	y	20	2251.10644531	-9.96578407			
386	y	21	2322.14355469	-9.96578407			
386	y	22	2451.18603516	-9.95064354			
387	b	1	181.07194519	-9.27421761			
387	b	2	282.11962891	-7.13742971			
387	b	3	339.14108276	-9.13073158			
387	b	4	436.19384766	-9.96578407			
387	b	5	565.23645020	-7.49617434			
387	b	6	678.32049561	-6.28935003			
387	b	7	791.40454102	-6.25193834			
387	b	8	878.43658447	-7.47191286			
387	b	9	1009.47705078	-7.73840284			
387	b	10	1080.51416016	-7.01056767			
387	b	11	1194.55712891	-7.78488684			
387	b	12	1265.59423828	-7.54583454			
387	b	13	1322.61572266	-7.24291754			
387	b	14	1419.66845703	-9.69449806			
387	b	15	1533.71142578	-9.67990017			
387	b	16	1634.75915527	-9.89867210			
387	b	17	1748.80212402	-9.93949509			
387	b	18	1805.82360840	-9.96578407			
387	b	19	1892.85559082	-9.96578407			
387	b	20	2020.91418457	-9.89458179			
387	b	21	2167.98266602	-9.95200062			
387	b	22	2315.05102539	-9.96578407			
387	b	23	2428.13500977	-9.94257545			
387	b	24	2588.16577148	-9.96578407			
387	b	25	2689.21337891	-9.96578407			
387	b	26	2760.25048828	-9.94601822			
387	y	1	147.11276245	-6.96387768			
387	y	2	218.14988708	-7.81961584			
387	y	3	319.19754028	-7.19062328			
387	y	4	479.22824097	-9.96578407			
387	y	5	592.31231689	-8.97854042			
387	y	6	739.38073730	-9.96578407			
387	y	7	886.44915771	-9.94397163			
387	y	8	1014.50775146	-9.92070293			
387	y	9	1101.53979492	-9.62918663			
387	y	10	1158.56127930	-7.58055592			
387	y	11	1272.60424805	-9.67970467			
387	y	12	1373.65197754	-9.89311409			
387	y	13	1487.69494629	-9.94394970			
387	y	14	1584.74768066	-9.68233585			
387	y	15	1641.76916504	-8.76279831			
387	y	16	1712.80627441	-9.91049671			
387	y	17	1826.84924316	-9.94251537			
387	y	18	1897.88635254	-9.95958996			
387	y	19	2028.92687988	-9.96578407			
387	y	20	2115.95898438	-9.96578407			
387	y	21	2229.04296875	-9.96578407			
387	y	22	2342.12695312	-9.96578407			
387	y	23	2471.16943359	-9.96578407			
387	y	24	2568.22216797	-9.96578407			
387	y	25	2625.24365234	-9.95932007			
387	y	26	2726.29125977	-9.96578407			
388	b	1	114.09129333	-9.96578407			
388	b	2	213.15969849	-7.91543055			
388	b	3	341.25466919	-8.83043861			
388	b	4	438.30743408	-9.95515919			
388	b	5	552.35040283	-9.96578407			
388	b	6	667.37731934	-9.19055748			
388	b	7	796.41992188	-8.90230274			
388	b	8	924.51489258	-8.61601162			
388	b	9	1021.56768799	-9.96578407			
388	b	10	1136.59460449	-9.94466877			
388	b	11	1265.63720703	-9.52909088			
388	b	12	1413.68957520	-9.45532990			
388	b	13	1542.73217773	-9.38900757			
388	b	14	1629.76416016	-9.92849922			
388	b	15	1686.78564453	-9.73243809			
388	b	16	1799.86975098	-9.82117176			
388	b	17	1886.90173340	-9.95062923			
388	b	18	2014.96032715	-9.93313313			
388	b	19	2085.99755859	-9.94033051			
388	b	20	2199.08154297	-9.91803074			
388	b	21	2312.16552734	-9.96102810			
388	b	22	2441.20800781	-9.84856129			
388	b	23	2554.29199219	-9.96578407			
388	b	24	2683.33447266	-9.96578407			
388	b	25	2814.37500000	-9.96578407			
388	b	26	2928.41796875	-9.96578407			
388	b	27	3015.44995117	-9.96578407			
388	b	28	3130.47680664	-9.96578407			
388	b	29	3243.56079102	-9.96578407			
388	y	1	147.11276245	-6.76477957			
388	y	2	260.19680786	-6.95666742			
388	y	3	375.22375488	-8.95991516			
388	y	4	462.25576782	-8.45715046			
388	y	5	576.29870605	-7.60668993			
388	y	6	707.33917236	-7.33082247			
388	y	7	836.38177490	-6.87017870			
388	y	8	949.46582031	-6.38523531			
388	y	9	1078.50842285	-5.96988678			
388	y	10	1191.59252930	-5.84811020			
388	y	11	1304.67663574	-6.75060129			
388	y	12	1375.71374512	-7.23350573			
388	y	13	1503.77233887	-9.24803638			
388	y	14	1590.80432129	-8.05378342			
388	y	15	1703.88842773	-9.80514050			
388	y	16	1760.90991211	-9.87252712			
388	y	17	1847.94189453	-9.79247761			
388	y	18	1976.98449707	-9.89625454			
388	y	19	2125.03686523	-9.89448357			
388	y	20	2254.07934570	-9.94583893			
388	y	21	2369.10620117	-9.96578407			
388	y	22	2466.15893555	-9.84467030			
388	y	23	2594.25390625	-9.96578407			
388	y	24	2723.29638672	-9.96578407			
388	y	25	2838.32324219	-9.96559620			
388	y	26	2952.36621094	-9.93224430			
388	y	27	3049.41894531	-9.96578407			
388	y	28	3177.51391602	-9.96578407			
388	y	29	3276.58227539	-9.96578407			
389	b	1	114.09129333	-9.96578407			
389	b	2	261.15969849	-3.79573202			
389	b	3	360.22811890	-7.97947645			
389	b	4	359.24407959	-9.43084717			
389	b	5	474.27102661	-7.35105371			
389	b	6	587.35510254	-9.11640739			
389	b	7	674.38714600	-9.31712627			
389	b	8	771.43988037	-9.77386093			
389	b	9	886.46679688	-9.86230278			
389	b	10	987.51446533	-9.76929665			
389	b	11	1084.56713867	-9.84347153			
389	b	12	1213.60974121	-9.86649323			
389	b	13	1342.65234375	-9.92636585			
389	y	1	147.11276245	-6.94363213			
389	y	2	276.15533447	-7.22131729			
389	y	3	405.19790649	-9.70151234			
389	y	4	502.25067139	-5.19020128			
389	y	5	603.29840088	-6.66399908			
389	y	6	718.32531738	-9.03993893			
389	y	7	815.37805176	-4.79875183			
389	y	8	902.41009521	-4.98192453			
389	y	9	1015.49414062	-6.51605606			
389	y	10	1130.52111816	-7.86775684			
389	y	11	1129.53710938	-4.86339808			
389	y	12	1228.60546875	-6.68659592			
389	y	13	1375.67382812	-9.59116268			
390	b	1	100.07564545	-9.88651848			
390	b	2	197.12841797	-7.23806715			
390	b	3	268.16552734	-7.98149300			
390	b	4	339.20263672	-8.58602142			
390	b	5	600.18304443	-9.68153095			
390	b	6	756.28411865	-9.54046535			
390	b	7	827.32122803	-9.25404072			
390	b	8	884.34271240	-9.09600067			
390	b	9	955.37982178	-6.54899693			
390	b	10	1068.46386719	-7.50697136			
390	b	11	1125.48535156	-7.63299322			
390	b	12	1222.53808594	-9.65706921			
390	b	13	1382.56872559	-9.82453442			
390	b	14	1511.61132812	-9.83054543			
390	b	15	1610.67968750	-9.86135864			
390	b	16	1711.72741699	-9.85234928			
390	b	17	1810.79577637	-9.75547886			
390	b	18	1907.84851074	-9.96578407			
390	b	19	1978.88562012	-9.91006279			
390	b	20	2106.94433594	-9.95333195			
390	b	21	2220.98730469	-9.96047783			
390	b	22	2322.03491211	-9.96365738			
390	b	23	2379.05639648	-9.96578407			
390	b	24	2492.14038086	-9.92625141			
390	b	25	2549.16186523	-9.94637966			
390	b	26	2646.21459961	-9.96578407			
390	b	27	2775.25708008	-9.96578407			
390	y	1	147.11276245	-7.37877893			
390	y	2	276.15533447	-9.52626419			
390	y	3	373.20809937	-8.29471207			
390	y	4	430.22955322	-6.70999336			
390	y	5	543.31365967	-8.99614620			
390	y	6	600.33514404	-6.94398975			
390	y	7	701.38281250	-7.58230543			
390	y	8	815.42572021	-7.85776711			
390	y	9	943.48431396	-8.09782124			
390	y	10	1014.52142334	-8.17749691			
390	y	11	1111.57421875	-6.25497341			
390	y	12	1210.64257812	-8.93145084			
390	y	13	1311.69030762	-9.09910393			
390	y	14	1410.75866699	-9.94144344			
390	y	15	1539.80126953	-9.96578407			
390	y	16	1699.83203125	-9.96344757			
390	y	17	1796.88476562	-9.89710426			
390	y	18	1853.90625000	-9.96578407			
390	y	19	1966.99035645	-9.96578407			
390	y	20	2038.02746582	-9.96578407			
390	y	21	2095.04882812	-9.96578407			
390	y	22	2166.08593750	-9.96421146			
390	y	23	2322.18701172	-9.96578407			
390	y	24	2583.16748047	-9.96578407			
390	y	25	2654.20458984	-9.95600224			
390	y	26	2725.24169922	-9.96313667			
390	y	27	2822.29443359	-9.96273518			
391	b	1	100.03929901	-9.96578407			
391	b	2	229.08187866	-7.02324343			
391	b	3	328.15029907	-7.21313810			
391	b	4	425.20306396	-8.92284298			
391	b	5	585.23382568	-9.76552582			
391	b	6	686.28149414	-9.67426395			
391	b	7	743.30297852	-8.82228374			
391	b	8	844.35064697	-9.70519543			
391	b	9	945.39831543	-9.90826225			
391	b	10	1016.43542480	-9.79775715			
391	b	11	1103.46740723	-9.16015244			
391	b	12	1200.52014160	-9.90544510			
391	b	13	1313.60424805	-9.78067112			
391	b	14	1442.64685059	-9.90064240			
391	b	15	1541.67883301	-9.85371399			
391	b	16	1612.71594238	-9.91149902			
391	b	17	1713.76367188	-9.92669296			
391	b	18	1826.84777832	-9.93058872			
391	b	19	1913.87976074	-9.96578407			
391	b	20	2042.92236328	-9.90094376			
391	b	21	2156.00659180	-9.96578407			
391	y	1	147.11276245	-7.27370405			
391	y	2	260.19680786	-7.30305862			
391	y	3	389.23941040	-8.75378990			
391	y	4	476.27145386	-6.44933319			
391	y	5	589.35552979	-8.22394371			
391	y	6	690.40319824	-7.86114168			
391	y	7	761.44030762	-7.60255289			
391	y	8	860.47229004	-7.77584267			
391	y	9	989.51489258	-8.23859406			
391	y	10	1102.59899902	-9.45002937			
391	y	11	1199.65173340	-5.43411112			
391	y	12	1286.68371582	-6.63514090			
391	y	13	1357.72082520	-7.44211769			
391	y	14	1458.76855469	-7.62474632			
391	y	15	1559.81628418	-8.66392994			
391	y	16	1616.83776855	-8.34561253			
391	y	17	1717.88549805	-9.56901932			
391	y	18	1877.91625977	-9.96578407			
391	y	19	1974.96899414	-9.96578407			
391	y	20	2074.03735352	-9.96578407			
391	y	21	2203.07983398	-9.95973206			
392	b	1	114.09129333	-9.84545422			
392	b	2	243.13388062	-6.62002993			
392	b	3	357.17681885	-5.93412256			
392	b	4	456.24523926	-5.68838882			
392	b	5	569.32934570	-7.36337423			
392	b	6	626.35083008	-7.53159761			
392	b	7	739.43487549	-7.98089361			
392	b	8	854.46179199	-8.15377522			
392	b	9	982.52038574	-8.48658657			
392	b	10	1110.57885742	-7.87155294			
392	b	11	1257.64733887	-8.34079361			
392	b	12	1328.68444824	-8.82546425			
392	b	13	1385.70593262	-8.75039291			
392	b	14	1498.79003906	-9.55781746			
392	b	15	1613.81701660	-9.31999683			
392	b	16	1726.90112305	-9.67649364			
392	b	17	1797.93823242	-9.82270813			
392	b	18	2322.14770508	-9.96578407			
392	b	19	2409.17968750	-9.96578407			
392	b	20	2524.20654297	-9.96578407			
392	b	21	2638.24951172	-9.96578407			
392	b	22	2766.30810547	-9.96578407			
392	b	23	2853.34008789	-9.96578407			
392	b	24	2910.36157227	-9.94153023			
392	b	25	2967.38305664	-9.96578407			
392	b	26	3054.41503906	-9.96578407			
392	b	27	3155.46264648	-9.96578407			
392	b	28	3226.49975586	-9.96578407			
392	b	29	3313.53173828	-9.96578407			
392	y	1	147.11276245	-6.69051886			
392	y	2	234.14479065	-6.72028971			
392	y	3	305.18188477	-7.80550051			
392	y	4	406.22955322	-7.86442471			
392	y	5	493.26156616	-8.27716446			
392	y	6	550.28308105	-7.47234344			
392	y	7	607.30456543	-6.40086269			
392	y	8	694.33660889	-5.81429768			
392	y	9	822.39520264	-8.03363895			
392	y	10	936.43811035	-7.06202841			
392	y	11	1051.46508789	-7.31028891			
392	y	12	1138.49707031	-5.83968830			
392	y	13	1662.70642090	-6.10845375			
392	y	14	1733.74353027	-6.57722759			
392	y	15	1846.82763672	-8.31917286			
392	y	16	1961.85461426	-8.12677860			
392	y	17	2074.93872070	-9.47169495			
392	y	18	2131.96020508	-8.54103279			
392	y	19	2202.99731445	-9.28663349			
392	y	20	2350.06567383	-9.69868946			
392	y	21	2478.12426758	-9.93765163			
392	y	22	2606.18286133	-9.96578407			
392	y	23	2721.20971680	-9.86248875			
392	y	24	2834.29370117	-9.96578407			
392	y	25	2891.31518555	-9.96578407			
392	y	26	3004.39916992	-9.95034313			
392	y	27	3103.46752930	-9.96578407			
392	y	28	3217.51049805	-9.96578407			
392	y	29	3346.55297852	-9.96578407			
393	b	1	173.09201050	-9.58192825			
393	b	2	301.15060425	-5.43490553			
393	b	3	448.21902466	-7.37001514			
393	b	4	535.25109863	-8.39405727			
393	b	5	695.28179932	-9.85302925			
393	b	6	796.32946777	-9.96578407			
393	b	7	909.41351318	-9.96578407			
393	b	8	966.43499756	-9.26834488			
393	b	9	1095.47753906	-9.68389416			
393	b	10	1223.57250977	-9.51510143			
393	b	11	1370.64099121	-9.31613541			
393	b	12	1499.68359375	-9.69941235			
393	b	13	1628.72619629	-9.69912338			
393	b	14	1729.77392578	-9.92298412			
393	b	15	1830.82165527	-9.96578407			
393	b	16	1901.85876465	-9.96578407			
393	b	17	2016.88574219	-9.38150692			
393	b	18	2073.90722656	-9.84340286			
393	y	1	175.11891174	-7.59335136			
393	y	2	232.14038086	-4.91605186			
393	y	3	347.16729736	-8.27602196			
393	y	4	418.20440674	-7.89605093			
393	y	5	519.25207520	-7.36279917			
393	y	6	620.29980469	-6.57786465			
393	y	7	749.34240723	-6.58987617			
393	y	8	878.38500977	-7.17477417			
393	y	9	1025.45336914	-6.47705746			
393	y	10	1153.54833984	-6.97743797			
393	y	11	1282.59094238	-7.93817520			
393	y	12	1339.61242676	-5.88487530			
393	y	13	1452.69653320	-7.29927206			
393	y	14	1553.74426270	-7.99195337			
393	y	15	1713.77490234	-9.37021828			
393	y	16	1800.80688477	-9.22896576			
393	y	17	1947.87524414	-9.55991936			
393	y	18	2075.93383789	-9.96293545			
394	b	1	132.04771423	-9.96578407			
394	b	2	269.10662842	-6.35488796			
394	b	3	406.16555786	-8.19239712			
394	b	4	535.20819092	-8.62998390			
394	b	5	606.24530029	-7.00081491			
394	b	6	719.32934570	-6.76723146			
394	b	7	806.36138916	-8.59170914			
394	b	8	1451.57434082	-7.51644421			
394	b	9	1522.61145020	-6.54495287			
394	b	10	1635.69555664	-6.16096020			
394	b	11	1732.74829102	-9.95383453			
394	b	12	1789.76977539	-9.96578407			
394	b	13	1904.79675293	-9.96578407			
394	b	14	2018.83972168	-9.94815731			
394	b	15	2117.90820312	-9.92746544			
394	b	16	2174.92968750	-9.94970322			
394	b	17	2321.99804688	-9.96578407			
394	b	18	2436.04101562	-9.96578407			
394	b	19	2535.10937500	-9.96144772			
394	y	1	147.11276245	-6.32646990			
394	y	2	246.18116760	-8.33361530			
394	y	3	360.22409058	-7.98612976			
394	y	4	507.29251099	-8.81642056			
394	y	5	564.31402588	-6.49683428			
394	y	6	663.38244629	-9.01929569			
394	y	7	777.42535400	-7.94506168			
394	y	8	892.45227051	-8.78849220			
394	y	9	949.47375488	-6.89561462			
394	y	10	1046.52648926	-4.76465702			
394	y	11	1159.61059570	-8.81871700			
394	y	12	1230.64770508	-9.69777107			
394	y	13	1875.86071777	-9.96578407			
394	y	14	1962.89270020	-9.94038486			
394	y	15	2075.97680664	-9.86940956			
394	y	16	2147.01391602	-9.92895699			
394	y	17	2276.05639648	-9.95486259			
394	y	18	2413.11523438	-9.96578407			
394	y	19	2550.17407227	-9.95359612			
395	b	1	164.07055664	-9.96578407			
395	b	2	277.15463257	-4.96550322			
395	b	3	408.19509888	-7.53550577			
395	b	4	537.23773193	-9.04605770			
395	b	5	666.28033447	-9.83201027			
395	b	6	781.30725098	-9.75109100			
395	b	7	910.34985352	-9.84785080			
395	b	8	1025.37670898	-9.78758335			
395	b	9	1096.41381836	-9.73202515			
395	b	10	1259.47717285	-9.75134563			
395	b	11	1387.57214355	-9.96578407			
395	y	1	147.11276245	-5.79994297			
395	y	2	275.20770264	-6.63138294			
395	y	3	438.27102661	-7.88293648			
395	y	4	509.30813599	-6.63852310			
395	y	5	624.33508301	-7.74686909			
395	y	6	753.37768555	-7.24516344			
395	y	7	868.40460205	-6.39052725			
395	y	8	997.44714355	-6.28190660			
395	y	9	1126.48974609	-4.95947123			
395	y	10	1257.53027344	-5.46228123			
395	y	11	1370.61437988	-9.55007172			
396	b	1	174.05831909	-9.72789764			
396	b	2	287.14236450	-5.05071831			
396	b	3	400.22640991	-4.37594461			
396	b	4	513.31048584	-8.03726673			
396	b	5	676.32299805	-9.03271294			
396	b	6	777.37066650	-8.62322712			
396	b	7	890.45471191	-9.14059353			
396	b	8	961.49182129	-8.17243481			
396	b	9	1074.57580566	-9.72138882			
396	b	10	1234.60656738	-9.96578407			
396	b	11	1348.64953613	-9.93169022			
396	b	12	1449.69726562	-9.89443874			
396	b	13	1564.72424316	-9.92166138			
396	b	14	1651.75622559	-9.96578407			
396	b	15	1748.80895996	-9.96578407			
396	b	16	1861.89306641	-9.96578407			
396	y	1	175.11891174	-6.39187479			
396	y	2	288.20297241	-9.44721794			
396	y	3	385.25573730	-7.65480852			
396	y	4	472.28775024	-6.42568922			
396	y	5	587.31469727	-8.78697777			
396	y	6	688.36236572	-8.32271099			
396	y	7	802.40527344	-7.35231924			
396	y	8	962.43597412	-9.96578407			
396	y	9	1075.52001953	-9.23283577			
396	y	10	1146.55712891	-9.96578407			
396	y	11	1259.64123535	-9.96578407			
396	y	12	1360.68896484	-9.73350048			
396	y	13	1523.70153809	-9.91757107			
396	y	14	1636.78564453	-9.52125645			
396	y	15	1749.86975098	-9.75582218			
396	y	16	1862.95385742	-9.96578407			
397	b	1	116.03417206	-9.96578407			
397	b	2	230.07710266	-5.96236897			
397	b	3	393.14041138	-5.02233744			
397	b	4	492.20883179	-6.54428101			
397	b	5	589.26165771	-9.79870701			
397	b	6	718.30426025	-9.15864944			
397	b	7	831.38830566	-8.05831528			
397	b	8	918.42034912	-8.98648739			
397	b	9	989.45745850	-7.65432119			
397	b	10	1102.54150391	-9.39614201			
397	b	11	1217.56848145	-9.66672611			
397	b	12	1345.62707520	-9.96578407			
397	b	13	1474.66967773	-9.30120850			
397	b	14	1587.75378418	-9.84720135			
397	b	15	1700.83789062	-9.96578407			
397	b	16	1829.88049316	-9.96578407			
397	b	17	1928.94885254	-9.96578407			
397	b	18	2043.97583008	-9.96578407			
397	b	19	2141.02880859	-9.93108845			
397	b	20	2256.05566406	-9.96578407			
397	b	21	2357.10327148	-9.93023014			
397	y	1	147.11276245	-6.62123394			
397	y	2	248.16044617	-6.25031090			
397	y	3	363.18737793	-8.86980915			
397	y	4	460.24014282	-4.91748714			
397	y	5	575.26708984	-6.43385983			
397	y	6	674.33551025	-6.52642536			
397	y	7	803.37811279	-6.10104179			
397	y	8	916.46215820	-5.81903839			
397	y	9	1029.54614258	-6.94701767			
397	y	10	1158.58874512	-7.94339991			
397	y	11	1286.64733887	-8.57012177			
397	y	12	1401.67431641	-8.02861881			
397	y	13	1514.75842285	-9.70631695			
397	y	14	1585.79553223	-9.72914219			
397	y	15	1672.82751465	-9.34653091			
397	y	16	1785.91162109	-9.96578407			
397	y	17	1914.95422363	-9.96578407			
397	y	18	2012.00695801	-9.68963528			
397	y	19	2111.07543945	-9.94138050			
397	y	20	2274.13867188	-9.96090412			
397	y	21	2388.18164062	-9.96163940			
398	b	1	138.06614685	-9.25458908			
398	b	2	239.11383057	-7.18761921			
398	b	3	296.13528442	-9.10440731			
398	b	4	393.18804932	-9.90354443			
398	b	5	450.20950317	-8.95208836			
398	b	6	563.29357910	-6.48065186			
398	b	7	676.37762451	-6.43016863			
398	b	8	763.40966797	-7.42123604			
398	b	9	910.44506836	-7.43946743			
398	b	10	981.48217773	-7.09326172			
398	b	11	1095.52502441	-7.52414227			
398	b	12	1166.56213379	-7.03994417			
398	b	13	1223.58361816	-7.15680981			
398	b	14	1320.63635254	-9.75362110			
398	b	15	1434.67932129	-9.44252872			
398	b	16	1535.72705078	-9.84897804			
398	b	17	1649.77001953	-9.95308495			
398	b	18	1764.79699707	-9.96578407			
398	b	19	1851.82897949	-9.96578407			
398	b	20	1979.88757324	-9.86977482			
398	b	21	2126.95605469	-9.95539856			
398	b	22	2274.02441406	-9.96578407			
398	b	23	2387.10839844	-9.96578407			
398	b	24	2547.13916016	-9.96578407			
398	b	25	2648.18676758	-9.95643520			
398	b	26	2719.22387695	-9.94571877			
398	y	1	147.11276245	-6.98317480			
398	y	2	218.14988708	-7.83615875			
398	y	3	319.19754028	-7.21906710			
398	y	4	479.22824097	-9.96578407			
398	y	5	592.31231689	-8.95427513			
398	y	6	739.38073730	-9.96578407			
398	y	7	886.44915771	-9.85387516			
398	y	8	1014.50775146	-9.88675785			
398	y	9	1101.53979492	-9.54194355			
398	y	10	1216.56677246	-9.10003853			
398	y	11	1330.60974121	-9.64724827			
398	y	12	1431.65747070	-9.80817223			
398	y	13	1545.70043945	-9.71191883			
398	y	14	1642.75317383	-9.96578407			
398	y	15	1699.77465820	-9.04843616			
398	y	16	1770.81176758	-9.93883610			
398	y	17	1884.85473633	-9.96578407			
398	y	18	1955.89184570	-9.91959095			
398	y	19	2102.92724609	-9.96578407			
398	y	20	2189.95922852	-9.96041679			
398	y	21	2303.04321289	-9.95850945			
398	y	22	2416.12719727	-9.96578407			
398	y	23	2473.14868164	-9.96578407			
398	y	24	2570.20141602	-9.96232319			
398	y	25	2627.22290039	-9.95711327			
398	y	26	2728.27050781	-9.96578407			
399	b	1	132.04771423	-9.73047829			
399	b	2	203.08483887	-5.71343327			
399	b	3	363.11553955	-9.86485291			
399	b	4	434.15264893	-9.92545605			
399	b	5	547.23675537	-9.96578407			
399	b	6	634.26879883	-9.96578407			
399	b	7	747.35284424	-9.96578407			
399	b	8	860.43688965	-9.86588001			
399	b	9	917.45837402	-9.89539051			
399	y	1	147.11276245	-6.07988453			
399	y	2	204.13423157	-6.49618673			
399	y	3	317.21829224	-6.16601849			
399	y	4	430.30233765	-7.97515345			
399	y	5	517.33441162	-5.78760862			
399	y	6	630.41845703	-6.24806786			
399	y	7	701.45556641	-6.15334892			
399	y	8	861.48626709	-9.92061234			
399	y	9	932.52337646	-9.58832455			
400	b	1	129.10218811	-6.38536024			
400	b	2	242.18624878	-8.60148907			
400	b	3	341.25466919	-8.25562286			
400	b	4	454.33871460	-8.14656925			
400	b	5	567.42279053	-8.19817162			
400	b	6	696.46539307	-9.20698547			
400	b	7	753.48687744	-9.73678970			
400	b	8	868.51379395	-7.61174440			
400	b	9	1015.54919434	-8.99134827			
400	b	10	1072.57055664	-9.23253822			
400	b	11	1232.60119629	-9.96578407			
400	b	12	1333.64892578	-9.96578407			
400	b	13	1462.69152832	-9.96578407			
400	b	14	1591.73413086	-9.94874763			
400	b	15	1747.83520508	-9.96578407			
400	b	16	1818.87231445	-9.96578407			
400	b	17	1947.91491699	-9.96578407			
400	b	18	2060.99902344	-9.96504688			
400	b	19	2132.03613281	-9.96578407			
400	b	20	2261.07861328	-9.96578407			
400	b	21	2348.11059570	-9.95352936			
400	y	1	175.11891174	-7.63884926			
400	y	2	262.15093994	-6.27131367			
400	y	3	391.19351196	-9.05264091			
400	y	4	462.23062134	-8.65784264			
400	y	5	575.31469727	-8.68866253			
400	y	6	704.35729980	-9.52859402			
400	y	7	775.39440918	-8.94825554			
400	y	8	931.49548340	-9.78020763			
400	y	9	1060.53808594	-9.16888523			
400	y	10	1189.58068848	-9.51141739			
400	y	11	1290.62841797	-9.59625435			
400	y	12	1450.65917969	-9.96578407			
400	y	13	1507.68066406	-9.96578407			
400	y	14	1654.71606445	-9.96578407			
400	y	15	1769.74304199	-9.93890762			
400	y	16	1826.76452637	-9.96578407			
400	y	17	1955.80712891	-9.95496655			
400	y	18	2068.89111328	-9.96578407			
400	y	19	2181.97509766	-9.96578407			
400	y	20	2281.04345703	-9.96578407			
400	y	21	2394.12744141	-9.96578407			
401	b	1	130.04981995	-9.61695004			
401	b	2	243.13388062	-7.52387905			
401	b	3	357.17681885	-6.78064489			
401	b	4	470.26089478	-7.43936014			
401	b	5	569.32934570	-7.40499306			
401	b	6	716.36474609	-8.32720757			
401	b	7	817.41241455	-8.64876652			
401	b	8	980.47576904	-8.00603676			
401	b	9	1093.55981445	-8.28490448			
401	b	10	1192.62817383	-8.54052734			
401	b	11	1321.67077637	-8.70342827			
401	b	12	1434.75488281	-9.68356895			
401	b	13	1491.77636719	-9.51001740			
401	b	14	1590.84472656	-9.66080093			
401	b	15	1737.88012695	-9.86484909			
401	b	16	1850.96423340	-9.96578407			
401	b	17	1922.00134277	-9.96578407			
401	b	18	2021.06970215	-9.96578407			
401	b	19	2136.09667969	-9.96578407			
401	b	20	2207.13378906	-9.96578407			
401	b	21	2306.20214844	-9.92862225			
401	b	22	2419.28613281	-9.96578407			
401	b	23	2490.32324219	-9.96578407			
401	b	24	2619.36572266	-9.96578407			
401	b	25	2732.44970703	-9.96578407			
401	b	26	2860.54467773	-9.95197105			
401	y	1	147.11276245	-7.34547281			
401	y	2	275.20770264	-7.32053041			
401	y	3	388.29177856	-7.51594400			
401	y	4	517.33441162	-7.72176123			
401	y	5	588.37152100	-6.69541407			
401	y	6	701.45556641	-7.02759361			
401	y	7	800.52398682	-7.50833750			
401	y	8	871.56109619	-7.24998474			
401	y	9	986.58801270	-5.99961901			
401	y	10	1085.65637207	-6.77636766			
401	y	11	1156.69348145	-6.24563837			
401	y	12	1269.77758789	-7.99477434			
401	y	13	1416.81298828	-8.08391666			
401	y	14	1515.88134766	-9.75738144			
401	y	15	1572.90283203	-9.25531960			
401	y	16	1685.98693848	-9.96578407			
401	y	17	1815.02954102	-9.81288242			
401	y	18	1914.09790039	-9.95199013			
401	y	19	2027.18200684	-9.86853123			
401	y	20	2190.24536133	-9.94709778			
401	y	21	2291.29296875	-9.96578407			
401	y	22	2438.32836914	-9.96578407			
401	y	23	2537.39672852	-9.96578407			
401	y	24	2650.48071289	-9.93394947			
401	y	25	2764.52368164	-9.96578407			
401	y	26	2877.60766602	-9.96578407			
402	b	1	72.04434967	-9.96578407			
402	b	2	219.11276245	-5.54035139			
402	b	3	318.18118286	-6.69500875			
402	b	4	389.21829224	-8.06756878			
402	b	5	502.30233765	-9.96578407			
402	b	6	559.32385254	-9.96578407			
402	b	7	674.35076904	-9.59914112			
402	b	8	837.41412354	-9.87118435			
402	b	9	952.44104004	-9.88070297			
402	b	10	1009.46252441	-9.96578407			
402	b	11	1146.52136230	-9.96555996			
402	b	12	1245.58972168	-9.96578407			
402	b	13	1302.61120605	-9.96578407			
402	b	14	1415.69531250	-9.96578407			
402	b	15	1472.71679688	-9.89673328			
402	b	16	1571.78515625	-9.96578407			
402	y	1	147.11276245	-5.50155306			
402	y	2	246.18116760	-8.59290314			
402	y	3	303.20260620	-6.73124361			
402	y	4	416.28665161	-9.16131306			
402	y	5	473.30810547	-6.55075598			
402	y	6	572.37652588	-7.53170204			
402	y	7	709.43542480	-7.88913012			
402	y	8	766.45690918	-6.38182545			
402	y	9	881.48382568	-6.00417566			
402	y	10	1044.54711914	-7.70164156			
402	y	11	1159.57409668	-8.57211018			
402	y	12	1216.59558105	-6.49704695			
402	y	13	1329.67968750	-8.61170101			
402	y	14	1400.71679688	-9.54885960			
402	y	15	1499.78515625	-9.96578407			
402	y	16	1646.85351562	-9.96578407			
403	b	1	130.04981995	-9.55155659			
403	b	2	258.14477539	-8.16796017			
403	b	3	371.22885132	-8.52546978			
403	b	4	531.25958252	-9.75260162			
403	b	5	694.32293701	-9.96578407			
403	b	6	793.39135742	-9.69096279			
403	b	7	864.42846680	-9.70226765			
403	b	8	977.51251221	-9.73492336			
403	b	9	1106.55505371	-9.76632118			
403	b	10	1253.62341309	-9.96578407			
403	b	11	1382.66601562	-9.96578407			
403	b	12	1510.72460938	-9.96578407			
403	b	13	1639.76721191	-9.91822624			
403	b	14	1770.80773926	-9.94051075			
403	b	15	1841.84484863	-9.96578407			
403	b	16	1987.89624023	-9.94604588			
403	b	17	2058.93359375	-9.96578407			
403	b	18	2129.97070312	-9.95797634			
403	b	19	2217.00268555	-9.90790558			
403	b	20	2304.03466797	-9.91804695			
403	b	21	2391.06665039	-9.93750286			
403	b	22	2478.09863281	-9.94603062			
403	b	23	2591.18261719	-9.93066788			
403	b	24	2720.22509766	-9.95822620			
403	y	1	147.11276245	-7.40936613			
403	y	2	276.15533447	-7.36772013			
403	y	3	389.23941040	-8.53069878			
403	y	4	476.27145386	-7.96277857			
403	y	5	563.30352783	-7.39875984			
403	y	6	650.33557129	-6.91454649			
403	y	7	737.36761475	-6.15879726			
403	y	8	808.40472412	-6.31058168			
403	y	9	879.44183350	-6.99545288			
403	y	10	1025.49328613	-6.70140696			
403	y	11	1096.53039551	-7.68157482			
403	y	12	1227.57092285	-8.76662731			
403	y	13	1356.61352539	-9.43990612			
403	y	14	1484.67211914	-9.72694016			
403	y	15	1613.71472168	-9.91523838			
403	y	16	1760.78320312	-9.72745132			
403	y	17	1889.82580566	-9.91801643			
403	y	18	2002.90991211	-9.93602753			
403	y	19	2073.94702148	-9.94342518			
403	y	20	2173.01538086	-9.96578407			
403	y	21	2336.07861328	-9.96578407			
403	y	22	2496.10937500	-9.96425819			
403	y	23	2609.19335938	-9.96132755			
403	y	24	2737.28833008	-9.95700455			
404	b	1	129.10218811	-7.57941532			
404	b	2	266.16110229	-6.94703245			
404	b	3	379.24514771	-7.33321762			
404	b	4	508.28775024	-7.91202354			
404	b	5	621.37182617	-7.73502588			
404	b	6	735.41473389	-7.27955532			
404	b	7	832.46746826	-9.96578407			
404	b	8	947.49438477	-9.09350777			
404	b	9	1084.55322266	-8.23754978			
404	b	10	1181.60595703	-9.89421368			
404	b	11	1294.69006348	-9.96578407			
404	b	12	1393.75842285	-9.84693527			
404	b	13	1522.80102539	-9.61720085			
404	b	14	1623.84875488	-9.96578407			
404	b	15	1736.93286133	-9.91869640			
404	y	1	175.11891174	-6.64868164			
404	y	2	288.20297241	-9.72975540			
404	y	3	389.25064087	-7.64805269			
404	y	4	518.29327393	-8.06935406			
404	y	5	617.36169434	-7.49025202			
404	y	6	730.44573975	-8.36604786			
404	y	7	827.49853516	-5.44461441			
404	y	8	964.55743408	-8.31207466			
404	y	9	1079.58435059	-8.89101982			
404	y	10	1176.63708496	-6.20535946			
404	y	11	1290.68005371	-7.51974297			
404	y	12	1403.76416016	-8.38342094			
404	y	13	1532.80676270	-8.20702839			
404	y	14	1645.89086914	-8.36495304			
404	y	15	1782.94982910	-9.85240650			
405	b	1	100.07564545	-9.96578407			
405	b	2	157.09710693	-7.51336432			
405	b	3	272.12405396	-7.87418175			
405	b	4	400.21902466	-6.31547356			
405	b	5	499.28744507	-5.53637934			
405	b	6	612.37152100	-6.43493176			
405	b	7	725.45556641	-6.78562737			
405	b	8	822.50836182	-9.96578407			
405	b	9	951.55096436	-9.21665192			
405	b	10	1114.61425781	-9.79267693			
405	b	11	1171.63574219	-9.96578407			
405	b	12	1228.65722656	-9.83919907			
405	b	13	1329.70495605	-9.96578407			
405	y	1	147.11276245	-6.82589054			
405	y	2	248.16044617	-8.82133198			
405	y	3	305.18188477	-8.70897102			
405	y	4	362.20333862	-6.80428791			
405	y	5	525.26666260	-6.73040485			
405	y	6	654.30926514	-9.18833447			
405	y	7	751.36206055	-3.58180141			
405	y	8	864.44610596	-5.62580919			
405	y	9	977.53015137	-4.85029793			
405	y	10	1076.59851074	-6.08702374			
405	y	11	1204.69348145	-9.61019611			
405	y	12	1319.72045898	-9.89402103			
405	y	13	1376.74194336	-9.67105865			
406	b	1	100.07564545	-9.91938400			
406	b	2	197.12841797	-7.51361322			
406	b	3	298.17608643	-8.96195412			
406	b	4	369.21319580	-9.02034950			
406	b	5	483.25613403	-7.50515556			
406	b	6	582.32458496	-8.26863384			
406	b	7	669.35662842	-8.27179623			
406	b	8	768.42504883	-8.97346210			
406	b	9	867.49346924	-9.68831730			
406	b	10	982.52038574	-9.65423298			
406	b	11	1095.60437012	-9.96578407			
406	b	12	1196.65209961	-9.89157391			
406	b	13	1359.71545410	-9.96578407			
406	b	14	1496.77441406	-9.91988850			
406	b	15	1609.85852051	-9.96578407			
406	b	16	1754.89599609	-9.96578407			
406	b	17	1882.99096680	-9.96578407			
406	b	18	1980.04370117	-9.96446419			
406	b	19	2051.08105469	-9.96578407			
406	b	20	2179.17602539	-9.96578407			
406	b	21	2342.23925781	-9.96578407			
406	b	22	2457.26611328	-9.95125484			
406	b	23	2572.29296875	-9.96578407			
406	b	24	2685.37695312	-9.96578407			
406	y	1	147.11276245	-7.93085909			
406	y	2	260.19680786	-6.01200056			
406	y	3	375.22375488	-7.88437366			
406	y	4	490.25070190	-8.20609760			
406	y	5	653.31408691	-7.65701103			
406	y	6	781.40905762	-8.82090855			
406	y	7	852.44616699	-8.90316963			
406	y	8	949.49890137	-5.98763847			
406	y	9	1077.59387207	-8.83375359			
406	y	10	1222.63134766	-8.78857517			
406	y	11	1335.71545410	-9.38021564			
406	y	12	1472.77441406	-9.65591908			
406	y	13	1635.83776855	-9.96578407			
406	y	14	1736.88549805	-9.86887741			
406	y	15	1849.96960449	-9.95285034			
406	y	16	1964.99658203	-9.94500160			
406	y	17	2064.06494141	-9.92495441			
406	y	18	2163.13330078	-9.94871235			
406	y	19	2250.16528320	-9.95336246			
406	y	20	2349.23364258	-9.93541431			
406	y	21	2463.27661133	-9.94588184			
406	y	22	2534.31372070	-9.96029663			
406	y	23	2635.36132812	-9.96040344			
406	y	24	2732.41406250	-9.96578407			
407	b	1	102.05490875	-8.11267471			
407	b	2	249.12332153	-5.56129456			
407	b	3	362.20736694	-7.35971165			
407	b	4	463.25503540	-8.06550407			
407	b	5	550.28710938	-9.62097836			
407	b	6	665.31402588	-8.85579205			
407	b	7	752.34606934	-8.52299976			
407	b	8	865.43011475	-8.26341057			
407	b	9	966.47778320	-8.57849693			
407	b	10	1023.49926758	-8.19780064			
407	b	11	1136.58325195	-7.51469374			
407	b	12	1233.63598633	-9.85706902			
407	b	13	1304.67309570	-9.66153526			
407	b	14	1541.72253418	-9.41425610			
407	b	15	1638.77526855	-9.94513130			
407	b	16	1695.79675293	-9.91686344			
407	b	17	1809.83972168	-9.94981861			
407	b	18	1938.88232422	-9.88376331			
407	b	19	2051.96655273	-9.78347492			
407	b	20	2149.01928711	-9.96578407			
407	b	21	2248.08764648	-9.88778877			
407	b	22	2377.13012695	-9.96131802			
407	b	23	2476.19848633	-9.95666695			
407	b	24	2575.26684570	-9.96578407			
407	b	25	2688.35083008	-9.96578407			
407	y	1	147.11276245	-6.63956022			
407	y	2	260.19680786	-7.13260937			
407	y	3	359.26522827	-7.83271980			
407	y	4	458.33364868	-8.15973568			
407	y	5	587.37628174	-8.31984997			
407	y	6	686.44470215	-9.70963383			
407	y	7	783.49743652	-4.66337156			
407	y	8	896.58148193	-7.52083826			
407	y	9	1025.62402344	-8.70782566			
407	y	10	1139.66699219	-9.16758156			
407	y	11	1196.68847656	-8.57143307			
407	y	12	1293.74121094	-5.61194420			
407	y	13	1530.79052734	-8.62256622			
407	y	14	1601.82763672	-9.70533180			
407	y	15	1698.88037109	-7.87653637			
407	y	16	1811.96447754	-9.84355927			
407	y	17	1868.98596191	-9.82439899			
407	y	18	1970.03369141	-9.93330669			
407	y	19	2083.11767578	-9.96578407			
407	y	20	2170.14965820	-9.96383667			
407	y	21	2285.17651367	-9.96557045			
407	y	22	2372.20849609	-9.96578407			
407	y	23	2473.25610352	-9.94530487			
407	y	24	2586.34008789	-9.96275234			
407	y	25	2733.40844727	-9.95838833			
408	b	1	100.07564545	-9.92660809			
408	b	2	157.09710693	-7.86436605			
408	b	3	284.19686890	-8.55298996			
408	b	4	371.22891235	-9.44369984			
408	b	5	485.27185059	-9.19997215			
408	b	6	648.33520508	-8.24397373			
408	b	7	719.37231445	-8.18173409			
408	b	8	790.40942383	-7.37586403			
408	b	9	861.44653320	-7.71107721			
408	b	10	1024.50976562	-8.61017799			
408	b	11	1184.54040527	-9.72895050			
408	b	12	1285.58813477	-9.96578407			
408	b	13	1342.60961914	-9.87459278			
408	b	14	1455.69372559	-9.96578407			
408	b	15	1568.77783203	-9.96578407			
408	b	16	1681.86193848	-9.93735123			
408	b	17	1752.89904785	-9.96352291			
408	y	1	175.11891174	-6.03957081			
408	y	2	246.15602112	-6.34952784			
408	y	3	359.24008179	-5.61129284			
408	y	4	472.32412720	-5.20310640			
408	y	5	585.40820312	-7.12842655			
408	y	6	642.42968750	-5.25742483			
408	y	7	743.47735596	-5.36093140			
408	y	8	903.50805664	-9.75110722			
408	y	9	1066.57141113	-9.74098110			
408	y	10	1137.60852051	-9.81960487			
408	y	11	1208.64562988	-9.66911983			
408	y	12	1279.68273926	-9.77848625			
408	y	13	1442.74609375	-9.80954933			
408	y	14	1556.78906250	-9.94118595			
408	y	15	1643.82104492	-9.92014790			
408	y	16	1770.92077637	-9.90284920			
408	y	17	1827.94226074	-9.86858845			
409	b	1	88.03926086	-9.96578407			
409	b	2	187.10766602	-6.41918421			
409	b	3	316.15023804	-8.12421513			
409	b	4	447.19070435	-9.83643055			
409	b	5	584.24963379	-9.10420227			
409	b	6	721.30853271	-9.13256454			
409	b	7	850.35113525	-8.55376339			
409	b	8	921.38824463	-7.75519276			
409	b	9	1034.47229004	-7.99075460			
409	b	10	1121.50427246	-9.49931335			
409	b	11	1484.62084961	-9.33635521			
409	b	12	1585.66857910	-9.55984879			
409	b	13	1698.75268555	-9.80037117			
409	b	14	1785.78466797	-9.94379234			
409	b	15	1842.80615234	-9.89237881			
409	b	16	1957.83312988	-9.92247200			
409	b	17	2071.87622070	-9.90044308			
409	b	18	2170.94458008	-9.96507645			
409	b	19	2227.96606445	-9.96578407			
409	b	20	2375.03442383	-9.96578407			
409	b	21	2489.07739258	-9.96578407			
409	b	22	2588.14575195	-9.95395756			
409	y	1	147.11276245	-6.98394871			
409	y	2	246.18116760	-7.85032415			
409	y	3	360.22409058	-8.02404022			
409	y	4	507.29251099	-8.27412796			
409	y	5	564.31402588	-5.30229902			
409	y	6	663.38244629	-7.90956497			
409	y	7	777.42535400	-7.66217279			
409	y	8	892.45227051	-8.28766632			
409	y	9	949.47375488	-7.14085102			
409	y	10	1036.50573730	-7.01993275			
409	y	11	1149.58984375	-9.20906544			
409	y	12	1250.63757324	-9.48870277			
409	y	13	1613.75415039	-9.86606121			
409	y	14	1700.78613281	-9.96578407			
409	y	15	1813.87023926	-9.96578407			
409	y	16	1884.90734863	-9.94695950			
409	y	17	2013.94995117	-9.96578407			
409	y	18	2151.00878906	-9.94316864			
409	y	19	2288.06762695	-9.95674324			
409	y	20	2419.10815430	-9.96340561			
409	y	21	2548.15063477	-9.96578407			
409	y	22	2647.21899414	-9.96402264			
410	b	1	130.04981995	-9.47611332			
410	b	2	258.14477539	-8.35152817			
410	b	3	329.18188477	-7.14947510			
410	b	4	426.23464966	-9.96578407			
410	b	5	513.26672363	-9.17331314			
410	b	6	626.35076904	-6.76749945			
410	b	7	739.43481445	-6.58654404			
410	b	8	886.50323486	-8.33346558			
410	b	9	1000.58251953	-9.57101917			
410	b	10	1115.60937500	-8.91247368			
410	b	11	1244.65197754	-8.68926430			
410	b	12	1357.73608398	-9.96578407			
410	b	13	1472.76306152	-9.96578407			
410	b	14	1543.80017090	-9.89509583			
410	b	15	1656.88427734	-9.96578407			
410	b	16	1713.90576172	-9.96578407			
410	b	17	1814.95349121	-9.95969868			
410	y	1	147.11276245	-7.45706177			
410	y	2	248.16044617	-8.51413155			
410	y	3	305.18188477	-5.61383152			
410	y	4	418.26596069	-6.83300352			
410	y	5	489.30307007	-5.46418715			
410	y	6	604.33001709	-5.16947460			
410	y	7	717.41406250	-6.35762835			
410	y	8	846.45666504	-6.50358963			
410	y	9	961.48358154	-5.78789473			
410	y	10	1075.56286621	-5.72116995			
410	y	11	1222.63134766	-7.44432878			
410	y	12	1335.71545410	-9.84587669			
410	y	13	1448.79956055	-9.96578407			
410	y	14	1535.83154297	-9.94710827			
410	y	15	1632.88427734	-9.90298462			
410	y	16	1703.92138672	-9.96486092			
410	y	17	1832.01635742	-9.96387291			
411	b	1	88.03926086	-9.96578407			
411	b	2	185.09202576	-5.44347715			
411	b	3	256.12915039	-6.48811531			
411	b	4	313.15060425	-5.90233946			
411	b	5	426.23464966	-6.82973242			
411	b	6	554.29327393	-7.83927631			
411	b	7	653.36169434	-8.22209740			
411	b	8	766.44573975	-9.69136810			
411	b	9	880.48864746	-9.79345798			
411	b	10	995.51556396	-9.86043644			
411	b	11	1158.57885742	-9.83528328			
411	b	12	1271.66296387	-9.91311932			
411	b	13	1342.70007324	-9.91270924			
411	b	14	1457.72705078	-9.96578407			
411	y	1	147.11276245	-6.53586149			
411	y	2	262.13967896	-6.97136259			
411	y	3	333.17678833	-6.62694502			
411	y	4	446.26083374	-7.32653189			
411	y	5	609.32421875	-8.14473820			
411	y	6	724.35113525	-7.55683994			
411	y	7	838.39404297	-6.20075321			
411	y	8	951.47808838	-5.32604504			
411	y	9	1050.54650879	-6.00044155			
411	y	10	1178.60510254	-6.02863216			
411	y	11	1291.68920898	-8.27465343			
411	y	12	1348.71069336	-7.01738453			
411	y	13	1419.74780273	-8.10484886			
411	y	14	1516.80053711	-9.93479919			
412	b	1	72.04434967	-9.96578407			
412	b	2	169.09710693	-5.64176035			
412	b	3	294.18118286	-8.47472000			
412	b	4	365.21829224	-7.88565779			
412	b	5	478.30233765	-7.88866329			
412	b	6	592.34527588	-8.61624718			
412	b	7	720.40386963	-8.05843830			
412	b	8	867.47229004	-9.31838226			
412	b	9	968.51995850	-9.89229870			
412	b	10	1096.57849121	-9.91081715			
412	b	11	1167.61560059	-9.91536617			
412	b	12	1280.69970703	-9.95490837			
412	b	13	1395.72668457	-9.96578407			
412	y	1	175.11891174	-5.14665556			
412	y	2	290.14584351	-8.00777149			
412	y	3	403.22988892	-7.10591745			
412	y	4	474.26699829	-6.11041069			
412	y	5	602.32562256	-6.03914976			
412	y	6	703.37329102	-5.16554642			
412	y	7	850.44171143	-6.50920296			
412	y	8	978.50030518	-9.20137882			
412	y	9	1092.54321289	-9.13405132			
412	y	10	1205.62731934	-9.72217846			
412	y	11	1276.66442871	-9.40222836			
412	y	12	1401.74853516	-9.59181881			
412	y	13	1498.80126953	-9.96578407			
413	b	1	114.09129333	-9.92020988			
413	b	2	227.17535400	-6.87649632			
413	b	3	387.20605469	-9.95202065			
413	b	4	547.23675537	-9.94270420			
413	b	5	662.26367188	-9.96578407			
413	b	6	775.34771729	-9.96578407			
413	b	7	888.43176270	-9.96578407			
413	b	8	1027.41674805	-9.96578407			
413	b	9	1126.48510742	-9.96578407			
413	b	10	1239.56921387	-9.96578407			
413	b	11	1354.59619141	-9.96578407			
413	b	12	1482.69116211	-9.96578407			
413	b	13	1596.73413086	-9.94720173			
413	b	14	1709.81823730	-9.96578407			
413	b	15	1822.90234375	-9.87590408			
413	b	16	1919.95507812	-9.89701557			
413	b	17	1990.99218750	-9.96578407			
413	b	18	2062.02954102	-9.96578407			
413	b	19	2176.07250977	-9.94782829			
413	b	20	2277.12011719	-9.96578407			
413	b	21	2334.14160156	-9.95078087			
413	b	22	2463.18408203	-9.95174122			
413	b	23	2550.21606445	-9.94324589			
413	y	1	147.11276245	-7.11914539			
413	y	2	234.14479065	-6.67439079			
413	y	3	363.18734741	-9.18803596			
413	y	4	420.20880127	-7.54385567			
413	y	5	521.25646973	-7.58992958			
413	y	6	635.29943848	-7.43067217			
413	y	7	706.33654785	-6.85693312			
413	y	8	777.37365723	-7.21610260			
413	y	9	874.42639160	-4.59377670			
413	y	10	987.51043701	-7.17865610			
413	y	11	1100.59448242	-8.87397003			
413	y	12	1214.63745117	-8.57851887			
413	y	13	1342.73242188	-9.87680531			
413	y	14	1457.75939941	-9.53910351			
413	y	15	1570.84350586	-9.96578407			
413	y	16	1669.91186523	-9.96578407			
413	y	17	1808.89697266	-9.96578407			
413	y	18	1921.98107910	-9.93818760			
413	y	19	2035.06518555	-9.96578407			
413	y	20	2150.09204102	-9.95415401			
413	y	21	2310.12280273	-9.94071198			
413	y	22	2470.15356445	-9.96062183			
413	y	23	2583.23754883	-9.96415043			
414	b	1	114.09129333	-9.92583561			
414	b	2	227.17535400	-4.81507635			
414	b	3	340.25942993	-8.76826477			
414	b	4	469.30203247	-8.75670338			
414	b	5	568.37048340	-9.90492439			
414	b	6	697.41302490	-9.81514454			
414	b	7	834.47192383	-9.96578407			
414	b	8	905.50903320	-9.68044853			
414	b	9	992.54107666	-9.94998360			
414	y	1	147.11276245	-6.43572426			
414	y	2	234.14479065	-7.11192083			
414	y	3	305.18188477	-7.66089249			
414	y	4	442.24081421	-6.12104750			
414	y	5	571.28344727	-6.69348955			
414	y	6	670.35186768	-5.35604143			
414	y	7	799.39447021	-5.26435328			
414	y	8	912.47851562	-4.81969357			
414	y	9	1025.56250000	-8.80442142			
415	b	1	100.07564545	-9.91397190			
415	b	2	197.12841797	-5.99701691			
415	b	3	284.16043091	-6.55848169			
415	b	4	397.24447632	-8.12098408			
415	b	5	496.31289673	-9.65719509			
415	b	6	553.33441162	-9.86042213			
415	b	7	640.36645508	-9.96578407			
415	b	8	787.43487549	-9.92856598			
415	b	9	900.51892090	-9.94876003			
415	y	1	175.11891174	-6.09102392			
415	y	2	288.20297241	-9.48649693			
415	y	3	435.27139282	-8.83351612			
415	y	4	522.30346680	-7.68299341			
415	y	5	579.32495117	-4.02306271			
415	y	6	678.39337158	-4.25263023			
415	y	7	791.47741699	-4.88727093			
415	y	8	878.50946045	-3.35073543			
415	y	9	975.56225586	-5.90638971			
416	b	1	72.04434967	-9.87098408			
416	b	2	173.09202576	-4.60444260			
416	b	3	244.12915039	-6.14450788			
416	b	4	315.16625977	-8.10456181			
416	b	5	402.19827271	-9.64800167			
416	b	6	489.23031616	-9.96578407			
416	b	7	576.26239014	-9.91598892			
416	b	8	663.29443359	-9.96578407			
416	b	9	776.37847900	-9.80498695			
416	b	10	905.42108154	-9.84493160			
416	y	1	147.11276245	-6.17864847			
416	y	2	276.15533447	-7.30412626			
416	y	3	389.23941040	-7.64160824			
416	y	4	476.27145386	-6.90712786			
416	y	5	563.30352783	-6.28461313			
416	y	6	650.33557129	-5.66880846			
416	y	7	737.36761475	-4.30951405			
416	y	8	808.40472412	-4.38532257			
416	y	9	879.44183350	-4.40471029			
416	y	10	980.48950195	-9.19109154			
417	b	1	129.10218811	-3.36427999			
417	b	2	200.13931274	-7.86463308			
417	b	3	315.16625977	-7.56740808			
417	b	4	428.25033569	-8.78044510			
417	b	5	543.27728271	-5.90651083			
417	b	6	656.36132812	-7.34472799			
417	b	7	757.40899658	-7.77970886			
417	y	1	147.11276245	-4.73982954			
417	y	2	248.16044617	-5.22902632			
417	y	3	361.24447632	-6.30259037			
417	y	4	476.27142334	-7.29784346			
417	y	5	589.35552979	-6.63815451			
417	y	6	704.38244629	-5.85781574			
417	y	7	775.41955566	-4.47071791			
418	b	1	102.05490875	-9.11039066			
418	b	2	215.13897705	-5.77682543			
418	b	3	302.17098999	-8.77428818			
418	b	4	416.21392822	-9.27242851			
418	b	5	579.27728271	-9.19969273			
418	b	6	693.32019043	-9.56940842			
418	b	7	806.40423584	-9.27455711			
418	b	8	934.46282959	-9.68700504			
418	b	9	1062.55773926	-9.72163582			
418	b	10	1191.60034180	-9.96578407			
418	b	11	1278.63232422	-9.96578407			
418	b	12	1379.68005371	-9.87067318			
418	b	13	1492.76416016	-9.85568619			
418	b	14	1629.82312012	-9.96578407			
418	b	15	1742.90722656	-9.96578407			
418	b	16	1841.97558594	-9.96578407			
418	b	17	1955.05969238	-9.96578407			
418	y	1	175.11891174	-6.42027664			
418	y	2	288.20297241	-7.64551353			
418	y	3	387.27139282	-7.01162529			
418	y	4	500.35543823	-6.50332308			
418	y	5	637.41436768	-5.79443121			
418	y	6	750.49841309	-7.16739273			
418	y	7	851.54608154	-7.38282251			
418	y	8	938.57812500	-5.53003025			
418	y	9	1067.62072754	-5.40314436			
418	y	10	1195.71569824	-6.84106874			
418	y	11	1323.77429199	-7.51388502			
418	y	12	1436.85839844	-9.24357986			
418	y	13	1550.90136719	-9.92646408			
418	y	14	1713.96472168	-9.94355297			
418	y	15	1828.00769043	-9.96578407			
418	y	16	1915.03967285	-9.95950890			
418	y	17	2028.12377930	-9.96559620			
419	b	1	102.05490875	-7.26066065			
419	b	2	215.13897705	-5.31833458			
419	b	3	316.18664551	-7.38932896			
419	b	4	429.27072144	-9.16236973			
419	b	5	558.31335449	-7.92690754			
419	b	6	657.38177490	-8.83240604			
419	b	7	786.42437744	-9.38504791			
419	b	8	887.47204590	-9.86906719			
419	b	9	974.50408936	-9.96578407			
419	b	10	1089.53100586	-9.93826866			
419	b	11	1190.57873535	-9.83359146			
419	b	12	1303.66284180	-9.90852547			
419	b	13	1432.70544434	-9.92720795			
419	b	14	1546.74841309	-9.96578407			
419	b	15	1645.81677246	-9.96095848			
419	y	1	147.11276245	-6.46944189			
419	y	2	246.18116760	-8.52604198			
419	y	3	360.22409058	-7.05464315			
419	y	4	489.26669312	-6.01370239			
419	y	5	602.35076904	-7.66091251			
419	y	6	703.39843750	-6.97849798			
419	y	7	818.42535400	-7.54801035			
419	y	8	905.45739746	-6.60828590			
419	y	9	1006.50506592	-6.98106575			
419	y	10	1135.54760742	-7.62739801			
419	y	11	1234.61596680	-8.44414902			
419	y	12	1363.65856934	-9.34577179			
419	y	13	1476.74267578	-9.96578407			
419	y	14	1577.79040527	-9.88765430			
419	y	15	1690.87451172	-9.96578407			
420	b	1	88.03926086	-9.51494122			
420	b	2	145.06072998	-7.44903517			
420	b	3	258.14480591	-5.66545534			
420	b	4	359.19247437	-6.91059875			
420	b	5	458.26089478	-9.59564304			
420	b	6	587.30352783	-9.52066708			
420	b	7	686.37194824	-9.64588451			
420	b	8	801.39886475	-9.82190800			
420	b	9	872.43597412	-9.77488995			
420	b	10	969.48870850	-9.95964050			
420	y	1	147.11276245	-6.27962351			
420	y	2	244.16552734	-4.71090174			
420	y	3	315.20263672	-5.97895384			
420	y	4	430.22958374	-6.76494408			
420	y	5	529.29803467	-6.59594679			
420	y	6	658.34063721	-5.17766905			
420	y	7	757.40905762	-5.59710503			
420	y	8	858.45672607	-4.99418640			
420	y	9	971.54077148	-9.30103493			
420	y	10	1028.56225586	-9.64328194			
421	b	1	114.09129333	-9.88012600			
421	b	2	213.15969849	-6.53804827			
421	b	3	341.21829224	-8.09395885			
421	b	4	456.24523926	-6.85598564			
421	b	5	555.31365967	-7.56620216			
421	b	6	626.35076904	-8.21053696			
421	b	7	740.39367676	-9.16045094			
421	b	8	854.43658447	-8.85638046			
421	b	9	955.48425293	-9.15357399			
421	b	10	1069.52709961	-9.50086021			
421	b	11	1198.56970215	-9.37309456			
421	b	12	1327.61230469	-9.69191933			
421	b	13	1428.66003418	-9.71727085			
421	b	14	1485.68151855	-9.78738785			
421	b	15	1600.70849609	-9.78077126			
421	b	16	1657.72998047	-9.38057137			
421	b	17	1754.78271484	-9.96578407			
421	b	18	1855.83044434	-9.96578407			
421	b	19	1956.87817383	-9.91940117			
421	b	20	2027.91528320	-9.93180180			
421	b	21	2128.96313477	-9.96578407			
421	b	22	2228.03149414	-9.95818520			
421	b	23	2341.11547852	-9.96161175			
421	b	24	2412.15258789	-9.96578407			
421	y	1	175.11891174	-6.43262196			
421	y	2	246.15602112	-6.87752628			
421	y	3	359.24008179	-6.49798250			
421	y	4	458.30850220	-7.62001753			
421	y	5	559.35620117	-6.37688398			
421	y	6	630.39331055	-6.77752495			
421	y	7	731.44097900	-6.88218307			
421	y	8	832.48864746	-6.96672821			
421	y	9	929.54138184	-5.98778868			
421	y	10	986.56286621	-6.13551855			
421	y	11	1101.58984375	-8.41900063			
421	y	12	1158.61132812	-6.97034168			
421	y	13	1259.65905762	-8.25195026			
421	y	14	1388.70166016	-9.29742813			
421	y	15	1517.74426270	-9.93224716			
421	y	16	1631.78723145	-9.91219616			
421	y	17	1732.83496094	-9.88169861			
421	y	18	1846.87792969	-9.96146011			
421	y	19	1960.92089844	-9.96578407			
421	y	20	2031.95800781	-9.95446968			
421	y	21	2131.02636719	-9.96578407			
421	y	22	2246.05322266	-9.94721794			
421	y	23	2374.11181641	-9.94225979			
421	y	24	2473.18017578	-9.95635891			
422	b	1	58.02870178	-9.94045162			
422	b	2	157.09710693	-7.02036667			
422	b	3	228.13421631	-7.46249294			
422	b	4	359.17471313	-9.50605011			
422	b	5	473.21765137	-9.53576469			
422	b	6	586.30175781	-8.73776054			
422	b	7	685.37017822	-9.78337193			
422	b	8	814.41278076	-9.96578407			
422	b	9	951.47167969	-9.50892544			
422	b	10	1048.52441406	-9.96578407			
422	b	11	1195.59289551	-9.96578407			
422	b	12	1252.61437988	-9.96578407			
422	b	13	1309.63586426	-9.96578407			
422	b	14	1366.65734863	-9.88694000			
422	b	15	1480.70031738	-9.90593433			
422	b	16	1617.75927734	-9.96578407			
422	b	17	1745.81787109	-9.96578407			
422	b	18	1882.87683105	-9.94402313			
422	b	19	1995.96093750	-9.96578407			
422	b	20	2052.98242188	-9.94385242			
422	b	21	2181.07739258	-9.96578407			
422	b	22	2278.13012695	-9.96578407			
422	b	23	2365.16210938	-9.96578407			
422	b	24	2466.20971680	-9.96578407			
422	b	25	2579.29370117	-9.96578407			
422	y	1	175.11891174	-7.72469568			
422	y	2	288.20297241	-9.23753548			
422	y	3	389.25064087	-9.45005131			
422	y	4	476.28268433	-8.87506104			
422	y	5	573.33544922	-5.18764496			
422	y	6	701.43041992	-8.65962982			
422	y	7	758.45190430	-6.04657125			
422	y	8	871.53594971	-7.87478685			
422	y	9	1008.59484863	-8.45289421			
422	y	10	1136.65344238	-9.53161335			
422	y	11	1273.71240234	-9.90788460			
422	y	12	1387.75537109	-9.91322803			
422	y	13	1444.77685547	-9.96578407			
422	y	14	1501.79833984	-9.96578407			
422	y	15	1558.81982422	-9.96578407			
422	y	16	1705.88818359	-9.96578407			
422	y	17	1802.94091797	-9.80013466			
422	y	18	1939.99987793	-9.86183167			
422	y	19	2069.04248047	-9.96578407			
422	y	20	2168.11083984	-9.91468143			
422	y	21	2281.19482422	-9.95818710			
422	y	22	2395.23779297	-9.96578407			
422	y	23	2526.27832031	-9.96578407			
422	y	24	2597.31542969	-9.96399975			
422	y	25	2696.38378906	-9.96554852			
423	b	1	102.05490875	-8.48594761			
423	b	2	189.08694458	-6.07150269			
423	b	3	286.13970947	-9.23033905			
423	b	4	433.20812988	-9.79171848			
423	b	5	490.22958374	-9.96578407			
423	b	6	547.25109863	-9.96578407			
423	b	7	618.28820801	-9.93339443			
423	b	8	705.32025146	-9.78928185			
423	b	9	842.37915039	-9.74530411			
423	b	10	913.41625977	-9.82291412			
423	y	1	147.11276245	-6.09803057			
423	y	2	218.14988708	-7.01288748			
423	y	3	355.20877075	-7.23391294			
423	y	4	442.24081421	-7.48761225			
423	y	5	513.27795410	-8.55666542			
423	y	6	570.29943848	-6.78290844			
423	y	7	627.32092285	-4.69939470			
423	y	8	774.38934326	-5.17781448			
423	y	9	871.44213867	-5.18979979			
423	y	10	958.47418213	-9.07278633			
424	b	1	102.05490875	-9.12846184			
424	b	2	231.09750366	-5.08105564			
424	b	3	378.16592407	-6.98413658			
424	b	4	475.21868896	-9.40061760			
424	b	5	562.25073242	-9.58600140			
424	b	6	709.31915283	-8.95203686			
424	b	7	840.35961914	-8.92521381			
424	b	8	954.40252686	-9.62444401			
424	b	9	1082.49743652	-9.60615158			
424	b	10	1211.54003906	-9.13220215			
424	b	11	1324.62414551	-8.97558403			
424	b	12	1395.66125488	-9.14260101			
424	b	13	1466.69836426	-9.14114380			
424	b	14	1613.76672363	-9.51314735			
424	b	15	1714.81445312	-9.96578407			
424	y	1	147.11276245	-6.47516060			
424	y	2	248.16044617	-6.43721294			
424	y	3	395.22885132	-6.61305094			
424	y	4	466.26596069	-6.82992935			
424	y	5	537.30310059	-6.79664373			
424	y	6	650.38714600	-7.32884550			
424	y	7	779.42974854	-7.19328213			
424	y	8	907.52471924	-7.98884392			
424	y	9	1021.56762695	-6.04659081			
424	y	10	1152.60815430	-6.30449724			
424	y	11	1299.67651367	-7.88867044			
424	y	12	1386.70849609	-7.95545483			
424	y	13	1483.76123047	-6.99965286			
424	y	14	1630.82958984	-9.77089214			
424	y	15	1759.87219238	-9.94406319			
425	b	1	58.02870178	-9.96578407			
425	b	2	205.09712219	-5.18223333			
425	b	3	276.13424683	-5.82139444			
425	b	4	423.20266724	-7.97244740			
425	b	5	522.27111816	-9.56186771			
425	b	6	623.31878662	-9.96578407			
425	b	7	770.38720703	-9.96578407			
425	b	8	885.41412354	-9.96578407			
425	b	9	1000.44104004	-9.69684887			
425	b	10	1137.49987793	-9.96578407			
425	b	11	1252.52685547	-9.83294868			
425	b	12	1339.55883789	-9.96578407			
425	b	13	1438.62719727	-9.96578407			
425	b	14	1553.65417480	-9.79284763			
425	b	15	1681.74914551	-9.96578407			
425	b	16	1794.83325195	-9.96578407			
425	b	17	1893.90161133	-9.96578407			
425	b	18	2006.98571777	-9.95046234			
425	b	19	2135.04443359	-9.95411396			
425	y	1	147.11276245	-7.76110172			
425	y	2	275.17132568	-6.76716375			
425	y	3	388.25540161	-7.08629751			
425	y	4	487.32382202	-7.58343410			
425	y	5	600.40789795	-8.08425903			
425	y	6	728.50286865	-8.21837425			
425	y	7	843.52978516	-7.34284353			
425	y	8	942.59820557	-9.56196880			
425	y	9	1029.63024902	-8.10254097			
425	y	10	1144.65722656	-8.31180763			
425	y	11	1281.71618652	-8.92926025			
425	y	12	1396.74316406	-9.12767220			
425	y	13	1511.77014160	-9.37349987			
425	y	14	1658.83862305	-9.90607262			
425	y	15	1759.88635254	-9.69713211			
425	y	16	1858.95471191	-9.95637608			
425	y	17	2006.02319336	-9.95452404			
425	y	18	2077.06030273	-9.95225906			
425	y	19	2224.12866211	-9.96303082			
426	b	1	129.06581116	-7.07656574			
426	b	2	242.14987183	-7.14256144			
426	b	3	355.23391724	-8.41598320			
426	b	4	454.30233765	-9.78289795			
426	b	5	511.32379150	-9.75996876			
426	b	6	610.39221191	-9.70468140			
426	b	7	724.43511963	-9.82048702			
426	y	1	147.11276245	-5.56379128			
426	y	2	261.15567017	-4.69575930			
426	y	3	360.22409058	-7.61493874			
426	y	4	417.24554443	-4.60189581			
426	y	5	516.31396484	-4.83568764			
426	y	6	629.39807129	-4.97630358			
426	y	7	742.48211670	-8.58339405			
427	b	1	58.02870178	-9.86453152			
427	b	2	171.11276245	-5.46031857			
427	b	3	242.14987183	-7.70525074			
427	b	4	299.17132568	-8.80624008			
427	b	5	356.19277954	-8.80124283			
427	b	6	503.22817993	-9.24658108			
427	b	7	574.26531982	-9.96578407			
427	b	8	730.36639404	-8.91723156			
427	b	9	787.38787842	-8.62349701			
427	b	10	900.47192383	-7.66158199			
427	b	11	971.50903320	-7.44724369			
427	b	12	1028.53039551	-7.39809942			
427	b	13	1159.57092285	-9.23066330			
427	b	14	1216.59240723	-9.77659607			
427	b	15	1273.61389160	-9.08553696			
427	b	16	1386.69799805	-9.81622124			
427	b	17	1514.75659180	-9.87271690			
427	b	18	1628.79956055	-9.96578407			
427	b	19	1757.84216309	-9.96578407			
427	y	1	147.11276245	-7.11849833			
427	y	2	276.15533447	-8.27829361			
427	y	3	390.19827271	-6.98985243			
427	y	4	518.25689697	-7.40301323			
427	y	5	631.34094238	-8.79560947			
427	y	6	688.36242676	-8.08970165			
427	y	7	745.38391113	-6.42695236			
427	y	8	876.42437744	-7.78163719			
427	y	9	933.44586182	-5.71666241			
427	y	10	1004.48297119	-8.26393509			
427	y	11	1117.56701660	-9.96578407			
427	y	12	1174.58850098	-9.52059650			
427	y	13	1330.68957520	-9.95143700			
427	y	14	1401.72668457	-9.71154308			
427	y	15	1548.76208496	-9.94301701			
427	y	16	1605.78356934	-9.96578407			
427	y	17	1662.80505371	-9.96416759			
427	y	18	1733.84216309	-9.96578407			
427	y	19	1846.92626953	-9.96578407			
428	b	1	88.03926086	-9.96578407			
428	b	2	187.10766602	-5.47324944			
428	b	3	334.14303589	-6.52946568			
428	b	4	447.22708130	-8.08240509			
428	b	5	518.26422119	-7.61605215			
428	b	6	617.33264160	-9.11151028			
428	b	7	732.35955811	-9.46556664			
428	b	8	803.39666748	-9.29388046			
428	b	9	902.46508789	-9.91810608			
428	b	10	1015.54913330	-9.96578407			
428	b	11	1086.58618164	-9.96578407			
428	b	12	1215.62878418	-9.96578407			
428	b	13	1328.71289062	-9.96578407			
428	b	14	1456.80786133	-9.96578407			
428	y	1	147.11276245	-6.08565331			
428	y	2	275.20770264	-6.65987062			
428	y	3	388.29177856	-7.54155397			
428	y	4	517.33441162	-7.47334385			
428	y	5	588.37152100	-5.52965403			
428	y	6	701.45556641	-5.40030241			
428	y	7	800.52398682	-6.59167290			
428	y	8	871.56109619	-7.13801956			
428	y	9	986.58801270	-6.09214115			
428	y	10	1085.65637207	-7.36594343			
428	y	11	1156.69348145	-7.47632170			
428	y	12	1269.77758789	-9.73784542			
428	y	13	1416.81298828	-9.89474201			
428	y	14	1515.88134766	-9.94163609			
429	b	1	130.04986572	-9.93160725			
429	b	2	243.13392639	-5.40250206			
429	b	3	371.19250488	-7.13586712			
429	b	4	485.23544312	-6.70283651			
429	b	5	598.31951904	-7.14538097			
429	b	6	711.40356445	-9.05502129			
429	b	7	808.45635986	-9.96578407			
429	b	8	879.49346924	-9.96578407			
429	b	9	966.52551270	-9.96578407			
429	b	10	1067.57312012	-9.91873932			
429	b	11	1124.59460449	-9.96578407			
429	b	12	1195.63171387	-9.87856674			
429	b	13	1266.66882324	-9.95494747			
429	y	1	147.11276245	-6.99672604			
429	y	2	218.14988708	-8.21343803			
429	y	3	289.18698120	-9.59429455			
429	y	4	346.20843506	-7.81303310			
429	y	5	447.25610352	-8.41174603			
429	y	6	534.28814697	-7.41211605			
429	y	7	605.32525635	-9.11555004			
429	y	8	702.37805176	-2.68938947			
429	y	9	815.46209717	-4.40272427			
429	y	10	928.54614258	-6.76849508			
429	y	11	1042.58898926	-6.06766796			
429	y	12	1170.64758301	-8.73011875			
429	y	13	1283.73168945	-9.96578407			
430	b	1	114.09129333	-9.92894936			
430	b	2	215.13897705	-6.60344934			
430	b	3	272.16043091	-8.49111748			
430	b	4	403.20089722	-9.31740093			
430	b	5	474.23800659	-9.37415504			
430	b	6	621.30645752	-9.68876266			
430	b	7	777.40753174	-8.75300503			
430	b	8	876.47595215	-7.37697649			
430	b	9	973.52874756	-9.90390968			
430	b	10	1074.57641602	-8.64048195			
430	b	11	1145.61352539	-8.26256943			
430	b	12	1259.65649414	-8.47831726			
430	b	13	1406.69189453	-9.69341087			
430	b	14	1493.72387695	-9.63172054			
430	b	15	1592.79223633	-9.92940998			
430	b	16	1691.86059570	-9.93269444			
430	b	17	1806.88757324	-9.95325756			
430	b	18	1919.97167969	-9.96246719			
430	b	19	2021.01940918	-9.96578407			
430	b	20	2181.05029297	-9.96578407			
430	y	1	175.11891174	-7.19140053			
430	y	2	335.14959717	-9.76075840			
430	y	3	436.19726562	-9.96578407			
430	y	4	549.28137207	-9.59706688			
430	y	5	664.30828857	-9.96578407			
430	y	6	763.37670898	-9.94628143			
430	y	7	862.44512939	-9.50197315			
430	y	8	949.47717285	-8.88782597			
430	y	9	1096.51257324	-9.66491413			
430	y	10	1210.55554199	-9.36513329			
430	y	11	1281.59265137	-9.93522739			
430	y	12	1382.64038086	-9.90522480			
430	y	13	1479.69311523	-9.96578407			
430	y	14	1578.76147461	-9.96578407			
430	y	15	1734.86254883	-9.96578407			
430	y	16	1881.93090820	-9.96578407			
430	y	17	1952.96801758	-9.94646168			
430	y	18	2084.00854492	-9.96578407			
430	y	19	2141.03002930	-9.96578407			
430	y	20	2242.07763672	-9.96380520			
431	b	1	138.06614685	-9.04584217			
431	b	2	239.11383057	-6.49022722			
431	b	3	296.13528442	-8.67352295			
431	b	4	393.18804932	-9.96578407			
431	b	5	450.20950317	-9.31253338			
431	b	6	563.29357910	-7.70450974			
431	b	7	676.37762451	-7.96433783			
431	b	8	763.40966797	-8.46548176			
431	b	9	876.49371338	-8.23839092			
431	b	10	947.53082275	-8.62668705			
431	b	11	1061.57373047	-8.75881672			
431	b	12	1132.61083984	-9.01460075			
431	b	13	1288.71191406	-8.34111118			
431	b	14	1385.76464844	-9.96578407			
431	b	15	1499.80761719	-9.96578407			
431	b	16	1586.83959961	-9.90555668			
431	b	17	1700.88256836	-9.91458416			
431	b	18	1757.90405273	-9.95666218			
431	b	19	1844.93603516	-9.96578407			
431	b	20	1972.99462891	-9.86205578			
431	b	21	2120.06323242	-9.96578407			
431	b	22	2267.13159180	-9.96578407			
431	b	23	2380.21557617	-9.96232986			
431	b	24	2540.24633789	-9.95011711			
431	b	25	2641.29394531	-9.95678425			
431	b	26	2712.33105469	-9.95748138			
431	y	1	147.11276245	-7.23037291			
431	y	2	218.14988708	-8.39605713			
431	y	3	319.19754028	-7.75561857			
431	y	4	479.22824097	-9.93200016			
431	y	5	592.31231689	-9.41320896			
431	y	6	739.38073730	-9.96578407			
431	y	7	886.44915771	-9.61716461			
431	y	8	1014.50775146	-9.87161827			
431	y	9	1101.53979492	-9.96578407			
431	y	10	1158.56127930	-8.49170113			
431	y	11	1272.60424805	-9.96578407			
431	y	12	1359.63623047	-9.96578407			
431	y	13	1473.67919922	-9.93870068			
431	y	14	1570.73193359	-9.71846771			
431	y	15	1726.83300781	-9.82405758			
431	y	16	1797.87011719	-9.96578407			
431	y	17	1911.91308594	-9.96578407			
431	y	18	1982.95019531	-9.96578407			
431	y	19	2096.03417969	-9.96578407			
431	y	20	2183.06616211	-9.96578407			
431	y	21	2296.15014648	-9.94316578			
431	y	22	2409.23413086	-9.96578407			
431	y	23	2466.25561523	-9.96578407			
431	y	24	2563.30834961	-9.95021534			
431	y	25	2620.32983398	-9.96578407			
431	y	26	2721.37744141	-9.95347118			
432	b	1	130.04981995	-9.23308372			
432	b	2	290.08053589	-9.78243065			
432	b	3	403.16458130	-9.73231030			
432	b	4	500.21734619	-9.96578407			
432	b	5	613.30145264	-9.94617367			
432	b	6	726.38549805	-9.94018269			
432	b	7	839.46954346	-9.96578407			
432	b	8	986.53796387	-9.92216778			
432	b	9	1099.62194824	-9.96233559			
432	y	1	175.11891174	-5.72785139			
432	y	2	288.20297241	-7.71877623			
432	y	3	435.27139282	-6.77010775			
432	y	4	548.35546875	-5.59633207			
432	y	5	661.43951416	-5.44602060			
432	y	6	774.52355957	-6.25938177			
432	y	7	871.57629395	-3.05406141			
432	y	8	984.66033936	-5.99347496			
432	y	9	1144.69104004	-9.81704140			
433	b	1	114.09129333	-9.96578407			
433	b	2	270.19241333	-9.08171177			
433	b	3	399.23501587	-8.78999519			
433	b	4	559.26574707	-9.53923130			
433	b	5	672.34979248	-9.15376854			
433	b	6	769.40252686	-9.36000729			
433	b	7	882.48657227	-8.38505268			
433	b	8	995.57061768	-8.53222942			
433	b	9	1108.65466309	-9.86112881			
433	b	10	1255.72302246	-9.85867023			
433	b	11	1368.80712891	-9.96578407			
433	y	1	175.11891174	-5.59512758			
433	y	2	288.20297241	-7.04093456			
433	y	3	435.27139282	-5.24090481			
433	y	4	548.35546875	-4.77581501			
433	y	5	661.43951416	-4.60603046			
433	y	6	774.52355957	-6.32479525			
433	y	7	871.57629395	-5.92538261			
433	y	8	984.66033936	-9.96578407			
433	y	9	1144.69104004	-9.96578407			
433	y	10	1273.73364258	-9.96578407			
433	y	11	1429.83471680	-9.96578407			
434	b	1	102.05490875	-9.06921864			
434	b	2	265.11822510	-6.91059399			
434	b	3	425.14892578	-9.63081455			
434	b	4	496.18603516	-9.96578407			
434	b	5	625.22863770	-9.33224297			
434	b	6	738.31268311	-9.60767078			
434	b	7	809.34979248	-9.86348248			
434	b	8	946.40869141	-9.64589882			
434	b	9	1060.45153809	-9.84740448			
434	b	10	1159.51989746	-9.87214184			
434	b	11	1246.55187988	-9.89029217			
434	b	12	1333.58386230	-9.91104507			
434	y	1	147.11276245	-6.04834890			
434	y	2	234.14479065	-7.32030535			
434	y	3	321.17678833	-6.66749668			
434	y	4	420.24520874	-8.94164753			
434	y	5	534.28814697	-6.91571140			
434	y	6	671.34704590	-5.95625687			
434	y	7	742.38415527	-5.53599644			
434	y	8	855.46820068	-5.98962212			
434	y	9	984.51080322	-6.54676008			
434	y	10	1055.54797363	-6.39684868			
434	y	11	1215.57861328	-9.88826847			
434	y	12	1378.64196777	-9.96578407			
435	b	1	102.05490875	-8.75093174			
435	b	2	249.12332153	-6.15736294			
435	b	3	363.16625977	-7.93707609			
435	b	4	491.22482300	-7.76720428			
435	b	5	590.29327393	-8.56056213			
435	b	6	719.33587646	-8.88716125			
435	b	7	818.40429688	-9.33494186			
435	b	8	946.49926758	-9.52379704			
435	b	9	1043.55200195	-9.81311512			
435	b	10	1172.59460449	-9.52336025			
435	b	11	1319.63000488	-9.66034794			
435	b	12	1432.71411133	-9.96578407			
435	b	13	1489.73559570	-9.96578407			
435	b	14	1626.79455566	-9.93065453			
435	b	15	1789.85791016	-9.96578407			
435	b	16	1902.94201660	-9.96578407			
435	b	17	1959.96350098	-9.96578407			
435	b	18	2089.00610352	-9.96578407			
435	b	19	2236.07446289	-9.96578407			
435	b	20	2323.10644531	-9.92120838			
435	b	21	2436.19042969	-9.96578407			
435	b	22	2537.23803711	-9.96578407			
435	b	23	2700.30126953	-9.96578407			
435	b	24	2828.39624023	-9.96578407			
435	b	25	2925.44897461	-9.96578407			
435	b	26	3024.51733398	-9.96373749			
435	y	1	147.11276245	-6.81033897			
435	y	2	246.18116760	-8.81997108			
435	y	3	343.23391724	-5.43026829			
435	y	4	471.32888794	-7.92222595			
435	y	5	634.39221191	-7.52004194			
435	y	6	735.43988037	-6.54540110			
435	y	7	848.52392578	-8.30997658			
435	y	8	935.55596924	-7.72258711			
435	y	9	1082.62438965	-7.95687914			
435	y	10	1211.66699219	-9.41029835			
435	y	11	1268.68847656	-7.66086149			
435	y	12	1381.77258301	-8.85267353			
435	y	13	1544.83593750	-9.63562679			
435	y	14	1681.89489746	-9.96578407			
435	y	15	1738.91638184	-9.96109676			
435	y	16	1852.00048828	-9.96578407			
435	y	17	1999.03588867	-9.96578407			
435	y	18	2128.07836914	-9.94348621			
435	y	19	2225.13110352	-9.86408806			
435	y	20	2353.22607422	-9.90320206			
435	y	21	2452.29443359	-9.96578407			
435	y	22	2581.33691406	-9.94862080			
435	y	23	2680.40527344	-9.96578407			
435	y	24	2808.46386719	-9.96578407			
435	y	25	2922.50683594	-9.94572258			
435	y	26	3069.57519531	-9.96119499			
436	b	1	130.04986572	-9.91211605			
436	b	2	259.09243774	-4.48510695			
436	b	3	330.12954712	-6.67609310			
436	b	4	459.17214966	-8.00777817			
436	b	5	546.20422363	-8.90470028			
436	b	6	677.24468994	-8.97266006			
436	b	7	840.30804443	-8.90960979			
436	b	8	968.36663818	-8.98399734			
436	b	9	1081.45068359	-9.15337944			
436	b	10	1209.54565430	-9.36612511			
436	b	11	1372.60900879	-9.86607170			
436	b	12	1501.65161133	-9.85632610			
436	b	13	1630.69421387	-9.56969547			
436	b	14	1743.77832031	-9.83835316			
436	b	15	1871.83691406	-9.96578407			
436	b	16	2018.87231445	-9.96578407			
436	b	17	2131.95654297	-9.92445469			
436	b	18	2202.99365234	-9.96578407			
436	b	19	2260.01513672	-9.96578407			
436	y	1	147.11276245	-8.92480087			
436	y	2	204.13423157	-5.66998816			
436	y	3	275.17132568	-5.74881077			
436	y	4	388.25540161	-7.66094494			
436	y	5	535.29083252	-6.54505396			
436	y	6	663.34942627	-7.31869459			
436	y	7	776.43347168	-7.22895765			
436	y	8	905.47607422	-8.06040382			
436	y	9	1034.51867676	-7.27772951			
436	y	10	1197.58203125	-5.92152262			
436	y	11	1325.67700195	-7.54445505			
436	y	12	1438.76110840	-8.28159809			
436	y	13	1566.81970215	-9.52322865			
436	y	14	1729.88305664	-9.74821281			
436	y	15	1860.92358398	-9.96578407			
436	y	16	1947.95556641	-9.93405247			
436	y	17	2076.99804688	-9.96578407			
436	y	18	2148.03515625	-9.95669746			
436	y	19	2277.07763672	-9.95278835			
437	b	1	190.05322266	-8.11139202			
437	b	2	305.08016968	-7.49890900			
437	b	3	402.13293457	-8.83578110			
437	b	4	489.16494751	-8.83831882			
437	b	5	576.19702148	-9.11886311			
437	b	6	633.21850586	-9.15504169			
437	b	7	761.27709961	-8.06372833			
437	b	8	874.36114502	-7.84773970			
437	b	9	973.42956543	-8.86200523			
437	b	10	1060.46154785	-9.74316406			
437	b	11	1117.48303223	-9.96336746			
437	b	12	1174.50451660	-9.96578407			
437	b	13	1273.57287598	-9.86303902			
437	b	14	1344.60998535	-9.96578407			
437	b	15	1473.65258789	-9.92369461			
437	b	16	1602.69519043	-9.96578407			
437	b	17	1673.73229980	-9.96578407			
437	y	1	147.11276245	-6.56985188			
437	y	2	218.14988708	-7.09699965			
437	y	3	347.19247437	-7.90424252			
437	y	4	476.23507690	-7.85878086			
437	y	5	547.27221680	-6.61439657			
437	y	6	646.34063721	-9.33511448			
437	y	7	703.36212158	-8.43101406			
437	y	8	760.38360596	-6.90248728			
437	y	9	847.41564941	-5.03299332			
437	y	10	946.48406982	-5.64299011			
437	y	11	1059.56811523	-6.47640038			
437	y	12	1187.62670898	-8.56044006			
437	y	13	1244.64819336	-6.87190866			
437	y	14	1331.68017578	-7.15851927			
437	y	15	1418.71215820	-7.90497446			
437	y	16	1515.76489258	-8.75612354			
437	y	17	1630.79187012	-9.79515743			
438	b	1	114.09129333	-9.96578407			
438	b	2	215.13897705	-6.47974634			
438	b	3	272.16043091	-8.84898090			
438	b	4	419.19583130	-9.38658714			
438	b	5	490.23294067	-8.75919628			
438	b	6	637.30139160	-8.56314564			
438	b	7	797.33209229	-9.83594608			
438	b	8	896.40051270	-9.62236595			
438	b	9	993.45330811	-9.71286011			
438	b	10	1094.50097656	-9.96578407			
438	b	11	1165.53808594	-9.76593685			
438	b	12	1264.60644531	-9.92241478			
438	b	13	1351.63842773	-9.96164417			
438	b	14	1450.70678711	-9.96578407			
438	b	15	1549.77514648	-9.94297791			
438	b	16	1664.80212402	-9.96578407			
438	b	17	1777.88623047	-9.93960381			
438	b	18	1878.93395996	-9.95383453			
438	b	19	2038.96472168	-9.95143986			
438	y	1	175.11891174	-6.75261211			
438	y	2	335.14959717	-9.80590630			
438	y	3	436.19726562	-9.67240334			
438	y	4	549.28137207	-9.96578407			
438	y	5	664.30828857	-9.94713306			
438	y	6	763.37670898	-9.73537064			
438	y	7	862.44512939	-9.82146358			
438	y	8	949.47717285	-9.96578407			
438	y	9	1048.54553223	-9.96578407			
438	y	10	1119.58264160	-9.96578407			
438	y	11	1220.63037109	-9.96578407			
438	y	12	1317.68310547	-8.52307606			
438	y	13	1416.75146484	-9.93172169			
438	y	14	1576.78222656	-9.96578407			
438	y	15	1723.85058594	-9.96578407			
438	y	16	1794.88769531	-9.96578407			
438	y	17	1941.92309570	-9.96578407			
438	y	18	1998.94458008	-9.96069336			
438	y	19	2099.99218750	-9.95513821			
439	b	1	72.04434967	-9.96578407			
439	b	2	185.12841797	-5.98124838			
439	b	3	272.16043091	-7.92810726			
439	b	4	369.21319580	-9.96578407			
439	b	5	426.23464966	-9.96578407			
439	b	6	555.27728271	-9.96578407			
439	b	7	684.31988525	-9.77554512			
439	b	8	741.34136963	-9.87179661			
439	b	9	888.40979004	-9.96578407			
439	b	10	945.43127441	-9.72857189			
439	b	11	1108.49450684	-9.96578407			
439	b	12	1236.58947754	-9.95884895			
439	b	13	1293.61096191	-9.96578407			
439	b	14	1380.64294434	-9.90200996			
439	b	15	1540.67370605	-9.96016216			
439	b	16	1687.74206543	-9.94432640			
439	b	17	1824.80102539	-9.96168804			
439	y	1	175.11891174	-5.81001806			
439	y	2	312.17782593	-8.50979424			
439	y	3	459.24624634	-8.16317940			
439	y	4	619.27697754	-9.28941250			
439	y	5	706.30902100	-9.12061691			
439	y	6	763.33050537	-6.62691879			
439	y	7	891.42547607	-8.35984993			
439	y	8	1054.48876953	-9.36422920			
439	y	9	1111.51025391	-9.13817883			
439	y	10	1258.57861328	-9.85720062			
439	y	11	1315.60009766	-9.17974186			
439	y	12	1444.64270020	-9.65339565			
439	y	13	1573.68530273	-9.96578407			
439	y	14	1630.70678711	-9.85598087			
439	y	15	1727.75952148	-9.96578407			
439	y	16	1814.79150391	-9.96578407			
439	y	17	1927.87561035	-9.96578407			
440	b	1	102.05490875	-8.61018848			
440	b	2	159.07637024	-6.03487206			
440	b	3	306.14480591	-7.82604170			
440	b	4	363.16625977	-7.26955843			
440	b	5	510.20162964	-9.06062508			
440	b	6	641.24212646	-9.70115948			
440	b	7	804.30548096	-9.95740891			
440	b	8	919.33239746	-9.92545414			
440	b	9	1006.36444092	-9.93890095			
440	b	10	1119.44848633	-9.89564419			
440	b	11	1234.47546387	-9.89547348			
440	b	12	1397.53881836	-9.92196369			
440	b	13	1468.57592773	-9.96578407			
440	y	1	147.11276245	-6.53773928			
440	y	2	218.14988708	-6.86237097			
440	y	3	381.21319580	-6.18005991			
440	y	4	496.24014282	-6.65163183			
440	y	5	609.32421875	-8.74365616			
440	y	6	696.35626221	-6.45671606			
440	y	7	811.38317871	-6.58485126			
440	y	8	974.44653320	-4.93523026			
440	y	9	1105.48706055	-5.45422935			
440	y	10	1252.52246094	-8.23499393			
440	y	11	1309.54394531	-6.25708675			
440	y	12	1456.61230469	-9.68713951			
440	y	13	1513.63378906	-9.81769657			
441	b	1	138.06614685	-9.42521095			
441	b	2	239.11383057	-7.52096033			
441	b	3	296.13528442	-9.11585236			
441	b	4	393.18804932	-9.88553619			
441	b	5	450.20950317	-9.02885914			
441	b	6	563.29357910	-6.75559855			
441	b	7	676.37762451	-6.71499491			
441	b	8	763.40966797	-7.62178802			
441	b	9	910.44506836	-7.53784752			
441	b	10	981.48217773	-7.21282911			
441	b	11	1095.52502441	-6.71398115			
441	b	12	1194.59338379	-7.35258389			
441	b	13	1251.61486816	-7.74070311			
441	b	14	1364.69897461	-8.31687355			
441	b	15	1478.74194336	-9.34903812			
441	b	16	1579.78967285	-9.81975174			
441	b	17	1693.83264160	-9.93421078			
441	b	18	1780.86462402	-9.91549110			
441	b	19	1867.89660645	-9.96578407			
441	b	20	1995.95520020	-9.94727135			
441	b	21	2143.02368164	-9.96578407			
441	b	22	2290.09204102	-9.96578407			
441	b	23	2403.17602539	-9.96578407			
441	b	24	2563.20678711	-9.96578407			
441	b	25	2664.25439453	-9.96578407			
441	b	26	2735.29150391	-9.95548534			
441	y	1	147.11276245	-6.81349993			
441	y	2	218.14988708	-7.76322937			
441	y	3	319.19754028	-7.10005808			
441	y	4	479.22824097	-9.91428089			
441	y	5	592.31231689	-9.54072189			
441	y	6	739.38073730	-9.96578407			
441	y	7	886.44915771	-9.72133732			
441	y	8	1014.50775146	-9.76587391			
441	y	9	1101.53979492	-9.53251648			
441	y	10	1188.57177734	-9.15398693			
441	y	11	1302.61474609	-9.52534103			
441	y	12	1403.66247559	-9.79641724			
441	y	13	1517.70544434	-9.96578407			
441	y	14	1630.78955078	-9.92432117			
441	y	15	1687.81103516	-9.13939190			
441	y	16	1786.87939453	-9.96578407			
441	y	17	1900.92236328	-9.96578407			
441	y	18	1971.95947266	-9.96578407			
441	y	19	2118.99487305	-9.96578407			
441	y	20	2206.02685547	-9.95084763			
441	y	21	2319.11083984	-9.96578407			
441	y	22	2432.19482422	-9.96578407			
441	y	23	2489.21630859	-9.96578407			
441	y	24	2586.26904297	-9.96578407			
441	y	25	2643.29052734	-9.93842506			
441	y	26	2744.33813477	-9.96463871			
442	b	1	129.06581116	-8.68573952			
442	b	2	257.12438965	-7.88589954			
442	b	3	344.15640259	-9.51278973			
442	b	4	481.21530151	-8.94090176			
442	b	5	628.28375244	-8.84758472			
442	b	6	699.32086182	-9.24438953			
442	b	7	846.35626221	-9.32000923			
442	b	8	993.39166260	-9.54433346			
442	b	9	1130.45056152	-9.47262955			
442	b	10	1187.47204590	-9.96578407			
442	b	11	1244.49353027	-9.96578407			
442	b	12	1345.54125977	-9.96578407			
442	b	13	1402.56274414	-9.86894608			
442	b	14	1549.63122559	-9.96578407			
442	b	15	1650.67895508	-9.96578407			
442	b	16	1806.78002930	-9.96578407			
442	b	17	1919.86413574	-9.96578407			
442	b	18	2034.89111328	-9.96578407			
442	b	19	2121.92333984	-9.96578407			
442	b	20	2208.95532227	-9.96578407			
442	b	21	2295.98730469	-9.94273090			
442	b	22	2393.04003906	-9.92167091			
442	b	23	2522.08251953	-9.95557880			
442	b	24	2621.15087891	-9.95808601			
442	y	1	147.11276245	-7.36674404			
442	y	2	246.18116760	-6.66775227			
442	y	3	375.22372437	-9.88597775			
442	y	4	472.27648926	-6.55755472			
442	y	5	559.30853271	-8.70834351			
442	y	6	646.34057617	-8.61693764			
442	y	7	733.37261963	-7.75904703			
442	y	8	848.39953613	-9.62774181			
442	y	9	961.48358154	-9.63469410			
442	y	10	1117.58471680	-9.77845669			
442	y	11	1218.63244629	-7.85269594			
442	y	12	1365.70092773	-9.29296684			
442	y	13	1422.72241211	-9.22464466			
442	y	14	1523.77014160	-9.91538715			
442	y	15	1580.79162598	-9.93192959			
442	y	16	1637.81311035	-9.83517361			
442	y	17	1774.87207031	-9.96091938			
442	y	18	1921.90747070	-9.90698624			
442	y	19	2068.94287109	-9.96578407			
442	y	20	2139.97998047	-9.96329784			
442	y	21	2287.04833984	-9.93812275			
442	y	22	2424.10717773	-9.95361519			
442	y	23	2511.13916016	-9.96578407			
442	y	24	2639.19775391	-9.96578407			
443	b	1	129.06581116	-8.71267414			
443	b	2	242.14987183	-7.59292936			
443	b	3	371.19247437	-9.19071674			
443	b	4	486.21942139	-9.86391830			
443	b	5	543.24090576	-9.70766830			
443	b	6	703.27160645	-9.96578407			
443	b	7	804.31927490	-9.96578407			
443	b	8	917.40332031	-9.96578407			
443	b	9	1004.43536377	-9.96578407			
443	b	10	1119.46228027	-9.76822948			
443	b	11	1282.52563477	-9.96578407			
443	b	12	1369.55761719	-9.96578407			
443	b	13	1482.64172363	-9.89585781			
443	b	14	1610.70031738	-9.96578407			
443	b	15	1738.79528809	-9.96578407			
443	b	16	1867.83789062	-9.96396065			
443	b	17	1954.86987305	-9.94985962			
443	b	18	2055.91772461	-9.96578407			
443	b	19	2169.00170898	-9.91939354			
443	b	20	2306.06054688	-9.96578407			
443	b	21	2419.14453125	-9.96557617			
443	b	22	2518.21289062	-9.95641613			
443	b	23	2631.29687500	-9.94460011			
443	y	1	175.11891174	-6.93432951			
443	y	2	288.20297241	-7.80020571			
443	y	3	387.27139282	-7.19499588			
443	y	4	500.35543823	-7.29672480			
443	y	5	637.41436768	-6.51734114			
443	y	6	750.49841309	-7.61649513			
443	y	7	851.54608154	-8.60071754			
443	y	8	938.57812500	-7.40048075			
443	y	9	1067.62072754	-6.83087683			
443	y	10	1195.71569824	-8.66265678			
443	y	11	1323.77429199	-9.49838352			
443	y	12	1436.85839844	-9.96578407			
443	y	13	1523.89038086	-9.78432083			
443	y	14	1686.95373535	-9.93373871			
443	y	15	1801.98071289	-9.96578407			
443	y	16	1889.01269531	-9.82316589			
443	y	17	2002.09680176	-9.96578407			
443	y	18	2103.14453125	-9.95410061			
443	y	19	2263.17529297	-9.96062565			
443	y	20	2320.19677734	-9.94314384			
443	y	21	2435.22363281	-9.96578407			
443	y	22	2564.26611328	-9.96578407			
443	y	23	2677.35009766	-9.96578407			
444	b	1	102.05490875	-8.84370613			
444	b	2	217.08184814	-5.98697662			
444	b	3	288.11895752	-6.23848391			
444	b	4	359.15606689	-6.27959538			
444	b	5	458.22448730	-7.48218298			
444	b	6	545.25653076	-9.34868240			
444	b	7	692.32495117	-9.75393581			
444	b	8	793.37261963	-9.45595169			
444	b	9	921.46759033	-9.76176643			
444	b	10	1006.48394775	-8.90940762			
444	b	11	1153.55236816	-8.52730846			
444	b	12	1266.63647461	-8.74941444			
444	b	13	1337.67358398	-9.73264885			
444	b	14	1394.69506836	-9.96578407			
444	b	15	1451.71655273	-9.93901539			
444	b	16	1550.78491211	-9.96578407			
444	b	17	1621.82202148	-9.96578407			
444	b	18	1692.85913086	-9.96578407			
444	b	19	1763.89624023	-9.93262005			
444	b	20	1876.98034668	-9.91408920			
444	b	21	1964.01232910	-9.96331787			
444	y	1	147.11276245	-7.24556494			
444	y	2	234.14479065	-6.05793238			
444	y	3	347.22885132	-7.37117195			
444	y	4	418.26596069	-7.32714701			
444	y	5	489.30307007	-7.32044792			
444	y	6	560.34020996	-6.24637461			
444	y	7	659.40863037	-8.93623161			
444	y	8	716.43011475	-7.27480793			
444	y	9	773.45159912	-4.76400089			
444	y	10	844.48870850	-4.94082832			
444	y	11	957.57275391	-7.58577538			
444	y	12	1104.64111328	-8.71887970			
444	y	13	1189.65747070	-7.92345715			
444	y	14	1317.75244141	-9.39850998			
444	y	15	1418.80017090	-9.42866039			
444	y	16	1565.86865234	-9.96578407			
444	y	17	1652.90063477	-9.78916454			
444	y	18	1751.96899414	-9.96578407			
444	y	19	1823.00610352	-9.96578407			
444	y	20	1894.04321289	-9.96578407			
444	y	21	2009.07019043	-9.96578407			
445	b	1	102.05490875	-9.39515018			
445	b	2	239.11383057	-3.87580323			
445	b	3	352.19790649	-5.43665266			
445	b	4	466.24084473	-6.91118860			
445	b	5	579.32495117	-6.69510555			
445	b	6	678.39337158	-6.82745743			
445	b	7	777.46179199	-7.45074415			
445	b	8	890.54583740	-8.43747425			
445	b	9	947.56732178	-9.68326092			
445	b	10	1084.62622070	-9.37426662			
445	b	11	1183.69458008	-9.32666683			
445	b	12	1298.72155762	-9.86939335			
445	b	13	1385.75354004	-9.96578407			
445	b	14	1442.77502441	-9.96578407			
445	y	1	147.11276245	-7.09874249			
445	y	2	204.13423157	-8.10366917			
445	y	3	291.16622925	-7.73540115			
445	y	4	406.19314575	-6.57305145			
445	y	5	505.26156616	-7.61044216			
445	y	6	642.32049561	-7.68599987			
445	y	7	699.34197998	-6.15102720			
445	y	8	812.42602539	-6.21710587			
445	y	9	911.49444580	-5.69681931			
445	y	10	1010.56286621	-6.05248260			
445	y	11	1123.64697266	-8.32705784			
445	y	12	1237.68994141	-5.99982500			
445	y	13	1350.77404785	-6.52134848			
445	y	14	1487.83300781	-9.96578407			
446	b	1	212.10290527	-9.96578407			
446	b	2	283.14001465	-4.26865387			
446	b	3	380.19277954	-9.15160179			
446	b	4	467.22482300	-9.05492973			
446	b	5	568.27252197	-9.76420975			
446	b	6	639.30963135	-9.14219284			
446	b	7	710.34674072	-9.23495674			
446	b	8	781.38385010	-8.86259174			
446	b	9	878.43658447	-9.94814587			
446	b	10	949.47369385	-9.96578407			
446	b	11	1078.51623535	-9.71928978			
446	b	12	1207.55883789	-9.88932133			
446	y	1	147.11276245	-6.38306236			
446	y	2	276.15533447	-7.70680809			
446	y	3	405.19790649	-9.06226063			
446	y	4	476.23501587	-9.53532028			
446	y	5	573.28784180	-5.43311167			
446	y	6	644.32495117	-7.19614792			
446	y	7	715.36206055	-6.96266890			
446	y	8	786.39916992	-7.44912767			
446	y	9	887.44683838	-6.71845627			
446	y	10	974.47888184	-6.70932102			
446	y	11	1071.53161621	-5.81285429			
446	y	12	1142.56872559	-8.13264370			
447	b	1	138.06614685	-8.63952637			
447	b	2	251.15020752	-5.52705765			
447	b	3	380.19277954	-7.51498413			
447	b	4	493.27682495	-7.72767496			
447	b	5	607.31976318	-6.15584421			
447	b	6	704.37249756	-9.54459190			
447	b	7	819.39941406	-7.45823669			
447	b	8	956.45831299	-8.68512630			
447	b	9	1053.51098633	-9.96578407			
447	b	10	1166.59509277	-9.96578407			
447	b	11	1265.66345215	-9.96578407			
447	b	12	1394.70605469	-9.96578407			
447	b	13	1495.75378418	-9.96578407			
447	b	14	1608.83789062	-9.96578407			
447	y	1	175.11891174	-6.61159325			
447	y	2	288.20297241	-9.63617516			
447	y	3	389.25064087	-7.69985819			
447	y	4	518.29327393	-7.60584497			
447	y	5	617.36169434	-5.91397381			
447	y	6	730.44573975	-6.57167912			
447	y	7	827.49853516	-4.15637112			
447	y	8	964.55743408	-7.44411612			
447	y	9	1079.58435059	-9.03211403			
447	y	10	1176.63708496	-8.04479504			
447	y	11	1290.68005371	-9.50138950			
447	y	12	1403.76416016	-9.87020111			
447	y	13	1532.80676270	-9.91787052			
447	y	14	1645.89086914	-9.92994690			
448	b	1	102.05490875	-8.25511169			
448	b	2	233.09539795	-5.68689156			
448	b	3	346.17947388	-7.47730827			
448	b	4	475.22207642	-8.21282482			
448	b	5	627.28063965	-7.66915083			
448	b	6	740.36468506	-8.60556412			
448	b	7	797.38616943	-9.29127598			
448	b	8	928.42663574	-9.65502930			
448	b	9	1042.46948242	-9.96578407			
448	b	10	1157.49645996	-9.85183239			
448	b	11	1286.53906250	-9.96578407			
448	b	12	1343.56054688	-9.96578407			
448	b	13	1458.58752441	-9.96578407			
448	b	14	1595.64648438	-9.96578407			
448	b	15	1710.67346191	-8.16787910			
448	b	16	1807.72619629	-9.96578407			
448	b	17	1906.79455566	-8.69942951			
448	b	18	2003.84729004	-9.96578407			
448	b	19	2116.93139648	-9.76664448			
448	b	20	2213.98413086	-9.96578407			
448	b	21	2328.02709961	-9.96578407			
448	b	22	2427.09545898	-9.94906712			
448	b	23	2541.13842773	-9.94304943			
448	b	24	2612.17553711	-9.95741081			
448	b	25	2683.21264648	-9.95541096			
448	b	26	2796.29663086	-9.95543289			
448	b	27	2909.38061523	-9.96420956			
448	y	1	147.11276245	-6.69515896			
448	y	2	260.19680786	-7.48259354			
448	y	3	373.28085327	-8.43586159			
448	y	4	444.31796265	-8.78437138			
448	y	5	515.35510254	-9.06198025			
448	y	6	629.39801025	-8.52972126			
448	y	7	728.46643066	-9.72566986			
448	y	8	842.50933838	-9.33488750			
448	y	9	939.56213379	-5.75596428			
448	y	10	1052.64624023	-9.43719101			
448	y	11	1149.69897461	-5.30211973			
448	y	12	1248.76733398	-9.96578407			
448	y	13	1345.82006836	-7.84065866			
448	y	14	1460.84704590	-9.64623833			
448	y	15	1597.90600586	-9.74504948			
448	y	16	1712.93298340	-9.96578407			
448	y	17	1769.95446777	-9.85216522			
448	y	18	1898.99707031	-9.96519852			
448	y	19	2014.02404785	-9.96578407			
448	y	20	2128.06689453	-9.95743752			
448	y	21	2259.10742188	-9.92089748			
448	y	22	2316.12890625	-9.96578407			
448	y	23	2429.21289062	-9.96578407			
448	y	24	2581.27148438	-9.93669415			
448	y	25	2710.31396484	-9.96578407			
448	y	26	2823.39794922	-9.96298122			
448	y	27	2954.43847656	-9.95702839			
449	b	1	157.09713745	-9.85984898			
449	b	2	270.18118286	-4.37565374			
449	b	3	341.21829224	-5.64022636			
449	b	4	412.25540161	-8.13389111			
449	b	5	513.30310059	-8.47217274			
449	b	6	612.37152100	-8.60760593			
449	b	7	711.43994141	-9.96578407			
449	b	8	782.47705078	-9.80733585			
449	b	9	881.54547119	-9.96578407			
449	b	10	938.56695557	-9.96578407			
449	b	11	1025.59887695	-9.96578407			
449	b	12	1082.62036133	-9.96578407			
449	b	13	1169.65234375	-9.96578407			
449	y	1	147.11276245	-6.67192221			
449	y	2	234.14479065	-9.13593960			
449	y	3	291.16622925	-8.12201977			
449	y	4	378.19827271	-7.90885496			
449	y	5	435.21972656	-5.56985998			
449	y	6	534.28814697	-6.28476143			
449	y	7	605.32525635	-5.46996784			
449	y	8	704.39367676	-5.14428616			
449	y	9	803.46209717	-6.09120941			
449	y	10	904.50976562	-6.15913868			
449	y	11	975.54687500	-6.26738787			
449	y	12	1046.58398438	-6.03665447			
449	y	13	1159.66809082	-9.45715809			
450	b	1	72.04434967	-9.93671513			
450	b	2	171.11276245	-4.79966784			
450	b	3	286.13970947	-5.76021862			
450	b	4	415.18228149	-8.76623344			
450	b	5	486.21939087	-9.40994644			
450	b	6	557.25653076	-9.52796555			
450	b	7	672.28344727	-9.64761543			
450	b	8	743.32055664	-9.52988911			
450	b	9	856.40460205	-9.89939499			
450	b	10	969.48864746	-9.91904449			
450	y	1	147.11276245	-5.48422432			
450	y	2	260.19680786	-6.17434168			
450	y	3	373.28085327	-7.46730185			
450	y	4	444.31796265	-7.70373964			
450	y	5	559.34490967	-6.74835443			
450	y	6	630.38201904	-5.70395088			
450	y	7	701.41912842	-5.43349934			
450	y	8	830.46173096	-6.36943674			
450	y	9	945.48864746	-4.34529495			
450	y	10	1044.55700684	-9.88033581			
451	b	1	156.10189819	-9.96578407			
451	b	2	1004.39294434	-7.05448103			
451	b	3	1151.46130371	-7.35950804			
451	b	4	1264.54541016	-8.86126137			
451	b	5	1321.56689453	-9.42965698			
451	b	6	1378.58837891	-7.71436977			
451	b	7	1491.67248535	-7.81487894			
451	b	8	1548.69396973	-9.31054688			
451	b	9	1677.73657227	-8.22055244			
451	b	10	1748.77368164	-7.22796297			
451	b	11	1847.84204102	-8.71916103			
451	b	12	1934.87402344	-9.60402489			
451	b	13	2021.90600586	-9.95598793			
451	b	14	2092.94335938	-9.40498638			
451	b	15	2192.01171875	-9.39397526			
451	b	16	2291.08007812	-9.85340405			
451	b	17	2348.10156250	-9.96578407			
451	b	18	2477.14404297	-9.58234596			
451	b	19	2574.19677734	-9.96578407			
451	b	20	2631.21826172	-9.77362442			
451	b	21	2744.30224609	-9.96578407			
451	b	22	2845.34985352	-9.96578407			
451	b	23	2944.41821289	-9.96578407			
451	b	24	3045.46582031	-9.96578407			
451	b	25	3182.52465820	-9.94939899			
451	b	26	3295.60864258	-9.95185471			
451	b	27	3366.64575195	-9.95865250			
451	b	28	3465.71411133	-9.96578407			
451	b	29	3579.75708008	-9.96578407			
451	y	1	175.11891174	-7.21012592			
451	y	2	289.16183472	-8.20752239			
451	y	3	388.23025513	-8.07447720			
451	y	4	459.26736450	-7.16303682			
451	y	5	572.35144043	-7.46894455			
451	y	6	709.41033936	-7.21182346			
451	y	7	810.45800781	-6.33622169			
451	y	8	909.52642822	-7.47432613			
451	y	9	1010.57409668	-6.96489906			
451	y	10	1123.65820312	-9.27334690			
451	y	11	1180.67968750	-8.78630638			
451	y	12	1277.73242188	-7.11694860			
451	y	13	1406.77502441	-9.76002026			
451	y	14	1463.79650879	-9.18368530			
451	y	15	1562.86486816	-9.74342060			
451	y	16	1661.93322754	-9.90494156			
451	y	17	1732.97033691	-9.96578407			
451	y	18	1820.00231934	-9.96402836			
451	y	19	1907.03430176	-9.88205624			
451	y	20	2006.10266113	-9.96578407			
451	y	21	2077.13989258	-9.90212345			
451	y	22	2206.18237305	-9.96578407			
451	y	23	2263.20385742	-9.96578407			
451	y	24	2376.28784180	-9.96578407			
451	y	25	2433.30932617	-9.96477795			
451	y	26	2490.33081055	-9.96359539			
451	y	27	2603.41479492	-9.96578407			
451	y	28	2750.48315430	-9.96288395			
451	y	29	3598.77416992	-9.96471500			
452	b	1	100.07564545	-9.93995476			
452	b	2	213.15969849	-5.53136301			
452	b	3	284.19680786	-4.58622789			
452	b	4	397.28085327	-7.43801308			
452	b	5	511.32379150	-6.58564043			
452	b	6	610.39221191	-7.51358700			
452	b	7	725.41912842	-9.08496284			
452	b	8	840.44604492	-7.27070904			
452	b	9	937.49884033	-9.96578407			
452	b	10	1052.52575684	-9.53062153			
452	b	11	1123.56286621	-9.96578407			
452	b	12	1194.59997559	-9.71376133			
452	b	13	1308.64294434	-9.89486694			
452	b	14	1471.66430664	-9.80019665			
452	b	15	1585.70727539	-9.89015675			
452	b	16	1700.73425293	-9.95604038			
452	b	17	1813.81835938	-9.92403793			
452	b	18	1927.86132812	-9.96317482			
452	b	19	2042.88830566	-9.96116066			
452	b	20	2141.95678711	-9.96578407			
452	y	1	147.11276245	-6.83949757			
452	y	2	246.18116760	-6.90189362			
452	y	3	361.20809937	-8.20195389			
452	y	4	475.25103760	-6.77020788			
452	y	5	588.33514404	-7.30294418			
452	y	6	703.36206055	-8.58068943			
452	y	7	817.40496826	-8.05107307			
452	y	8	980.42639160	-9.71478558			
452	y	9	1094.46936035	-9.79266739			
452	y	10	1165.50646973	-9.42510605			
452	y	11	1236.54357910	-9.50132275			
452	y	12	1351.57055664	-9.36355972			
452	y	13	1448.62329102	-7.52005959			
452	y	14	1563.65026855	-9.40419006			
452	y	15	1678.67724609	-9.01211262			
452	y	16	1777.74560547	-9.96578407			
452	y	17	1891.78857422	-9.96578407			
452	y	18	2004.87268066	-9.96578407			
452	y	19	2075.90991211	-9.96578407			
452	y	20	2188.99389648	-9.96578407			
453	b	1	130.04981995	-9.90589428			
453	b	2	244.09274292	-6.63071394			
453	b	3	341.14550781	-9.16322231			
453	b	4	428.17752075	-9.00810719			
453	b	5	557.22015381	-8.71497917			
453	b	6	686.26275635	-8.28597832			
453	b	7	757.29986572	-7.48879671			
453	b	8	885.35845947	-8.35928822			
453	b	9	999.40136719	-9.18241119			
453	b	10	1113.48059082	-9.51537895			
453	b	11	1212.54895020	-9.57967854			
453	b	12	1341.59155273	-9.67661190			
453	b	13	1488.66003418	-9.89034653			
453	b	14	1589.70776367	-9.92901516			
453	b	15	1704.73474121	-9.90562153			
453	b	16	1833.77734375	-9.96578407			
453	b	17	1962.81994629	-9.82961750			
453	b	18	2019.84143066	-9.87465096			
453	b	19	2182.90478516	-9.92990589			
453	b	20	2239.92626953	-9.96235085			
453	y	1	175.11891174	-7.24161577			
453	y	2	232.14038086	-7.45033169			
453	y	3	395.20370483	-9.05588531			
453	y	4	452.22515869	-6.40459013			
453	y	5	581.26776123	-7.49713612			
453	y	6	710.31036377	-6.75006151			
453	y	7	825.33728027	-7.06365347			
453	y	8	926.38494873	-6.12415123			
453	y	9	1073.45336914	-6.66530848			
453	y	10	1202.49597168	-6.79491806			
453	y	11	1301.56433105	-7.76189756			
453	y	12	1415.64367676	-7.43560934			
453	y	13	1529.68664551	-7.06689501			
453	y	14	1657.74523926	-7.37935257			
453	y	15	1728.78234863	-8.16795254			
453	y	16	1857.82495117	-8.85218716			
453	y	17	1986.86755371	-9.69025993			
453	y	18	2073.89965820	-9.55224800			
453	y	19	2170.95239258	-9.59596252			
453	y	20	2284.99536133	-9.96578407			
454	b	1	162.02192688	-9.96578407			
454	b	2	259.07467651	-9.41013622			
454	b	3	388.11727905	-9.51075554			
454	b	4	459.15438843	-9.67764473			
454	b	5	572.23846436	-9.67543983			
454	b	6	719.30688477	-9.70050907			
454	b	7	847.36547852	-9.96578407			
454	b	8	944.41827393	-9.81142616			
454	b	9	1031.45019531	-9.96578407			
454	b	10	1178.51867676	-9.96578407			
454	b	11	1291.60278320	-9.96578407			
454	b	12	1348.62426758	-9.08883858			
454	b	13	1495.65966797	-9.96578407			
454	b	14	1624.70227051	-9.96317482			
454	b	15	1711.73425293	-9.87418270			
454	b	16	1871.76501465	-9.96578407			
454	b	17	1928.78649902	-9.96578407			
454	b	18	2041.87060547	-9.96578407			
454	b	19	2178.92968750	-9.90626240			
454	b	20	2293.95654297	-9.96578407			
454	b	21	2395.00415039	-9.92024612			
454	b	22	2496.05175781	-9.95396328			
454	b	23	2643.12011719	-9.93945980			
454	b	24	2757.16308594	-9.93615150			
454	b	25	2844.19506836	-9.96337318			
454	b	26	2957.27905273	-9.94374084			
454	b	27	3088.31958008	-9.96277142			
454	y	1	147.11276245	-7.45466280			
454	y	2	278.15322876	-6.95141697			
454	y	3	391.23727417	-8.81859684			
454	y	4	478.26931763	-8.19888306			
454	y	5	592.31225586	-8.22179222			
454	y	6	739.38067627	-8.41929722			
454	y	7	840.42834473	-8.80264473			
454	y	8	941.47601318	-8.00366211			
454	y	9	1056.50292969	-7.81902456			
454	y	10	1193.56188965	-7.32788372			
454	y	11	1306.64599609	-9.49763393			
454	y	12	1363.66748047	-8.37962532			
454	y	13	1523.69824219	-9.93389130			
454	y	14	1610.73022461	-9.66758537			
454	y	15	1739.77282715	-9.89320946			
454	y	16	1886.80822754	-9.94012737			
454	y	17	1943.82971191	-9.78624916			
454	y	18	2056.91381836	-9.96578407			
454	y	19	2203.98217773	-9.96578407			
454	y	20	2291.01416016	-9.96578407			
454	y	21	2388.06689453	-9.94521523			
454	y	22	2516.12548828	-9.96513653			
454	y	23	2663.19384766	-9.96578407			
454	y	24	2776.27783203	-9.96088982			
454	y	25	2847.31494141	-9.96332455			
454	y	26	2976.35742188	-9.95164299			
454	y	27	3073.41015625	-9.96480942			
455	b	1	130.04981995	-9.86973190			
455	b	2	501.23025513	-8.92641354			
455	b	3	616.25720215	-8.78399277			
455	b	4	745.29980469	-9.73588276			
455	b	5	846.34747314	-9.13255692			
455	b	6	945.41589355	-8.77755737			
455	b	7	1032.44787598	-9.43040085			
455	b	8	1147.47485352	-8.01589298			
455	b	9	1307.50549316	-9.92191792			
455	b	10	1394.53747559	-9.39482975			
455	b	11	1491.59020996	-9.84219742			
455	b	12	1628.64916992	-9.96578407			
455	b	13	1741.73327637	-9.96433163			
455	b	14	1812.77038574	-9.96127796			
455	b	15	1926.81335449	-9.96578407			
455	b	16	2039.89746094	-9.95401955			
455	b	17	2096.91894531	-9.96060467			
455	y	1	175.11891174	-6.99611712			
455	y	2	232.14038086	-8.01288986			
455	y	3	345.22442627	-8.68803024			
455	y	4	459.26736450	-7.30978298			
455	y	5	530.30450439	-5.06375408			
455	y	6	643.38854980	-5.45901012			
455	y	7	780.44744873	-6.54997206			
455	y	8	877.50024414	-5.07121038			
455	y	9	964.53228760	-8.23943424			
455	y	10	1124.56298828	-9.68698692			
455	y	11	1239.58996582	-9.94258976			
455	y	12	1326.62194824	-9.48549271			
455	y	13	1425.69030762	-9.96578407			
455	y	14	1526.73803711	-9.96043968			
455	y	15	1655.78063965	-9.96578407			
455	y	16	1770.80761719	-9.96578407			
455	y	17	2141.98803711	-9.96282864			
456	b	1	115.05016327	-9.75977993			
456	b	2	228.13421631	-6.67251921			
456	b	3	356.22915649	-8.32098007			
456	b	4	427.26626587	-6.87738848			
456	b	5	514.29833984	-8.32894897			
456	b	6	627.38238525	-8.88641930			
456	b	7	756.42498779	-9.65717316			
456	b	8	870.46789551	-9.86541271			
456	b	9	957.49993896	-9.87746906			
456	b	10	1070.58398438	-9.85428619			
456	y	1	175.11891174	-5.98359299			
456	y	2	288.20297241	-9.03048134			
456	y	3	375.23501587	-8.36474037			
456	y	4	489.27795410	-6.92599297			
456	y	5	618.32055664	-6.28172731			
456	y	6	731.40460205	-6.79542017			
456	y	7	818.43664551	-4.72898054			
456	y	8	889.47375488	-4.12404251			
456	y	9	1017.56872559	-5.12958527			
456	y	10	1130.65283203	-9.81032848			
457	b	1	100.07564545	-9.87671375			
457	b	2	213.15969849	-4.01084423			
457	b	3	326.24374390	-8.32923126			
457	b	4	423.29650879	-9.96578407			
457	b	5	552.33911133	-9.96578407			
457	b	6	715.40240479	-9.96578407			
457	b	7	772.42388916	-9.88506889			
457	b	8	829.44537354	-9.91647243			
457	b	9	930.49304199	-9.94316101			
457	y	1	147.11276245	-6.41264534			
457	y	2	248.16044617	-8.87816525			
457	y	3	305.18188477	-8.30482483			
457	y	4	362.20333862	-6.27760267			
457	y	5	525.26666260	-5.59817410			
457	y	6	654.30926514	-6.79678059			
457	y	7	751.36206055	-3.17399836			
457	y	8	864.44610596	-4.65511656			
457	y	9	977.53015137	-8.10610580			
458	b	1	114.09129333	-9.96578407			
458	b	2	274.12197876	-9.55490971			
458	b	3	437.18530273	-9.96578407			
458	b	4	536.25372314	-9.96578407			
458	b	5	607.29083252	-9.70224285			
458	b	6	720.37487793	-9.75238323			
458	b	7	873.37554932	-9.65082359			
458	b	8	1020.44396973	-9.76710606			
458	b	9	1149.48645020	-9.77481937			
458	b	10	1277.54504395	-9.81055737			
458	b	11	1406.58764648	-9.69795704			
458	b	12	1537.62817383	-9.93323135			
458	b	13	1608.66528320	-9.87824726			
458	b	14	1695.69726562	-9.96578407			
458	b	15	1766.73437500	-9.91712856			
458	b	16	1837.77148438	-9.96538448			
458	b	17	1924.80346680	-9.92871857			
458	b	18	2011.83544922	-9.93809891			
458	b	19	2098.86767578	-9.90725803			
458	b	20	2185.89965820	-9.93290615			
458	b	21	2298.98364258	-9.94569683			
458	b	22	2428.02612305	-9.96509266			
458	y	1	147.11276245	-6.62659073			
458	y	2	276.15533447	-7.97866201			
458	y	3	389.23941040	-8.74441147			
458	y	4	476.27145386	-8.07098866			
458	y	5	563.30352783	-7.73387098			
458	y	6	650.33557129	-7.05732250			
458	y	7	737.36761475	-6.26999998			
458	y	8	808.40472412	-6.53284025			
458	y	9	879.44183350	-7.35472202			
458	y	10	966.47387695	-6.76231718			
458	y	11	1037.51098633	-7.89412546			
458	y	12	1168.55151367	-8.47495651			
458	y	13	1297.59411621	-9.17036247			
458	y	14	1425.65270996	-9.80618858			
458	y	15	1554.69531250	-9.83135223			
458	y	16	1701.76367188	-9.78596401			
458	y	17	1854.76440430	-9.73330212			
458	y	18	1967.84851074	-9.85993290			
458	y	19	2038.88562012	-9.96578407			
458	y	20	2137.95410156	-9.92834568			
458	y	21	2301.01733398	-9.94865608			
458	y	22	2461.04809570	-9.94591999			
459	b	1	130.04981995	-9.73674297			
459	b	2	229.11822510	-6.54503393			
459	b	3	300.15533447	-8.92367554			
459	b	4	357.17678833	-9.85638142			
459	b	5	494.23568726	-7.58135891			
459	b	6	595.28338623	-8.97970009			
459	b	7	710.31030273	-8.80040073			
459	b	8	854.36376953	-9.29498768			
459	b	9	967.44781494	-9.36886597			
459	b	10	1095.50634766	-9.63323879			
459	b	11	1226.54687500	-9.91891670			
459	b	12	1313.57885742	-9.96578407			
459	y	1	175.11891174	-6.82836676			
459	y	2	262.15093994	-7.84434271			
459	y	3	393.19140625	-7.61292219			
459	y	4	521.25000000	-7.70653200			
459	y	5	634.33404541	-8.12971592			
459	y	6	778.38751221	-5.86049557			
459	y	7	893.41442871	-5.94755650			
459	y	8	994.46209717	-4.87459278			
459	y	9	1131.52099609	-8.25331688			
459	y	10	1188.54248047	-7.46474695			
459	y	11	1259.57958984	-7.45853662			
459	y	12	1358.64794922	-9.96578407			
460	b	1	138.06614685	-9.42472267			
460	b	2	239.11383057	-7.59309912			
460	b	3	296.13528442	-9.26133537			
460	b	4	393.18804932	-9.92879295			
460	b	5	450.20950317	-8.95721722			
460	b	6	563.29357910	-6.77050352			
460	b	7	676.37762451	-6.55713749			
460	b	8	763.40966797	-7.44706059			
460	b	9	910.44506836	-7.54742908			
460	b	10	981.48217773	-7.23806524			
460	b	11	1095.52502441	-7.65675783			
460	b	12	1166.56213379	-7.04588509			
460	b	13	1223.58361816	-7.13654137			
460	b	14	1320.63635254	-9.53729534			
460	b	15	1377.65783691	-9.52803516			
460	b	16	1478.70556641	-9.48475742			
460	b	17	1592.74853516	-9.84049034			
460	b	18	1691.81689453	-9.94813061			
460	b	19	1778.84887695	-9.95770168			
460	b	20	1906.90747070	-9.92920971			
460	b	21	2053.97607422	-9.96578407			
460	b	22	2201.04443359	-9.96578407			
460	b	23	2314.12841797	-9.96578407			
460	b	24	2475.14306641	-9.96431351			
460	b	25	2576.19067383	-9.96578407			
460	b	26	2647.22778320	-9.95509624			
460	y	1	147.11276245	-6.84997034			
460	y	2	218.14988708	-7.86883307			
460	y	3	319.19754028	-7.22432756			
460	y	4	480.21224976	-9.89096737			
460	y	5	593.29632568	-9.28991413			
460	y	6	740.36474609	-9.96578407			
460	y	7	887.43316650	-9.76417255			
460	y	8	1015.49176025	-9.86757565			
460	y	9	1102.52380371	-9.33869457			
460	y	10	1201.59216309	-9.72977257			
460	y	11	1315.63513184	-9.73459911			
460	y	12	1416.68286133	-9.96578407			
460	y	13	1473.70434570	-9.39621830			
460	y	14	1570.75708008	-9.63745117			
460	y	15	1627.77856445	-8.92460823			
460	y	16	1698.81567383	-9.96363449			
460	y	17	1812.85864258	-9.96578407			
460	y	18	1883.89575195	-9.96578407			
460	y	19	2030.93115234	-9.96578407			
460	y	20	2117.96313477	-9.96578407			
460	y	21	2231.04711914	-9.96578407			
460	y	22	2344.13110352	-9.96578407			
460	y	23	2401.15258789	-9.96578407			
460	y	24	2498.20532227	-9.96578407			
460	y	25	2555.22680664	-9.96080399			
460	y	26	2656.27441406	-9.96152306			
461	b	1	132.04771423	-9.96578407			
461	b	2	203.08483887	-5.36559534			
461	b	3	302.15325928	-6.77985144			
461	b	4	403.20092773	-8.77251434			
461	b	5	550.26934814	-8.76281166			
461	b	6	663.35339355	-9.63157463			
461	b	7	720.37487793	-9.72010231			
461	b	8	834.41778564	-9.82052612			
461	b	9	921.44982910	-9.92253399			
461	b	10	1022.49755859	-9.96578407			
461	b	11	1093.53466797	-9.94293022			
461	b	12	1206.61877441	-9.88934612			
461	b	13	1334.67736816	-9.92450428			
461	b	14	1463.71997070	-9.96578407			
461	b	15	1576.80407715	-9.96578407			
461	b	16	1723.87243652	-9.96578407			
461	b	17	1851.96740723	-9.96578407			
461	y	1	175.11891174	-6.01714087			
461	y	2	303.21383667	-7.77193117			
461	y	3	450.28225708	-6.81470060			
461	y	4	563.36633301	-7.38707161			
461	y	5	692.40893555	-6.92720985			
461	y	6	820.46752930	-5.49297905			
461	y	7	933.55157471	-6.45410967			
461	y	8	1004.58868408	-7.24417257			
461	y	9	1105.63647461	-7.52450800			
461	y	10	1192.66845703	-8.17200947			
461	y	11	1306.71142578	-9.26008415			
461	y	12	1363.73291016	-7.58777523			
461	y	13	1476.81701660	-9.44172764			
461	y	14	1623.88549805	-9.85725498			
461	y	15	1724.93322754	-9.93246365			
461	y	16	1824.00158691	-9.96578407			
461	y	17	1895.03869629	-9.96578407			
462	b	1	88.03926086	-9.68059444			
462	b	2	217.08184814	-5.20418453			
462	b	3	330.16592407	-8.16296387			
462	b	4	431.21365356	-9.60723400			
462	b	5	560.25628662	-9.96578407			
462	b	6	716.35736084	-8.11223698			
462	b	7	829.44140625	-8.44612980			
462	y	1	175.11891174	-5.51921320			
462	y	2	288.20297241	-7.64032173			
462	y	3	444.30407715	-8.69613934			
462	y	4	573.34667969	-9.35541630			
462	y	5	674.39440918	-7.10061550			
462	y	6	787.47845459	-9.25124359			
462	y	7	916.52105713	-9.96578407			
463	b	1	88.03926086	-9.87516880			
463	b	2	235.10768127	-6.62741756			
463	b	3	332.16043091	-9.72487831			
463	b	4	460.25540161	-9.60444355			
463	b	5	575.28234863	-8.58605957			
463	b	6	690.30926514	-6.08256578			
463	b	7	787.36199951	-9.24419785			
463	b	8	858.39910889	-9.05093193			
463	b	9	986.49407959	-9.38006020			
463	b	10	1099.57812500	-9.63633919			
463	b	11	1198.64648438	-9.31405640			
463	b	12	1335.70544434	-9.89858818			
463	b	13	1448.78955078	-9.93545341			
463	b	14	1549.83728027	-9.86239147			
463	b	15	1620.87438965	-9.96578407			
463	b	16	1767.94274902	-9.93328762			
463	b	17	1881.02685547	-9.96394539			
463	b	18	1938.04833984	-9.96578407			
463	b	19	2101.11181641	-9.96375370			
463	y	1	147.11276245	-8.09126949			
463	y	2	310.17605591	-7.88633394			
463	y	3	367.19750977	-6.26183748			
463	y	4	480.28158569	-6.55216312			
463	y	5	627.35003662	-6.73392582			
463	y	6	698.38714600	-7.48997974			
463	y	7	799.43481445	-6.29101229			
463	y	8	912.51885986	-7.14512157			
463	y	9	1049.57775879	-8.26907825			
463	y	10	1148.64611816	-8.78561592			
463	y	11	1261.73022461	-9.32186604			
463	y	12	1389.82519531	-9.93740654			
463	y	13	1460.86230469	-9.96578407			
463	y	14	1557.91503906	-9.85575485			
463	y	15	1672.94201660	-9.93070412			
463	y	16	1787.96899414	-9.95119095			
463	y	17	1916.06396484	-9.96578407			
463	y	18	2013.11669922	-9.96578407			
463	y	19	2160.18505859	-9.95821285			
464	b	1	130.04986572	-9.96578407			
464	b	2	229.11828613	-8.10756207			
464	b	3	357.21322632	-9.59716606			
464	b	4	513.31439209	-8.88171959			
464	b	5	640.34130859	-8.30316257			
464	b	6	777.40020752	-8.82223034			
464	b	7	906.44281006	-9.30592155			
464	b	8	1021.46972656	-8.43400383			
464	b	9	1134.55371094	-8.95109749			
464	b	10	1221.58569336	-9.96578407			
464	b	11	1350.62829590	-9.59303761			
464	b	12	1421.66540527	-9.60808468			
464	b	13	1534.74951172	-8.32227135			
464	b	14	1631.80224609	-9.96578407			
464	b	15	1688.82373047	-9.96578407			
464	b	16	1803.85070801	-9.96578407			
464	b	17	1917.89367676	-9.96578407			
464	b	18	2016.96203613	-9.96578407			
464	b	19	2073.98364258	-9.96578407			
464	b	20	2221.05200195	-9.96578407			
464	b	21	2335.09497070	-9.95957184			
464	b	22	2434.16333008	-9.94569778			
464	y	1	147.11276245	-8.55936813			
464	y	2	246.18116760	-8.38312817			
464	y	3	360.22409058	-8.81563282			
464	y	4	507.29251099	-9.21725368			
464	y	5	564.31402588	-6.86690569			
464	y	6	663.38244629	-8.93132496			
464	y	7	777.42535400	-7.76545954			
464	y	8	892.45227051	-8.71723652			
464	y	9	949.47375488	-7.64737272			
464	y	10	1046.52648926	-4.91562033			
464	y	11	1159.61059570	-7.86682367			
464	y	12	1230.64770508	-8.77457523			
464	y	13	1359.69030762	-9.63698292			
464	y	14	1446.72229004	-9.26963329			
464	y	15	1559.80639648	-9.88795948			
464	y	16	1674.83337402	-9.71360683			
464	y	17	1803.87597656	-9.77073669			
464	y	18	1940.93493652	-9.92681217			
464	y	19	2067.96191406	-9.95989323			
464	y	20	2224.06298828	-9.96578407			
464	y	21	2352.15795898	-9.96578407			
464	y	22	2451.22631836	-9.96354961			
465	b	1	157.10833740	-9.08935070			
465	b	2	320.17166138	-9.67738056			
465	b	3	391.20877075	-9.22081280			
465	b	4	506.23571777	-7.20837545			
465	b	5	619.31982422	-7.31974316			
465	b	6	720.36749268	-7.96025276			
465	b	7	849.41009521	-7.74756670			
465	b	8	964.43701172	-6.46277237			
465	b	9	1092.49548340	-5.95413351			
465	b	10	1205.57958984	-5.41778851			
465	b	11	1302.63232422	-9.89948559			
465	b	12	1389.66430664	-9.19101906			
465	b	13	1549.69494629	-9.95791721			
465	b	14	1678.73754883	-9.85115242			
465	b	15	1765.76953125	-9.85063362			
465	b	16	1878.85363770	-9.77429485			
465	b	17	2006.94860840	-9.96578407			
465	b	18	2121.97558594	-9.96578407			
465	b	19	2223.02319336	-9.96578407			
465	b	20	2336.10717773	-9.93899345			
465	b	21	2407.14428711	-9.96578407			
465	y	1	175.11891174	-6.69233418			
465	y	2	246.15602112	-8.17806244			
465	y	3	359.24008179	-9.62537003			
465	y	4	460.28775024	-6.56657553			
465	y	5	575.31469727	-7.38770866			
465	y	6	703.40966797	-6.91736269			
465	y	7	816.49371338	-7.91404486			
465	y	8	903.52575684	-7.60105085			
465	y	9	1032.56835938	-7.59316444			
465	y	10	1192.59912109	-9.43137169			
465	y	11	1279.63110352	-9.06077766			
465	y	12	1376.68383789	-8.55531311			
465	y	13	1489.76794434	-9.96578407			
465	y	14	1617.82653809	-9.91385841			
465	y	15	1732.85351562	-9.96578407			
465	y	16	1861.89611816	-9.96578407			
465	y	17	1962.94384766	-9.96578407			
465	y	18	2076.02783203	-9.96578407			
465	y	19	2191.05468750	-9.93677044			
465	y	20	2262.09179688	-9.96578407			
465	y	21	2425.15502930	-9.96578407			
466	b	1	72.04434967	-9.90907955			
466	b	2	143.08146667	-6.52328157			
466	b	3	256.16552734	-5.79832935			
466	b	4	429.19790649	-6.66338253			
466	b	5	500.23501587	-8.46052647			
466	b	6	601.28271484	-9.24888992			
466	b	7	714.36676025	-9.66815567			
466	b	8	785.40386963	-9.80916882			
466	b	9	914.44647217	-9.90010452			
466	b	10	1015.49414062	-9.90294933			
466	b	11	1144.53662109	-9.91075611			
466	b	12	1215.57373047	-9.96578407			
466	y	1	175.11891174	-6.54262733			
466	y	2	246.15602112	-6.48981190			
466	y	3	375.19857788	-8.85510826			
466	y	4	476.24624634	-6.71434212			
466	y	5	605.28887939	-5.94257879			
466	y	6	676.32598877	-4.42041445			
466	y	7	789.41003418	-5.60595894			
466	y	8	890.45770264	-4.65864992			
466	y	9	961.49481201	-4.42462587			
466	y	10	1134.52722168	-5.31733322			
466	y	11	1247.61132812	-8.96885777			
466	y	12	1318.64843750	-9.90734196			
467	b	1	173.03793335	-9.77412415			
467	b	2	260.06997681	-9.96578407			
467	b	3	347.10202026	-9.96578407			
467	b	4	460.18606567	-9.96578407			
467	b	5	531.22320557	-9.96578407			
467	b	6	602.26031494	-9.96578407			
467	b	7	673.29742432	-9.96578407			
467	b	8	786.38146973	-9.96578407			
467	b	9	857.41857910	-9.94830608			
467	b	10	928.45568848	-9.96578407			
467	b	11	1027.52404785	-9.95786667			
467	b	12	1141.56701660	-9.96578407			
467	b	13	1212.60412598	-9.96578407			
467	b	14	1325.68823242	-9.96578407			
467	b	15	1462.74719238	-9.96578407			
467	b	16	1519.76867676	-9.93586349			
467	y	1	175.11891174	-6.71072721			
467	y	2	232.14038086	-6.79400063			
467	y	3	369.19927979	-6.06319380			
467	y	4	482.28335571	-6.62217522			
467	y	5	553.32049561	-6.91966152			
467	y	6	667.36340332	-5.28112459			
467	y	7	766.43182373	-5.69040775			
467	y	8	837.46893311	-5.48662996			
467	y	9	908.50604248	-5.78585052			
467	y	10	1021.59008789	-7.73766994			
467	y	11	1092.62719727	-8.56372261			
467	y	12	1163.66430664	-9.09460449			
467	y	13	1234.70141602	-9.15335941			
467	y	14	1347.78552246	-9.96578407			
467	y	15	1434.81750488	-9.92384243			
467	y	16	1521.84948730	-9.96578407			
468	b	1	58.02870178	-9.90141582			
468	b	2	115.05016327	-6.33680058			
468	b	3	202.08218384	-5.58929205			
468	b	4	315.16622925	-8.52914619			
468	b	5	412.21899414	-9.96578407			
468	b	6	540.31402588	-9.96578407			
468	b	7	639.38244629	-9.85478592			
468	b	8	768.42504883	-9.74830151			
468	b	9	839.46215820	-9.87834930			
468	y	1	147.11276245	-5.84085131			
468	y	2	218.14988708	-5.81914043			
468	y	3	347.19247437	-6.63761806			
468	y	4	446.26089478	-6.58161068			
468	y	5	574.35589600	-6.55963850			
468	y	6	671.40869141	-3.42754722			
468	y	7	784.49273682	-7.16234064			
468	y	8	871.52478027	-8.85519409			
468	y	9	928.54626465	-9.91597080			
469	b	1	114.09129333	-9.93756580			
469	b	2	261.15969849	-5.19042826			
469	b	3	390.20230103	-6.55915356			
469	b	4	503.28634644	-9.94338512			
469	b	5	590.31842041	-9.71290398			
469	b	6	705.34533691	-8.76849365			
469	b	7	818.42938232	-9.68395805			
469	b	8	917.49780273	-9.71499062			
469	b	9	1030.58178711	-9.92531776			
469	y	1	147.11276245	-5.44947433			
469	y	2	260.19680786	-6.16815710			
469	y	3	359.26522827	-7.26761103			
469	y	4	472.34927368	-8.86527729			
469	y	5	587.37622070	-8.40795612			
469	y	6	674.40826416	-5.78929853			
469	y	7	787.49230957	-5.93269920			
469	y	8	916.53491211	-4.58284903			
469	y	9	1063.60327148	-7.06069422			
470	b	1	72.04434967	-9.89706707			
470	b	2	159.07638550	-7.00489330			
470	b	3	319.10708618	-9.93928146			
470	b	4	420.15475464	-9.96578407			
470	b	5	521.20245361	-9.96578407			
470	b	6	635.24536133	-9.96578407			
470	b	7	795.27600098	-9.96578407			
470	b	8	908.36004639	-9.96578407			
470	b	9	979.39715576	-9.96578407			
470	b	10	1076.44982910	-9.89567566			
470	b	11	1189.53393555	-9.91709137			
470	b	12	1260.57104492	-9.95952320			
470	y	1	147.11276245	-6.02409458			
470	y	2	218.14988708	-6.02796555			
470	y	3	331.23391724	-9.00446033			
470	y	4	428.28668213	-4.34349155			
470	y	5	499.32379150	-5.51752710			
470	y	6	612.40789795	-6.12383413			
470	y	7	772.43853760	-6.66626024			
470	y	8	886.48144531	-6.42742395			
470	y	9	987.52911377	-5.76651335			
470	y	10	1088.57678223	-6.85278177			
470	y	11	1248.60742188	-9.69052410			
470	y	12	1335.63940430	-9.96578407			
471	b	1	88.03926086	-9.35205173			
471	b	2	201.12332153	-5.19884872			
471	b	3	316.15026855	-4.88234377			
471	b	4	429.23434448	-8.40443707			
471	b	5	557.32934570	-9.42898655			
471	b	6	672.35626221	-8.56371117			
471	b	7	800.45123291	-8.21560097			
471	b	8	963.51458740	-8.14739704			
471	y	1	147.11276245	-5.92623854			
471	y	2	310.17605591	-6.41644859			
471	y	3	438.27102661	-7.74885559			
471	y	4	553.29797363	-6.22197771			
471	y	5	681.39294434	-6.02849722			
471	y	6	794.47698975	-6.08998966			
471	y	7	909.50390625	-4.94904613			
471	y	8	1022.58795166	-9.96578407			
472	b	1	100.07564545	-9.90566540			
472	b	2	213.15969849	-8.63808727			
472	b	3	350.21859741	-7.02626324			
472	b	4	465.24554443	-8.16270065			
472	b	5	579.28851318	-8.65341377			
472	b	6	726.35693359	-7.93302059			
472	b	7	825.42535400	-7.83266640			
472	b	8	924.49377441	-8.08088779			
472	b	9	1055.53417969	-9.29848385			
472	b	10	1112.55566406	-9.96578407			
472	b	11	1592.69262695	-9.92666340			
472	b	12	1705.77673340	-9.96578407			
472	b	13	1836.81726074	-9.91681767			
472	b	14	1937.86499023	-9.96578407			
472	b	15	2050.94921875	-9.96578407			
472	b	16	2150.01757812	-9.68545818			
472	b	17	2287.07641602	-9.96578407			
472	b	18	2358.11352539	-9.96578407			
472	b	19	2471.19750977	-9.96578407			
472	b	20	2572.24511719	-9.96578407			
472	b	21	2643.28222656	-9.96578407			
472	b	22	2744.32983398	-9.96578407			
472	b	23	2872.38842773	-9.96578407			
472	y	1	147.11276245	-7.34013987			
472	y	2	275.17132568	-8.08231926			
472	y	3	376.21899414	-7.67798424			
472	y	4	447.25610352	-8.60210133			
472	y	5	548.30383301	-7.45685196			
472	y	6	661.38787842	-8.48096466			
472	y	7	732.42498779	-6.73784590			
472	y	8	869.48388672	-7.41180754			
472	y	9	968.55230713	-7.41641426			
472	y	10	1081.63635254	-8.29671860			
472	y	11	1182.68408203	-7.80763197			
472	y	12	1313.72460938	-8.64407921			
472	y	13	1426.80871582	-9.71110630			
472	y	14	1906.94567871	-9.96578407			
472	y	15	1963.96716309	-9.87847710			
472	y	16	2095.00756836	-9.93394756			
472	y	17	2194.07592773	-9.92220974			
472	y	18	2293.14428711	-9.96578407			
472	y	19	2440.21264648	-9.96578407			
472	y	20	2554.25561523	-9.96578407			
472	y	21	2669.28247070	-9.96578407			
472	y	22	2806.34130859	-9.96578407			
472	y	23	2919.42529297	-9.96578407			
473	b	1	115.05016327	-9.08383369			
473	b	2	243.10873413	-4.22702265			
473	b	3	342.17715454	-4.61301613			
473	b	4	413.21426392	-6.26852560			
473	b	5	544.25476074	-8.16441059			
473	b	6	658.29766846	-8.58522701			
473	b	7	755.35040283	-9.96578407			
473	b	8	856.39807129	-9.93007183			
473	b	9	970.44097900	-9.96578407			
473	b	10	1117.47631836	-9.96578407			
473	b	11	1216.54467773	-9.95037746			
473	b	12	1363.61315918	-9.90020466			
473	b	13	1478.64013672	-9.85673714			
473	b	14	1549.67724609	-9.96578407			
473	b	15	1677.77221680	-9.96578407			
473	y	1	175.11891174	-6.31322336			
473	y	2	303.21383667	-9.14882374			
473	y	3	374.25094604	-5.41619062			
473	y	4	489.27789307	-8.37133503			
473	y	5	636.34631348	-6.57472277			
473	y	6	735.41473389	-7.14042282			
473	y	7	882.45013428	-7.92534113			
473	y	8	996.49304199	-7.73613071			
473	y	9	1097.54077148	-8.33558273			
473	y	10	1194.59350586	-4.44185257			
473	y	11	1308.63647461	-6.36711836			
473	y	12	1439.67700195	-6.94269657			
473	y	13	1510.71411133	-7.26655674			
473	y	14	1609.78247070	-8.72531700			
473	y	15	1737.84106445	-9.96578407			
474	b	1	100.07564545	-9.96578407			
474	b	2	213.15969849	-5.74230480			
474	b	3	314.20736694	-5.43939352			
474	b	4	413.27578735	-7.26862478			
474	b	5	526.35986328	-9.25446129			
474	b	6	640.40277100	-9.54990387			
474	b	7	768.46136475	-9.59071827			
474	b	8	869.50903320	-9.76229286			
474	b	9	997.56762695	-9.77436352			
474	b	10	1125.66247559	-9.96578407			
474	b	11	1254.70507812	-9.68747234			
474	b	12	1368.74804688	-9.86425686			
474	b	13	1481.83215332	-9.81909943			
474	y	1	175.11891174	-6.65314579			
474	y	2	288.20297241	-9.24772835			
474	y	3	402.24591064	-7.46208477			
474	y	4	531.28851318	-7.07649326			
474	y	5	659.38348389	-6.79141903			
474	y	6	787.44207764	-7.25355101			
474	y	7	888.48974609	-5.85066509			
474	y	8	1016.54833984	-6.58590508			
474	y	9	1130.59130859	-4.75525188			
474	y	10	1243.67541504	-4.98788023			
474	y	11	1342.74377441	-7.83201504			
474	y	12	1443.79150391	-7.34266281			
474	y	13	1556.87561035	-9.96578407			
475	b	1	115.05016327	-9.93047714			
475	b	2	228.13421631	-5.40609121			
475	b	3	357.17678833	-6.53133821			
475	b	4	428.21389771	-6.53264427			
475	b	5	541.29797363	-7.36032248			
475	b	6	612.33508301	-6.66582537			
475	b	7	725.41912842	-7.88057041			
475	b	8	840.44604492	-7.26303101			
475	b	9	953.53009033	-7.78702974			
475	b	10	1084.57055664	-9.06316185			
475	b	11	1213.61315918	-9.52413082			
475	b	12	1314.66088867	-9.84012508			
475	b	13	1443.70349121	-9.94752693			
475	b	14	1571.76208496	-9.93066978			
475	b	15	1642.79919434	-9.92590809			
475	b	16	1741.86755371	-9.96578407			
475	b	17	1856.89453125	-9.88654613			
475	b	18	1969.97863770	-9.96578407			
475	b	19	2071.02636719	-9.96578407			
475	b	20	2184.11035156	-9.96578407			
475	b	21	2281.16308594	-9.93540859			
475	y	1	147.11276245	-6.37061405			
475	y	2	244.16552734	-4.75241280			
475	y	3	357.24957275	-7.13361454			
475	y	4	458.29724121	-7.35249090			
475	y	5	571.38134766	-7.31785393			
475	y	6	686.40826416	-6.36080503			
475	y	7	785.47668457	-6.70661879			
475	y	8	856.51379395	-6.82328033			
475	y	9	984.57238770	-7.21847725			
475	y	10	1113.61499023	-7.49225140			
475	y	11	1214.66271973	-7.55956554			
475	y	12	1343.70532227	-7.99228573			
475	y	13	1474.74584961	-8.86808205			
475	y	14	1587.82995605	-9.76880550			
475	y	15	1702.85693359	-9.68437576			
475	y	16	1815.94104004	-9.92601299			
475	y	17	1886.97814941	-9.87426090			
475	y	18	2000.06225586	-9.96578407			
475	y	19	2071.09936523	-9.94136238			
475	y	20	2200.14184570	-9.96578407			
475	y	21	2313.22583008	-9.95530224			
476	b	1	72.04434967	-9.96578407			
476	b	2	185.12841797	-5.54496765			
476	b	3	313.18698120	-6.69072533			
476	b	4	427.22991943	-6.29251146			
476	b	5	540.31402588	-7.03817940			
476	b	6	653.39807129	-8.94027901			
476	b	7	750.45086670	-9.96578407			
476	b	8	821.48797607	-9.96578407			
476	b	9	908.52001953	-9.96578407			
476	b	10	1009.56768799	-9.93967819			
476	b	11	1066.58911133	-9.96578407			
476	b	12	1137.62622070	-9.91461849			
476	b	13	1208.66333008	-9.95232010			
476	y	1	147.11276245	-6.96516132			
476	y	2	218.14988708	-8.34667015			
476	y	3	289.18698120	-9.51716614			
476	y	4	346.20843506	-7.74744225			
476	y	5	447.25610352	-8.10434532			
476	y	6	534.28814697	-6.94566727			
476	y	7	605.32525635	-8.91395092			
476	y	8	702.37805176	-2.63253713			
476	y	9	815.46209717	-4.19525576			
476	y	10	928.54614258	-6.38243628			
476	y	11	1042.58898926	-5.77736044			
476	y	12	1170.64758301	-8.78071785			
476	y	13	1283.73168945	-9.96578407			
477	b	1	114.09129333	-9.93698215			
477	b	2	227.17535400	-5.97958612			
477	b	3	341.21829224	-8.65518951			
477	b	4	469.31326294	-9.96578407			
477	b	5	566.36602783	-9.96578407			
477	b	6	667.41369629	-9.96578407			
477	b	7	738.45080566	-8.98725128			
477	b	8	809.48791504	-8.54023170			
477	b	9	880.52502441	-7.89060020			
477	b	10	993.60906982	-9.37755108			
477	b	11	1064.64611816	-9.43606567			
477	b	12	1227.70947266	-9.92231369			
477	b	13	1284.73095703	-9.82651901			
477	b	14	1397.81506348	-9.96427441			
477	b	15	1512.84204102	-9.96578407			
477	b	16	1640.93701172	-9.96578407			
477	y	1	175.11891174	-5.94378662			
477	y	2	303.21383667	-4.44736862			
477	y	3	418.24078369	-8.36905289			
477	y	4	531.32489014	-8.06317043			
477	y	5	588.34637451	-4.66121626			
477	y	6	751.40966797	-4.82785177			
477	y	7	822.44677734	-4.28672028			
477	y	8	935.53082275	-6.03817844			
477	y	9	1006.56793213	-6.38356733			
477	y	10	1077.60510254	-7.47778320			
477	y	11	1148.64221191	-7.95314837			
477	y	12	1249.68994141	-8.59889126			
477	y	13	1346.74267578	-8.68298912			
477	y	14	1474.83764648	-9.96578407			
477	y	15	1588.88061523	-9.96578407			
477	y	16	1701.96472168	-9.96578407			
478	b	1	102.05490875	-8.40857792			
478	b	2	215.13897705	-4.80341530			
478	b	3	328.22305298	-7.21090412			
478	b	4	415.25509644	-8.42092419			
478	b	5	529.29803467	-8.99121284			
478	b	6	657.35662842	-7.81098557			
478	b	7	758.40429688	-8.32737923			
478	b	8	857.47271729	-9.05100632			
478	b	9	971.51562500	-9.06785774			
478	b	10	1084.59960938	-8.32153320			
478	b	11	1181.65234375	-9.93466759			
478	b	12	1310.69494629	-9.87788582			
478	b	13	1424.73791504	-9.88748264			
478	b	14	1523.80627441	-9.83756351			
478	b	15	1638.83325195	-9.90595818			
478	b	16	1751.91735840	-9.96578407			
478	b	17	1852.96508789	-9.94678783			
478	b	18	1966.04919434	-9.96578407			
478	y	1	147.11276245	-6.66583443			
478	y	2	260.19680786	-7.72704124			
478	y	3	361.24447632	-7.04934025			
478	y	4	474.32852173	-7.32775640			
478	y	5	589.35546875	-6.99632549			
478	y	6	688.42388916	-8.66275215			
478	y	7	802.46679688	-7.85511398			
478	y	8	931.50939941	-9.13419151			
478	y	9	1028.56213379	-4.25214243			
478	y	10	1141.64624023	-7.35540915			
478	y	11	1255.68920898	-5.94756269			
478	y	12	1354.75756836	-6.71351576			
478	y	13	1455.80529785	-6.47999525			
478	y	14	1583.86389160	-8.28060150			
478	y	15	1697.90686035	-9.12203312			
478	y	16	1784.93884277	-9.10776806			
478	y	17	1898.02294922	-9.86745930			
478	y	18	2011.10705566	-9.95801163			
479	b	1	58.02870178	-9.92808056			
479	b	2	171.11276245	-6.47704220			
479	b	3	268.16552734	-8.06367111			
479	b	4	339.20263672	-8.06539822			
479	b	5	436.25540161	-9.72689342			
479	b	6	507.29251099	-9.29934692			
479	b	7	606.36096191	-9.43913269			
479	b	8	705.42938232	-9.70741844			
479	b	9	833.52435303	-9.58392811			
479	y	1	147.11276245	-5.76776028			
479	y	2	275.20770264	-6.43685293			
479	y	3	374.27612305	-6.85510635			
479	y	4	473.34454346	-7.77577353			
479	y	5	544.38171387	-8.08765316			
479	y	6	641.43444824	-3.87230158			
479	y	7	712.47155762	-5.71116066			
479	y	8	809.52429199	-5.33343840			
479	y	9	922.60833740	-9.96578407			
480	b	1	129.10218811	-3.45766234			
480	b	2	200.13931274	-7.12357140			
480	b	3	315.16625977	-6.73196983			
480	b	4	428.25033569	-8.69379902			
480	b	5	543.27728271	-7.17898703			
480	b	6	656.36132812	-9.40280819			
480	b	7	757.40899658	-9.58051586			
480	b	8	885.50396729	-8.73226738			
480	y	1	175.11891174	-5.05176640			
480	y	2	303.21383667	-8.03613472			
480	y	3	404.26150513	-7.43471193			
480	y	4	517.34558105	-5.39332294			
480	y	5	632.37249756	-5.71943569			
480	y	6	745.45654297	-5.47811842			
480	y	7	860.48345947	-4.99826717			
480	y	8	931.52056885	-4.68146896			
481	b	1	100.07564545	-9.88788891			
481	b	2	213.15969849	-8.54476643			
481	b	3	350.21859741	-6.92719460			
481	b	4	465.24554443	-8.09417248			
481	b	5	579.28851318	-8.24848652			
481	b	6	726.35693359	-8.11940956			
481	b	7	783.37841797	-7.41616011			
481	b	8	896.46246338	-6.45828009			
481	b	9	995.53088379	-7.63092136			
481	b	10	1124.57336426	-8.66274357			
481	b	11	1181.59484863	-7.87301731			
481	b	12	1294.67895508	-8.00473022			
481	b	13	1425.71948242	-9.36825275			
481	b	14	1526.76721191	-9.63970947			
481	b	15	1639.85131836	-9.96578407			
481	b	16	1738.91967773	-9.61250114			
481	b	17	1875.97863770	-9.96578407			
481	b	18	1947.01574707	-9.96578407			
481	b	19	2060.09985352	-9.96578407			
481	b	20	2161.14746094	-9.96578407			
481	b	21	2232.18457031	-9.96578407			
481	b	22	2333.23217773	-9.95395470			
481	b	23	2461.29077148	-9.96578407			
481	y	1	147.11276245	-6.96204758			
481	y	2	275.17132568	-8.10249329			
481	y	3	376.21899414	-7.73933220			
481	y	4	447.25610352	-8.58850384			
481	y	5	548.30383301	-7.17127085			
481	y	6	661.38787842	-7.89803028			
481	y	7	732.42498779	-6.83861446			
481	y	8	869.48388672	-6.11136913			
481	y	9	968.55230713	-6.00655365			
481	y	10	1081.63635254	-8.24358749			
481	y	11	1182.68408203	-7.12028074			
481	y	12	1313.72460938	-8.46385098			
481	y	13	1426.80871582	-9.93188667			
481	y	14	1483.83020020	-9.58177185			
481	y	15	1612.87280273	-9.49632645			
481	y	16	1711.94116211	-9.71864700			
481	y	17	1825.02526855	-9.96578407			
481	y	18	1882.04675293	-9.90773392			
481	y	19	2029.11523438	-9.96578407			
481	y	20	2143.15820312	-9.96445465			
481	y	21	2258.18505859	-9.95705318			
481	y	22	2395.24389648	-9.96578407			
481	y	23	2508.32788086	-9.96578407			
482	b	1	58.02870178	-9.95194340			
482	b	2	205.09712219	-5.06552792			
482	b	3	334.13970947	-4.49153423			
482	b	4	447.22378540	-8.39163303			
482	b	5	548.27148438	-8.57638931			
482	b	6	645.32427979	-9.83077049			
482	b	7	742.37701416	-9.96578407			
482	b	8	841.44543457	-9.96578407			
482	b	9	940.51385498	-9.92299366			
482	b	10	1053.59790039	-9.96578407			
482	y	1	175.11891174	-6.07897091			
482	y	2	288.20297241	-8.10501862			
482	y	3	387.27139282	-8.07272053			
482	y	4	486.33981323	-8.66024685			
482	y	5	583.39257812	-5.96724415			
482	y	6	680.44531250	-3.03738308			
482	y	7	781.49298096	-3.91288614			
482	y	8	894.57702637	-5.84345245			
482	y	9	1023.61962891	-7.59213114			
482	y	10	1170.68798828	-9.91287899			
483	b	1	129.10218811	-3.46420169			
483	b	2	186.12365723	-7.72873545			
483	b	3	285.19207764	-7.32797098			
483	b	4	398.27615356	-7.94230700			
483	b	5	499.32382202	-8.63059425			
483	b	6	598.39227295	-7.79642391			
483	b	7	726.48724365	-8.56314182			
483	b	8	841.51416016	-7.45490456			
483	b	9	898.53564453	-8.43851185			
483	y	1	147.11276245	-6.40484715			
483	y	2	204.13423157	-4.86265850			
483	y	3	319.16116333	-6.17084837			
483	y	4	447.25613403	-6.29071665			
483	y	5	546.32458496	-6.71267986			
483	y	6	647.37225342	-5.67870712			
483	y	7	760.45629883	-5.96387386			
483	y	8	859.52471924	-7.95574570			
483	y	9	916.54620361	-4.84976959			
484	b	1	100.07564545	-9.96326256			
484	b	2	228.17059326	-5.79146481			
484	b	3	341.25466919	-6.05217266			
484	b	4	454.33871460	-7.26381111			
484	b	5	567.42279053	-8.63164139			
484	b	6	696.46539307	-8.36662960			
484	b	7	795.53381348	-9.04583549			
484	b	8	923.59240723	-9.06022358			
484	b	9	1060.65124512	-8.99364090			
484	b	10	1131.68835449	-8.99798298			
484	b	11	1218.72033691	-9.72958946			
484	y	1	147.11276245	-6.72997046			
484	y	2	234.14479065	-6.19902802			
484	y	3	305.18188477	-6.88435078			
484	y	4	442.24081421	-6.28235292			
484	y	5	570.29943848	-7.24670124			
484	y	6	669.36785889	-6.36811781			
484	y	7	798.41046143	-6.05323505			
484	y	8	911.49450684	-4.76409149			
484	y	9	1024.57849121	-5.07832479			
484	y	10	1137.66259766	-5.05617237			
484	y	11	1265.75756836	-9.96013927			
485	b	1	157.10833740	-9.12298584			
485	b	2	256.17675781	-9.55972290			
485	b	3	369.26083374	-8.90815258			
485	b	4	482.34487915	-8.07294464			
485	b	5	569.37695312	-8.45961285			
485	b	6	640.41406250	-6.24413109			
485	b	7	737.46685791	-9.96578407			
485	b	8	824.49890137	-9.03469372			
485	b	9	895.53601074	-8.84847736			
485	b	10	1010.56292725	-7.69593430			
485	b	11	1081.59997559	-7.05201864			
485	b	12	1178.65270996	-9.77327919			
485	b	13	1309.69323730	-9.55067921			
485	b	14	1456.76159668	-9.73438549			
485	b	15	1555.82995605	-9.91454506			
485	b	16	1686.87048340	-9.96578407			
485	b	17	1801.89746094	-9.96578407			
485	b	18	1900.96582031	-9.96578407			
485	b	19	2015.00878906	-9.96578407			
485	b	20	2152.06787109	-9.96512699			
485	b	21	2281.11035156	-9.96385956			
485	b	22	2409.20532227	-9.96578407			
485	b	23	2572.26855469	-9.95036888			
485	b	24	2687.29541016	-9.96578407			
485	b	25	2801.33837891	-9.96578407			
485	b	26	2888.37036133	-9.94936085			
485	b	27	3001.45434570	-9.96578407			
485	y	1	147.11276245	-7.62568140			
485	y	2	260.19680786	-8.49837589			
485	y	3	347.22885132	-8.85693455			
485	y	4	461.27178955	-7.65008450			
485	y	5	576.29876709	-8.78282070			
485	y	6	739.36206055	-7.66756678			
485	y	7	867.45703125	-8.08395576			
485	y	8	996.49963379	-7.76060486			
485	y	9	1133.55859375	-8.49632740			
485	y	10	1247.60156250	-8.36898613			
485	y	11	1346.66992188	-9.24139977			
485	y	12	1461.69689941	-9.03872585			
485	y	13	1592.73742676	-9.07250595			
485	y	14	1691.80578613	-9.75042629			
485	y	15	1838.87426758	-9.85741043			
485	y	16	1969.91479492	-9.90496731			
485	y	17	2066.96752930	-9.96578407			
485	y	18	2138.00463867	-9.94063091			
485	y	19	2253.03149414	-9.96578407			
485	y	20	2324.06860352	-9.93324184			
485	y	21	2411.10058594	-9.96578407			
485	y	22	2508.15332031	-9.96578407			
485	y	23	2579.19042969	-9.96578407			
485	y	24	2666.22241211	-9.95473099			
485	y	25	2779.30639648	-9.95101547			
485	y	26	2892.39038086	-9.95030212			
485	y	27	2991.45874023	-9.96209526			
486	b	1	58.02870178	-9.96578407			
486	b	2	205.09712219	-5.95196342			
486	b	3	262.11859131	-6.39457703			
486	b	4	409.18701172	-7.67506361			
486	b	5	508.25543213	-8.49844933			
486	b	6	609.30316162	-8.97130680			
486	b	7	772.36651611	-9.71660423			
486	b	8	887.39343262	-9.72726727			
486	b	9	988.44110107	-9.47851372			
486	b	10	1087.50939941	-9.96578407			
486	b	11	1144.53088379	-9.96578407			
486	b	12	1273.57348633	-9.96578407			
486	b	13	1404.61401367	-9.96578407			
486	b	14	1519.64099121	-9.88926601			
486	b	15	1590.67810059	-9.96578407			
486	b	16	1661.71520996	-9.96578407			
486	b	17	1792.75573730	-9.96578407			
486	b	18	1906.79870605	-9.96578407			
486	b	19	1977.83581543	-9.96578407			
486	b	20	2133.93701172	-9.96578407			
486	b	21	2230.98974609	-9.95573235			
486	b	22	2368.04858398	-9.95452785			
486	y	1	147.11276245	-7.14269590			
486	y	2	284.17166138	-9.28116131			
486	y	3	381.22442627	-8.33789825			
486	y	4	537.32556152	-8.39912891			
486	y	5	608.36267090	-8.19487190			
486	y	6	722.40557861	-7.80236149			
486	y	7	853.44604492	-7.34704685			
486	y	8	924.48315430	-8.16316319			
486	y	9	995.52026367	-8.29319191			
486	y	10	1110.54724121	-9.08209705			
486	y	11	1241.58776855	-9.46601391			
486	y	12	1370.63037109	-9.87053490			
486	y	13	1427.65185547	-9.61442852			
486	y	14	1526.72021484	-9.90512180			
486	y	15	1627.76794434	-9.83995628			
486	y	16	1742.79492188	-9.89920998			
486	y	17	1905.85827637	-9.94032288			
486	y	18	2006.90600586	-9.96007442			
486	y	19	2105.97436523	-9.96578407			
486	y	20	2253.04272461	-9.94426823			
486	y	21	2310.06420898	-9.96578407			
486	y	22	2457.13256836	-9.95805168			
487	b	1	58.02870178	-9.96578407			
487	b	2	171.11276245	-6.48192787			
487	b	3	268.16552734	-8.06263828			
487	b	4	339.20263672	-8.72443581			
487	b	5	436.25540161	-9.45247173			
487	b	6	507.29251099	-9.15248299			
487	b	7	606.36096191	-9.39550781			
487	b	8	705.42938232	-9.73628807			
487	y	1	147.11276245	-5.37097216			
487	y	2	246.18116760	-6.45532990			
487	y	3	345.24957275	-7.46059036			
487	y	4	416.28668213	-8.19250393			
487	y	5	513.33947754	-3.90593410			
487	y	6	584.37658691	-5.74127579			
487	y	7	681.42932129	-4.84132433			
487	y	8	794.51336670	-9.93975830			
488	b	1	114.09129333	-9.91964149			
488	b	2	227.17535400	-5.49709415			
488	b	3	314.20736694	-7.34510803			
488	b	4	427.29141235	-9.96578407			
488	b	5	514.32348633	-9.92424774			
488	b	6	571.34497070	-9.96578407			
488	b	7	699.43994141	-9.95793056			
488	y	1	175.11891174	-5.40562534			
488	y	2	303.21383667	-8.99009514			
488	y	3	360.23529053	-7.22265053			
488	y	4	447.26730347	-5.19171381			
488	y	5	560.35137939	-6.24910498			
488	y	6	647.38342285	-2.82535529			
488	y	7	760.46746826	-5.92970705			
489	b	1	187.08654785	-8.49170208			
489	b	2	274.11856079	-6.93109035			
489	b	3	387.20260620	-8.47441196			
489	b	4	500.28665161	-9.85204411			
489	b	5	628.34527588	-9.77397060			
489	b	6	757.38787842	-9.64413071			
489	b	7	885.44647217	-9.81306076			
489	y	1	147.11276245	-5.56814623			
489	y	2	275.17132568	-6.59235668			
489	y	3	404.21389771	-7.24478197			
489	y	4	532.27252197	-6.23002815			
489	y	5	645.35656738	-5.63306761			
489	y	6	758.44061279	-5.75678396			
489	y	7	845.47265625	-5.20146704			
490	b	1	129.10218811	-5.60399342			
490	b	2	226.15495300	-7.90970516			
490	b	3	283.17642212	-9.57411385			
490	b	4	340.19787598	-8.06032944			
490	b	5	487.26629639	-7.60504150			
490	b	6	602.29327393	-4.74513865			
490	b	7	715.37731934	-7.17206001			
490	b	8	802.40936279	-7.58921719			
490	b	9	915.49340820	-9.15950203			
490	b	10	1062.56176758	-9.85042000			
490	b	11	1225.62512207	-9.94923401			
490	y	1	175.11891174	-5.28546619			
490	y	2	338.18222046	-5.84021044			
490	y	3	485.25064087	-3.88950205			
490	y	4	598.33471680	-4.99753380			
490	y	5	685.36676025	-4.54101706			
490	y	6	798.45080566	-8.36640549			
490	y	7	913.47772217	-9.51865864			
490	y	8	1060.54614258	-9.95889473			
490	y	9	1117.56762695	-9.79229546			
490	y	10	1174.58911133	-9.72552395			
490	y	11	1271.64184570	-9.79769135			
491	b	1	114.09129333	-9.96518803			
491	b	2	227.17535400	-4.84491968			
491	b	3	328.22302246	-7.95267057			
491	b	4	457.26559448	-9.63826180			
491	b	5	528.30273438	-9.69124603			
491	b	6	625.35552979	-9.43507004			
491	b	7	738.43957520	-9.83031273			
491	b	8	852.48248291	-9.76673126			
491	b	9	949.53521729	-9.96236897			
491	y	1	147.11276245	-7.13245296			
491	y	2	244.16552734	-5.61404181			
491	y	3	358.20843506	-6.38190746			
491	y	4	471.29251099	-8.66350269			
491	y	5	568.34533691	-4.49595022			
491	y	6	639.38244629	-5.12777328			
491	y	7	768.42504883	-6.10261011			
491	y	8	869.47271729	-4.25892210			
491	y	9	982.55676270	-7.98309517			
492	b	1	115.05016327	-9.96578407			
492	b	2	228.13421631	-4.65975761			
492	b	3	315.16622925	-6.82607937			
492	b	4	462.23464966	-9.59251118			
492	b	5	549.26672363	-9.44373703			
492	b	6	662.35076904	-9.59015083			
492	b	7	848.43011475	-9.75170994			
492	b	8	963.45703125	-9.89527893			
492	b	9	1062.52539062	-9.70621681			
492	b	10	1119.54687500	-9.85069466			
492	b	11	1176.56835938	-9.94282150			
492	b	12	1304.62695312	-9.91059303			
492	b	13	1419.65393066	-9.91908836			
492	y	1	147.11276245	-6.74569893			
492	y	2	262.13967896	-7.64979315			
492	y	3	390.19827271	-9.32269096			
492	y	4	447.21972656	-7.76062727			
492	y	5	504.24118042	-6.05546093			
492	y	6	603.30963135	-6.41844273			
492	y	7	718.33654785	-6.33463240			
492	y	8	904.41589355	-5.10927534			
492	y	9	1017.49993896	-6.62353230			
492	y	10	1104.53198242	-5.21846294			
492	y	11	1251.60034180	-6.98622417			
492	y	12	1338.63232422	-5.16747761			
492	y	13	1451.71643066	-9.96578407			
493	b	1	129.10218811	-2.96841240			
493	b	2	242.18624878	-7.40542746			
493	b	3	371.22885132	-8.04816723			
493	b	4	484.31289673	-8.70517063			
493	b	5	571.34497070	-9.35953236			
493	b	6	658.37701416	-9.37723446			
493	b	7	715.39849854	-8.02405930			
493	y	1	147.11276245	-5.35253525			
493	y	2	204.13423157	-5.97116804			
493	y	3	291.16622925	-6.41475010			
493	y	4	378.19827271	-5.58488941			
493	y	5	491.28231812	-6.01632595			
493	y	6	620.32495117	-4.44707394			
493	y	7	733.40899658	-4.34820890			
494	b	1	115.05016327	-9.94973469			
494	b	2	228.13421631	-5.05261660			
494	b	3	341.21829224	-4.93428087			
494	b	4	454.30233765	-7.56148386			
494	b	5	583.34497070	-8.11795521			
494	b	6	712.38757324	-8.23558807			
494	b	7	769.40905762	-9.20598888			
494	b	8	897.50402832	-8.88699245			
494	b	9	1026.54650879	-8.59902573			
494	b	10	1139.63061523	-7.78642321			
494	b	11	1252.71472168	-7.45675898			
494	b	12	1351.78308105	-8.20967293			
494	b	13	1408.80456543	-9.53735542			
494	b	14	1523.83154297	-9.16184044			
494	b	15	1622.89990234	-9.55951786			
494	b	16	1679.92138672	-9.88579178			
494	b	17	1807.97998047	-9.96578407			
494	b	18	1909.02770996	-9.94546413			
494	b	19	2008.09606934	-9.96578407			
494	b	20	2122.13916016	-9.96578407			
494	b	21	2236.18212891	-9.96578407			
494	b	22	2349.26611328	-9.92033100			
494	b	23	2512.32934570	-9.96578407			
494	b	24	2583.36645508	-9.95133209			
494	b	25	2684.41406250	-9.96578407			
494	b	26	2831.48242188	-9.96578407			
494	b	27	2930.55078125	-9.96214676			
494	y	1	147.11276245	-7.08152390			
494	y	2	246.18116760	-7.39083576			
494	y	3	393.24957275	-7.57555437			
494	y	4	494.29724121	-7.27995682			
494	y	5	565.33441162	-7.06959915			
494	y	6	728.39770508	-6.74076366			
494	y	7	841.48175049	-8.29780579			
494	y	8	955.52465820	-7.38697147			
494	y	9	1069.56762695	-6.14690781			
494	y	10	1168.63598633	-7.57880449			
494	y	11	1269.68371582	-7.20596123			
494	y	12	1397.74230957	-8.78408718			
494	y	13	1454.76379395	-7.40731049			
494	y	14	1553.83215332	-9.30086899			
494	y	15	1668.85913086	-9.68529892			
494	y	16	1725.88061523	-9.03541088			
494	y	17	1824.94897461	-9.56247902			
494	y	18	1938.03308105	-9.91629410			
494	y	19	2051.11718750	-9.90406322			
494	y	20	2180.15966797	-9.87591076			
494	y	21	2308.25463867	-9.96578407			
494	y	22	2365.27612305	-9.94702339			
494	y	23	2494.31860352	-9.96578407			
494	y	24	2623.36108398	-9.96578407			
494	y	25	2736.44506836	-9.96578407			
494	y	26	2849.52905273	-9.94933987			
494	y	27	2962.61303711	-9.95861816			
495	b	1	58.02870178	-9.90639973			
495	b	2	157.09710693	-5.07458830			
495	b	3	270.18118286	-7.17403316			
495	b	4	371.22885132	-8.16742706			
495	b	5	470.29727173	-9.47310543			
495	b	6	598.39227295	-9.96578407			
495	b	7	713.41918945	-8.06800556			
495	b	8	770.44067383	-9.71822739			
495	y	1	147.11276245	-6.26877117			
495	y	2	204.13423157	-5.12301445			
495	y	3	319.16116333	-6.16497564			
495	y	4	447.25613403	-5.52087831			
495	y	5	546.32458496	-5.02963686			
495	y	6	647.37225342	-4.16718054			
495	y	7	760.45629883	-5.36284208			
495	y	8	859.52471924	-9.93936348			
496	b	1	129.10218811	-3.42624378			
496	b	2	216.13421631	-7.80371618			
496	b	3	331.16116333	-8.13498688			
496	b	4	388.18261719	-9.61155796			
496	b	5	501.26669312	-7.47391033			
496	b	6	664.33001709	-7.43811846			
496	b	7	777.41406250	-6.67639303			
496	b	8	890.49810791	-7.25779581			
496	b	9	1004.54101562	-7.19726896			
496	b	10	1117.62500000	-8.18806267			
496	y	1	147.11276245	-5.53427172			
496	y	2	260.19680786	-6.56373405			
496	y	3	374.23974609	-6.12600565			
496	y	4	487.32382202	-6.32013607			
496	y	5	600.40789795	-7.23638868			
496	y	6	763.47119141	-6.56306791			
496	y	7	876.55523682	-9.54777813			
496	y	8	933.57672119	-7.15135765			
496	y	9	1048.60363770	-7.25670099			
496	y	10	1135.63562012	-6.14380074			
497	b	1	102.05490875	-8.59583855			
497	b	2	215.13897705	-4.16172171			
497	b	3	286.17608643	-8.35544586			
497	b	4	343.19754028	-7.97249413			
497	b	5	456.28158569	-9.59490776			
497	b	6	570.32452393	-9.81645966			
497	b	7	669.39294434	-9.77787018			
497	b	8	782.47698975	-9.94123077			
497	y	1	175.11891174	-5.47171307			
497	y	2	288.20297241	-7.27788305			
497	y	3	387.27139282	-7.76590395			
497	y	4	501.31433105	-5.46837425			
497	y	5	614.39843750	-7.07528257			
497	y	6	671.41992188	-4.31398153			
497	y	7	742.45703125	-3.06748080			
497	y	8	855.54107666	-9.19523335			
498	b	1	115.05016327	-9.96578407			
498	b	2	228.13421631	-5.11305141			
498	b	3	315.16622925	-6.46469164			
498	b	4	428.25027466	-7.49304008			
498	b	5	527.31872559	-8.18379974			
498	b	6	626.38714600	-9.41814995			
498	b	7	763.44604492	-9.02857018			
498	b	8	820.46752930	-8.72368526			
498	b	9	917.52032471	-9.94716644			
498	b	10	974.54180908	-9.96578407			
498	b	11	1089.56872559	-8.83002663			
498	b	12	1202.65283203	-9.96578407			
498	y	1	175.11891174	-6.18246174			
498	y	2	288.20297241	-4.69807100			
498	y	3	403.22991943	-9.96578407			
498	y	4	460.25137329	-9.96578407			
498	y	5	557.30419922	-7.10444927			
498	y	6	614.32568359	-5.67545366			
498	y	7	751.38458252	-5.66955137			
498	y	8	850.45300293	-5.01826954			
498	y	9	949.52142334	-5.50680590			
498	y	10	1062.60546875	-7.22633934			
498	y	11	1149.63745117	-5.60771275			
498	y	12	1262.72155762	-9.96578407			
499	b	1	157.10833740	-6.77659416			
499	b	2	270.19241333	-8.82045364			
499	b	3	385.21936035	-5.42861605			
499	b	4	498.30343628	-7.26655960			
499	b	5	569.34057617	-7.31005049			
499	b	6	626.36206055	-7.38280249			
499	y	1	175.11891174	-5.06160164			
499	y	2	232.14038086	-9.43277836			
499	y	3	303.17749023	-8.23881340			
499	y	4	416.26156616	-5.35722494			
499	y	5	531.28851318	-6.93453264			
499	y	6	644.37255859	-6.34497690			
500	b	1	157.10833740	-6.50368071			
500	b	2	270.19241333	-8.36178493			
500	b	3	398.25100708	-7.24757957			
500	b	4	511.33505249	-7.07151842			
500	b	5	658.40350342	-6.48964214			
500	b	6	755.45623779	-8.99054146			
500	y	1	175.11891174	-5.58432150			
500	y	2	272.17166138	-6.24295998			
500	y	3	419.24008179	-8.12942123			
500	y	4	532.32415771	-8.05842209			
500	y	5	660.38275146	-7.33388472			
500	y	6	773.46679688	-6.19158077			
501	b	1	132.04771423	-9.96578407			
501	b	2	288.14883423	-9.41368580			
501	b	3	417.19143677	-8.26271629			
501	b	4	530.27551270	-6.89861393			
501	b	5	629.34393311	-6.85103273			
501	b	6	766.40283203	-7.56210613			
501	b	7	879.48687744	-8.78465652			
501	b	8	1007.54547119	-9.73857880			
501	b	9	1078.58251953	-9.96578407			
501	b	10	1135.60400391	-9.90469456			
501	b	11	1263.66259766	-9.96578407			
501	b	12	1419.76367188	-9.96578407			
501	b	13	1476.78515625	-9.96578407			
501	b	14	1590.82812500	-9.96201611			
501	b	15	1718.88671875	-9.96578407			
501	b	16	1831.97082520	-9.95850658			
501	b	17	1888.99230957	-9.96503448			
501	b	18	1960.02941895	-9.96578407			
501	y	1	147.11276245	-6.27240610			
501	y	2	218.14988708	-7.70524073			
501	y	3	275.17132568	-5.87730598			
501	y	4	388.25540161	-6.74684715			
501	y	5	516.31402588	-9.53488445			
501	y	6	630.35693359	-9.28463459			
501	y	7	687.37841797	-8.94912910			
501	y	8	843.47949219	-9.18079376			
501	y	9	971.53808594	-9.33154297			
501	y	10	1028.55957031	-8.27998257			
501	y	11	1099.59667969	-9.32676315			
501	y	12	1227.65527344	-9.84349537			
501	y	13	1340.73937988	-9.82355499			
501	y	14	1477.79833984	-9.96578407			
501	y	15	1576.86669922	-9.96578407			
501	y	16	1689.95080566	-9.94110680			
501	y	17	1818.99340820	-9.95925617			
501	y	18	1975.09448242	-9.94974041			
502	b	1	72.04434967	-9.30817986			
502	b	2	187.07128906	-5.57704687			
502	b	3	300.15536499	-8.31338787			
502	b	4	415.18231201	-7.82804966			
502	b	5	528.26641846	-9.74784756			
502	b	6	629.31408691	-9.78120327			
502	b	7	757.40905762	-9.95174122			
502	y	1	175.11891174	-5.03721523			
502	y	2	303.21383667	-6.89126015			
502	y	3	404.26150513	-5.93505716			
502	y	4	517.34558105	-4.55582857			
502	y	5	632.37249756	-3.77811956			
502	y	6	745.45654297	-5.61893988			
502	y	7	860.48345947	-8.06664658			
503	b	1	129.10218811	-4.19569397			
503	b	2	216.13421631	-7.86204243			
503	b	3	330.17715454	-8.96299744			
503	b	4	387.19860840	-8.23339939			
503	b	5	500.28268433	-7.24640656			
503	b	6	663.34600830	-7.62619352			
503	b	7	776.43005371	-7.92930746			
503	b	8	889.51409912	-9.31961918			
503	b	9	1003.55700684	-9.40040588			
503	b	10	1116.64099121	-9.49046898			
503	b	11	1244.73596191	-9.20516014			
503	y	1	175.11891174	-5.93192530			
503	y	2	303.21383667	-8.28301048			
503	y	3	416.29788208	-8.51411724			
503	y	4	530.34082031	-6.79703617			
503	y	5	643.42492676	-5.82193613			
503	y	6	756.50897217	-6.40887451			
503	y	7	919.57226562	-5.28435326			
503	y	8	1032.65625000	-7.98502588			
503	y	9	1089.67773438	-6.55425072			
503	y	10	1203.72070312	-7.30799532			
503	y	11	1290.75268555	-6.47812510			
504	b	1	130.04981995	-9.12269783			
504	b	2	243.13388062	-6.46063948			
504	b	3	342.20230103	-9.70074940			
504	b	4	479.26119995	-7.85427094			
504	b	5	592.34527588	-7.85546494			
504	b	6	720.40386963	-8.37335491			
504	b	7	791.44097900	-9.22429466			
504	b	8	848.46246338	-8.40335464			
504	b	9	976.52105713	-9.84315395			
504	b	10	1132.62207031	-9.96578407			
504	b	11	1189.64355469	-9.96578407			
504	b	12	1303.68652344	-9.96578407			
504	b	13	1431.74511719	-9.86640263			
504	b	14	1544.82922363	-9.96578407			
504	b	15	1601.85070801	-9.96373749			
504	b	16	1672.88781738	-9.96578407			
504	y	1	147.11276245	-5.91120815			
504	y	2	218.14988708	-7.86935139			
504	y	3	275.17132568	-5.87310362			
504	y	4	388.25540161	-7.60636425			
504	y	5	516.31402588	-9.93288422			
504	y	6	630.35693359	-9.52234077			
504	y	7	687.37841797	-8.96237087			
504	y	8	843.47949219	-9.16544914			
504	y	9	971.53808594	-9.15245819			
504	y	10	1028.55957031	-8.15641880			
504	y	11	1099.59667969	-8.77631760			
504	y	12	1227.65527344	-9.14993095			
504	y	13	1340.73937988	-9.55584621			
504	y	14	1477.79833984	-9.96578407			
504	y	15	1576.86669922	-9.96578407			
504	y	16	1689.95080566	-9.96578407			
505	b	1	114.09129333	-9.96578407			
505	b	2	213.15969849	-5.39017868			
505	b	3	326.24374390	-9.30052471			
505	b	4	455.28634644	-9.96578407			
505	b	5	570.31329346	-9.83740616			
505	b	6	698.40826416	-9.96578407			
505	b	7	812.45117188	-9.70897388			
505	b	8	940.54614258	-9.93734360			
505	b	9	1103.60937500	-9.92916012			
505	b	10	1217.65234375	-9.80911350			
505	b	11	1318.70007324	-9.96578407			
505	b	12	1415.75280762	-9.96578407			
505	y	1	147.11276245	-5.97376251			
505	y	2	244.16552734	-4.87560654			
505	y	3	345.21319580	-7.97243214			
505	y	4	459.25613403	-7.65926933			
505	y	5	622.31945801	-6.95991564			
505	y	6	750.41442871	-7.75942755			
505	y	7	864.45733643	-6.93457603			
505	y	8	992.55230713	-8.49897194			
505	y	9	1107.57922363	-7.72463369			
505	y	10	1236.62182617	-9.20641136			
505	y	11	1349.70593262	-9.96578407			
505	y	12	1448.77429199	-9.96578407			
506	b	1	138.06614685	-9.24496651			
506	b	2	239.11383057	-7.05570221			
506	b	3	296.13528442	-9.09151077			
506	b	4	393.18804932	-9.96578407			
506	b	5	450.20950317	-8.97015858			
506	b	6	563.29357910	-6.45496798			
506	b	7	676.37762451	-6.38737392			
506	b	8	763.40966797	-7.50306082			
506	b	9	910.44506836	-7.47031832			
506	b	10	1011.49273682	-8.10275269			
506	b	11	1125.53564453	-8.06902599			
506	b	12	1196.57275391	-7.38122511			
506	b	13	1253.59423828	-6.95577383			
506	b	14	1350.64697266	-9.76699734			
506	b	15	1464.68994141	-9.57563591			
506	b	16	1565.73767090	-9.93166351			
506	b	17	1679.78063965	-9.96578407			
506	b	18	1794.80761719	-9.96578407			
506	b	19	1881.83959961	-9.96578407			
506	b	20	2009.89819336	-9.90429783			
506	b	21	2156.96679688	-9.95211601			
506	b	22	2304.03515625	-9.96578407			
506	b	23	2417.11914062	-9.96578407			
506	b	24	2577.14990234	-9.96578407			
506	b	25	2678.19750977	-9.95680046			
506	b	26	2749.23461914	-9.94084358			
506	y	1	147.11276245	-6.93386555			
506	y	2	218.14988708	-7.74226093			
506	y	3	319.19754028	-7.22806072			
506	y	4	479.22824097	-9.96578407			
506	y	5	592.31231689	-9.08716393			
506	y	6	739.38073730	-9.96578407			
506	y	7	886.44915771	-9.87372112			
506	y	8	1014.50775146	-9.89212513			
506	y	9	1101.53979492	-9.45886230			
506	y	10	1216.56677246	-9.03724957			
506	y	11	1330.60974121	-9.73481274			
506	y	12	1431.65747070	-9.89854717			
506	y	13	1545.70043945	-9.77559662			
506	y	14	1642.75317383	-9.96578407			
506	y	15	1699.77465820	-9.14173317			
506	y	16	1770.81176758	-9.94362068			
506	y	17	1884.85473633	-9.96578407			
506	y	18	1985.90246582	-9.96578407			
506	y	19	2132.93774414	-9.96578407			
506	y	20	2219.96972656	-9.96578407			
506	y	21	2333.05371094	-9.95316410			
506	y	22	2446.13769531	-9.96578407			
506	y	23	2503.15917969	-9.96578407			
506	y	24	2600.21191406	-9.96240997			
506	y	25	2657.23339844	-9.95949936			
506	y	26	2758.28100586	-9.96578407			
507	b	1	190.05322266	-9.77739906			
507	b	2	277.08523560	-6.72038174			
507	b	3	378.13290405	-9.28734303			
507	b	4	506.22787476	-7.67758989			
507	b	5	619.31195068	-6.60469580			
507	b	6	676.33343506	-8.53435993			
507	b	7	733.35491943	-8.92596722			
507	b	8	846.43896484	-8.70222664			
507	b	9	903.46044922	-9.83122349			
507	b	10	1004.50811768	-9.80960369			
507	b	11	1103.57641602	-9.24288082			
507	b	12	1200.62915039	-9.91142750			
507	b	13	1299.69750977	-9.96578407			
507	b	14	1356.71899414	-9.85418415			
507	y	1	175.11891174	-7.37215662			
507	y	2	232.14038086	-7.84191895			
507	y	3	331.20877075	-9.51821709			
507	y	4	428.26153564	-5.24929285			
507	y	5	527.32995605	-8.07690525			
507	y	6	628.37768555	-8.38178253			
507	y	7	685.39916992	-5.77390337			
507	y	8	798.48321533	-8.26373291			
507	y	9	855.50469971	-6.14690208			
507	y	10	912.52618408	-3.72745180			
507	y	11	1025.61022949	-5.07046366			
507	y	12	1153.70520020	-7.19610643			
507	y	13	1254.75292969	-8.64684677			
507	y	14	1341.78491211	-9.75309944			
508	b	1	114.09129333	-9.96578407			
508	b	2	277.15463257	-5.56132555			
508	b	3	424.22305298	-6.09281111			
508	b	4	537.30712891	-9.16955662			
508	b	5	665.36572266	-9.63241005			
508	b	6	825.39642334	-9.84135532			
508	b	7	954.43902588	-9.96578407			
508	b	8	1055.48669434	-9.90329552			
508	b	9	1215.51745605	-9.92413521			
508	b	10	1352.57641602	-9.96578407			
508	b	11	1439.60839844	-9.96578407			
508	y	1	175.11891174	-6.54699183			
508	y	2	262.15093994	-7.64193439			
508	y	3	399.20983887	-7.10418797			
508	y	4	559.24060059	-9.96578407			
508	y	5	660.28826904	-9.96578407			
508	y	6	789.33087158	-9.96578407			
508	y	7	949.36157227	-9.87064838			
508	y	8	1077.42016602	-9.96578407			
508	y	9	1190.50427246	-9.96578407			
508	y	10	1337.57275391	-9.96578407			
508	y	11	1500.63610840	-9.94942093			
509	b	1	58.02870178	-9.85628414			
509	b	2	218.05940247	-9.96578407			
509	b	3	331.14346313	-8.88653088			
509	b	4	432.19113159	-8.97747993			
509	b	5	545.27520752	-9.85648060			
509	b	6	658.35925293	-9.96578407			
509	b	7	715.38073730	-9.31759644			
509	b	8	772.40222168	-9.62853813			
509	b	9	829.42370605	-9.85837364			
509	b	10	943.46661377	-9.96578407			
509	b	11	1044.51428223	-9.96578407			
509	b	12	1115.55139160	-9.88613224			
509	b	13	1216.59912109	-9.91302204			
509	b	14	1376.62976074	-9.96578407			
509	b	15	1536.66052246	-9.96578407			
509	b	16	1607.69763184	-9.96041965			
509	y	1	147.11276245	-7.33129358			
509	y	2	218.14988708	-9.26904106			
509	y	3	378.18057251	-9.96578407			
509	y	4	538.21130371	-9.86827850			
509	y	5	639.25897217	-9.96578407			
509	y	6	710.29608154	-9.96578407			
509	y	7	811.34375000	-9.96578407			
509	y	8	925.38665771	-9.49452305			
509	y	9	982.40814209	-8.87536049			
509	y	10	1039.42956543	-8.49660015			
509	y	11	1096.45104980	-8.23914528			
509	y	12	1209.53515625	-9.44493771			
509	y	13	1322.61926270	-9.70795536			
509	y	14	1423.66699219	-9.96578407			
509	y	15	1536.75109863	-9.96578407			
509	y	16	1696.78173828	-9.92528629			
510	b	1	100.07564545	-9.96578407			
510	b	2	213.15969849	-4.49292660			
510	b	3	312.22811890	-5.79875278			
510	b	4	459.26351929	-8.78017616			
510	b	5	516.28503418	-9.36936855			
510	b	6	630.32794189	-7.76131058			
510	b	7	727.38067627	-9.87015438			
510	b	8	798.41778564	-9.94421864			
510	b	9	912.46069336	-9.82180309			
510	b	10	1025.54467773	-9.71164322			
510	b	11	1139.58764648	-9.96578407			
510	b	12	1299.61828613	-9.91419697			
510	b	13	1412.70239258	-9.91975021			
510	b	14	1513.75012207	-9.96578407			
510	b	15	1584.78723145	-9.96578407			
510	b	16	1671.81921387	-9.96042824			
510	y	1	147.11276245	-6.77962446			
510	y	2	234.14479065	-7.18980265			
510	y	3	305.18188477	-7.47936821			
510	y	4	406.22955322	-7.07424498			
510	y	5	519.31365967	-8.40650082			
510	y	6	679.34436035	-9.96578407			
510	y	7	793.38726807	-9.94372368			
510	y	8	906.47131348	-9.55017662			
510	y	9	1020.51422119	-9.96578407			
510	y	10	1091.55139160	-9.96578407			
510	y	11	1188.60412598	-9.96578407			
510	y	12	1302.64709473	-9.79772091			
510	y	13	1359.66857910	-8.03664494			
510	y	14	1506.70397949	-9.83193016			
510	y	15	1605.77233887	-9.75880909			
510	y	16	1718.85644531	-9.96578407			
511	b	1	129.06581116	-9.03752041			
511	b	2	186.08728027	-7.90330553			
511	b	3	314.14584351	-8.02705097			
511	b	4	443.18844604	-8.98452950			
511	b	5	544.23614502	-9.53317356			
511	b	6	615.27325439	-7.77449417			
511	b	7	714.34167480	-8.01972771			
511	b	8	785.37878418	-8.09463596			
511	b	9	882.43157959	-9.81139278			
511	b	10	969.46362305	-8.47704887			
511	b	11	1082.54760742	-9.07095623			
511	b	12	1181.61596680	-9.85534573			
511	b	13	1252.65307617	-9.79092026			
511	b	14	1349.70581055	-9.96578407			
511	b	15	1420.74291992	-9.96578407			
511	b	16	1533.82702637	-9.96578407			
511	b	17	1647.86999512	-9.96578407			
511	b	18	1775.96496582	-9.96578407			
511	b	19	1873.01770020	-9.95693779			
511	y	1	147.11276245	-6.96498060			
511	y	2	244.16552734	-5.82892323			
511	y	3	372.26046753	-8.41999149			
511	y	4	486.30340576	-7.37791014			
511	y	5	599.38751221	-8.04160881			
511	y	6	670.42462158	-8.23650360			
511	y	7	767.47741699	-4.38176346			
511	y	8	838.51452637	-5.24004555			
511	y	9	937.58294678	-6.67087269			
511	y	10	1050.66699219	-9.31467056			
511	y	11	1137.69897461	-9.15075874			
511	y	12	1234.75170898	-7.45119619			
511	y	13	1305.78881836	-9.12586498			
511	y	14	1404.85717773	-9.95670033			
511	y	15	1475.89428711	-9.91086006			
511	y	16	1576.94201660	-9.95487118			
511	y	17	1705.98461914	-9.96578407			
511	y	18	1834.04321289	-9.96578407			
511	y	19	1891.06469727	-9.95664787			
512	b	1	129.06581116	-9.05403423			
512	b	2	244.09274292	-4.77127790			
512	b	3	357.17678833	-5.29805517			
512	b	4	424.21896362	-9.81969547			
512	b	5	538.26190186	-9.96578407			
512	b	6	639.30957031	-9.83242798			
512	b	7	770.35003662	-9.82150173			
512	b	8	884.39294434	-9.91259098			
512	b	9	955.43005371	-9.81967831			
512	b	10	1026.46716309	-9.96578407			
512	b	11	1155.50976562	-9.89482784			
512	b	12	1268.59387207	-9.96578407			
512	b	13	1369.64160156	-9.95303631			
512	b	14	1484.66857910	-9.96578407			
512	y	1	147.11276245	-6.43867826			
512	y	2	262.13967896	-7.13890266			
512	y	3	363.18734741	-6.29007578			
512	y	4	476.27139282	-6.75424242			
512	y	5	605.31402588	-7.20974255			
512	y	6	676.35113525	-6.72501469			
512	y	7	747.38824463	-7.37172365			
512	y	8	861.43115234	-6.37830114			
512	y	9	992.47161865	-6.44445038			
512	y	10	1093.51928711	-6.89196777			
512	y	11	1207.56225586	-7.81343031			
512	y	12	1274.60437012	-4.60935497			
512	y	13	1387.68847656	-9.18374062			
512	y	14	1502.71545410	-9.85247421			
513	b	1	129.10218811	-3.23777032			
513	b	2	228.17059326	-6.71235323			
513	b	3	375.23901367	-7.76098585			
513	b	4	488.32308960	-8.67717743			
513	b	5	617.36578369	-8.68890381			
513	b	6	732.39270020	-8.37645149			
513	b	7	831.46112061	-9.74096584			
513	b	8	918.49316406	-9.96578407			
513	y	1	175.11891174	-6.06194353			
513	y	2	262.15093994	-8.27488995			
513	y	3	361.21932983	-5.43929434			
513	y	4	476.24627686	-5.75415897			
513	y	5	605.28894043	-5.66672802			
513	y	6	718.37298584	-5.34641171			
513	y	7	865.44140625	-3.91414213			
513	y	8	964.50982666	-5.43137884			
514	b	1	114.09129333	-9.95281887			
514	b	2	185.12841797	-4.12329483			
514	b	3	298.21249390	-8.50401306			
514	b	4	413.23944092	-6.17947626			
514	b	5	526.32354736	-9.67679214			
514	b	6	655.36614990	-9.50085831			
514	b	7	768.45019531	-9.83789444			
514	b	8	839.48730469	-9.91492271			
514	b	9	940.53497314	-9.91198063			
514	b	10	1103.59826660	-9.94564915			
514	y	1	175.11891174	-6.25058746			
514	y	2	338.18222046	-8.63676739			
514	y	3	439.22988892	-7.25050735			
514	y	4	510.26699829	-6.20077229			
514	y	5	623.35107422	-5.51307106			
514	y	6	752.39367676	-5.00913572			
514	y	7	865.47772217	-5.06268740			
514	y	8	980.50463867	-4.48847532			
514	y	9	1093.58874512	-5.95260143			
514	y	10	1164.62585449	-7.49446964			
515	b	1	58.02870178	-9.96578407			
515	b	2	171.11276245	-6.05019236			
515	b	3	228.13423157	-8.65185738			
515	b	4	315.16625977	-9.95861530			
515	b	5	400.21902466	-9.96578407			
515	b	6	501.26669312	-9.85078812			
515	b	7	638.32562256	-9.82988358			
515	b	8	735.37835693	-9.94483757			
515	b	9	836.42602539	-9.96578407			
515	b	10	907.46313477	-9.75896931			
515	b	11	978.50024414	-9.51795769			
515	b	12	1077.56860352	-9.84277153			
515	y	1	147.11276245	-4.82021952			
515	y	2	246.18116760	-6.78200817			
515	y	3	317.21826172	-7.76589394			
515	y	4	388.25537109	-8.32027340			
515	y	5	489.30303955	-8.15727329			
515	y	6	586.35583496	-4.40361357			
515	y	7	723.41473389	-6.98376226			
515	y	8	824.46240234	-7.40897036			
515	y	9	909.51519775	-8.81077194			
515	y	10	996.54724121	-9.86411095			
515	y	11	1053.56872559	-9.60419846			
515	y	12	1166.65283203	-9.96578407			
516	b	1	115.05016327	-9.58178139			
516	b	2	228.13421631	-4.36288500			
516	b	3	341.21829224	-5.82085752			
516	b	4	438.27105713	-9.96578407			
516	b	5	509.30816650	-9.96578407			
516	b	6	596.34020996	-9.92295551			
516	b	7	697.38787842	-9.93072224			
516	b	8	754.40936279	-9.91947651			
516	b	9	825.44647217	-9.86433792			
516	b	10	896.48358154	-9.89981461			
516	y	1	147.11276245	-6.25276804			
516	y	2	218.14988708	-8.13582516			
516	y	3	289.18698120	-9.25993824			
516	y	4	346.20843506	-7.62597132			
516	y	5	447.25610352	-7.59568024			
516	y	6	534.28814697	-6.22515726			
516	y	7	605.32525635	-6.59451580			
516	y	8	702.37805176	-3.04414344			
516	y	9	815.46209717	-4.83870459			
516	y	10	928.54614258	-9.70380783			
517	b	1	72.04434967	-9.88968563			
517	b	2	129.06581116	-8.03465462			
517	b	3	242.14987183	-5.18345976			
517	b	4	313.18698120	-6.17548084			
517	b	5	426.27102661	-9.66288567			
517	b	6	540.31396484	-9.93809605			
517	b	7	655.34088135	-9.92208481			
517	b	8	792.39978027	-8.94344616			
517	b	9	939.46820068	-8.08961964			
517	b	10	1038.53649902	-9.22643661			
517	y	1	147.11276245	-5.51529551			
517	y	2	246.18116760	-7.47805929			
517	y	3	393.24957275	-7.58438253			
517	y	4	530.30853271	-6.62927246			
517	y	5	645.33544922	-7.24644423			
517	y	6	759.37835693	-5.50716829			
517	y	7	872.46240234	-5.36993790			
517	y	8	943.49951172	-5.95824003			
517	y	9	1056.58361816	-9.80981827			
517	y	10	1113.60510254	-9.70474529			
518	b	1	130.04981995	-9.26228809			
518	b	2	259.09240723	-5.17918491			
518	b	3	372.17648315	-7.27681208			
518	b	4	471.24490356	-9.80271149			
518	b	5	542.28204346	-9.74941349			
518	b	6	671.32464600	-9.72523212			
518	b	7	799.38323975	-9.82982063			
518	b	8	870.42034912	-9.77088261			
518	b	9	983.50439453	-9.90882778			
518	y	1	147.11276245	-5.36325788			
518	y	2	260.19680786	-7.66690779			
518	y	3	331.23391724	-7.46196747			
518	y	4	459.29251099	-6.81084585			
518	y	5	588.33514404	-6.03939247			
518	y	6	659.37225342	-3.88132119			
518	y	7	758.44067383	-4.78109550			
518	y	8	871.52471924	-5.93695593			
518	y	9	1000.56732178	-9.88725567			
519	b	1	102.05490875	-8.95329380			
519	b	2	215.13897705	-5.21057129			
519	b	3	316.18664551	-5.80874300			
519	b	4	429.27072144	-8.53078747			
519	b	5	558.31335449	-6.92509413			
519	b	6	657.38177490	-8.11146641			
519	b	7	785.47674561	-9.44326973			
519	b	8	882.52947998	-9.85408878			
519	b	9	969.56152344	-9.96578407			
519	b	10	1084.58837891	-9.01634121			
519	b	11	1185.63610840	-9.51265240			
519	b	12	1298.72021484	-9.26932812			
519	b	13	1427.76281738	-9.40465260			
519	b	14	1541.80578613	-9.75932693			
519	b	15	1640.87414551	-9.96578407			
519	y	1	147.11276245	-7.02904463			
519	y	2	246.18116760	-8.21605873			
519	y	3	360.22409058	-7.17013693			
519	y	4	489.26669312	-7.00375128			
519	y	5	602.35076904	-8.97012043			
519	y	6	703.39843750	-7.43851900			
519	y	7	818.42535400	-9.51102734			
519	y	8	905.45739746	-8.85675812			
519	y	9	1002.51013184	-4.85959816			
519	y	10	1130.60510254	-5.95227003			
519	y	11	1229.67346191	-6.73423147			
519	y	12	1358.71606445	-6.42811728			
519	y	13	1471.80017090	-9.14517498			
519	y	14	1572.84790039	-8.92710590			
519	y	15	1685.93200684	-9.96578407			
520	b	1	115.05016327	-8.81581974			
520	b	2	243.10873413	-3.77681160			
520	b	3	356.19277954	-4.97770023			
520	b	4	457.24044800	-7.70961666			
520	b	5	544.27252197	-9.82136440			
520	b	6	658.31542969	-9.10381889			
520	b	7	755.36822510	-9.71546555			
520	b	8	883.46319580	-9.58533573			
520	b	9	997.50610352	-9.68653393			
520	b	10	1098.55371094	-9.41903305			
520	b	11	1197.62207031	-8.83903503			
520	b	12	1344.69055176	-9.56993675			
520	b	13	1459.71752930	-8.78355026			
520	b	14	1530.75463867	-9.96578407			
520	y	1	147.11276245	-6.74218559			
520	y	2	218.14988708	-5.06380701			
520	y	3	333.17681885	-6.98374176			
520	y	4	480.24523926	-5.87417126			
520	y	5	579.31365967	-7.78826475			
520	y	6	680.36132812	-8.17818260			
520	y	7	794.40423584	-6.45481396			
520	y	8	922.49920654	-8.68795872			
520	y	9	1019.55200195	-4.23718786			
520	y	10	1133.59497070	-7.59805346			
520	y	11	1220.62695312	-6.46188450			
520	y	12	1321.67468262	-5.12501764			
520	y	13	1434.75878906	-7.56370974			
520	y	14	1562.81738281	-9.93165588			
521	b	1	72.04434967	-9.78196716			
521	b	2	200.10293579	-3.73828888			
521	b	3	313.18698120	-5.91984940			
521	b	4	442.22958374	-5.70099688			
521	b	5	541.29803467	-6.33476257			
521	b	6	640.36645508	-7.21827650			
521	b	7	737.41925049	-9.96578407			
521	b	8	824.45129395	-9.96578407			
521	b	9	895.48840332	-9.96578407			
521	b	10	982.52044678	-9.96578407			
521	b	11	1053.55749512	-9.94515800			
521	b	12	1166.64160156	-9.89336395			
521	b	13	1279.72570801	-9.96578407			
521	b	14	1392.80981445	-9.95198727			
521	y	1	147.11276245	-6.46706963			
521	y	2	260.19680786	-7.11585236			
521	y	3	373.28085327	-7.29128695			
521	y	4	486.36489868	-8.12545776			
521	y	5	557.40203857	-8.98578548			
521	y	6	644.43408203	-7.98510170			
521	y	7	715.47119141	-8.70346832			
521	y	8	802.50323486	-8.31274128			
521	y	9	899.55603027	-3.18598819			
521	y	10	998.62445068	-5.07561302			
521	y	11	1097.69287109	-5.99338675			
521	y	12	1226.73547363	-6.08283997			
521	y	13	1339.81958008	-7.45169258			
521	y	14	1467.87817383	-9.96578407			
522	b	1	114.09129333	-9.90845776			
522	b	2	228.13421631	-5.65058804			
522	b	3	357.17678833	-8.31223488			
522	b	4	486.21939087	-9.88134956			
522	b	5	557.25653076	-8.91637611			
522	b	6	644.28857422	-9.58770943			
522	b	7	773.33117676	-9.37967491			
522	b	8	902.37377930	-9.36463928			
522	b	9	1015.45782471	-9.54765034			
522	b	10	1128.54187012	-9.82866287			
522	b	11	1256.63684082	-9.96578407			
522	b	12	1355.70520020	-9.96578407			
522	b	13	1484.74780273	-9.96578407			
522	b	14	1612.80639648	-9.96578407			
522	y	1	147.11276245	-5.71079636			
522	y	2	275.17132568	-6.55191469			
522	y	3	404.21389771	-7.23119211			
522	y	4	503.28231812	-6.00488710			
522	y	5	631.37731934	-5.70939827			
522	y	6	744.46136475	-5.61984491			
522	y	7	857.54541016	-6.54660463			
522	y	8	986.58801270	-7.35280991			
522	y	9	1115.63061523	-8.69478703			
522	y	10	1202.66259766	-8.01606178			
522	y	11	1273.69970703	-9.15115166			
522	y	12	1402.74230957	-9.85956478			
522	y	13	1531.78491211	-9.96578407			
522	y	14	1645.82788086	-9.96515369			
523	b	1	115.05016327	-9.14634800			
523	b	2	186.08728027	-4.17416048			
523	b	3	299.17135620	-5.26341438			
523	b	4	400.21902466	-9.12082958			
523	b	5	515.24597168	-9.96578407			
523	b	6	629.28887939	-9.96578407			
523	b	7	700.32598877	-9.67463207			
523	b	8	813.41003418	-9.89075947			
523	b	9	926.49407959	-9.84959412			
523	b	10	997.53118896	-9.96578407			
523	y	1	175.11891174	-5.89674425			
523	y	2	246.15602112	-7.45921421			
523	y	3	359.24008179	-6.81110811			
523	y	4	472.32412720	-6.99325657			
523	y	5	543.36126709	-6.69790792			
523	y	6	657.40417480	-5.27214384			
523	y	7	772.43109131	-4.73000240			
523	y	8	873.47875977	-3.66831732			
523	y	9	986.56280518	-5.50595284			
523	y	10	1057.59997559	-9.66219521			
524	b	1	187.08654785	-8.44826508			
524	b	2	274.11856079	-6.99720049			
524	b	3	387.20260620	-8.35945606			
524	b	4	500.28665161	-9.86543465			
524	b	5	628.34527588	-9.68210316			
524	b	6	756.40386963	-9.62107372			
524	b	7	884.46246338	-9.82519436			
524	y	1	147.11276245	-5.72584200			
524	y	2	275.17132568	-7.33865881			
524	y	3	403.22988892	-7.27523851			
524	y	4	531.28851318	-6.20649815			
524	y	5	644.37255859	-5.60579014			
524	y	6	757.45660400	-5.79630280			
524	y	7	844.48864746	-5.09542274			
525	b	1	58.02870178	-9.90598869			
525	b	2	171.11276245	-9.05936813			
525	b	3	308.17166138	-5.74282360			
525	b	4	437.21426392	-6.68547010			
525	b	5	538.26196289	-8.09669209			
525	b	6	639.30963135	-8.52533817			
525	b	7	786.37805176	-8.44257259			
525	b	8	900.42095947	-8.77341366			
525	b	9	987.45300293	-8.33623886			
525	b	10	1100.53698730	-7.85405636			
525	b	11	1231.57751465	-9.29970741			
525	y	1	147.11276245	-5.53308392			
525	y	2	278.15322876	-5.66244364			
525	y	3	391.23727417	-8.45974827			
525	y	4	478.26931763	-7.83926201			
525	y	5	592.31225586	-8.05859089			
525	y	6	739.38067627	-8.07321358			
525	y	7	840.42834473	-8.23827076			
525	y	8	941.47601318	-6.33894968			
525	y	9	1070.51855469	-6.08966923			
525	y	10	1207.57751465	-9.37978840			
525	y	11	1320.66162109	-9.96194267			
526	b	1	114.09129333	-9.93008518			
526	b	2	201.12332153	-5.26143360			
526	b	3	364.18664551	-9.96578407			
526	b	4	479.21359253	-9.89888477			
526	b	5	580.26129150	-9.95558834			
526	b	6	651.29840088	-9.81768894			
526	b	7	738.33044434	-9.75945663			
526	b	8	852.37335205	-9.88383579			
526	y	1	147.11276245	-5.91006804			
526	y	2	261.15567017	-6.44726181			
526	y	3	348.18771362	-5.86141920			
526	y	4	419.22482300	-6.65465260			
526	y	5	520.27252197	-5.17017603			
526	y	6	635.29943848	-5.15551662			
526	y	7	798.36279297	-4.73522377			
526	y	8	885.39483643	-4.75304747			
527	b	1	102.05490875	-7.84777546			
527	b	2	215.13897705	-4.93127537			
527	b	3	316.18664551	-5.79571962			
527	b	4	429.27072144	-8.55352402			
527	b	5	558.31335449	-8.03826141			
527	b	6	629.35046387	-8.50717926			
527	b	7	758.39306641	-8.48313713			
527	b	8	855.44586182	-9.92376995			
527	b	9	968.52990723	-9.93550682			
527	b	10	1083.55676270	-9.77220440			
527	b	11	1184.60449219	-9.91603661			
527	b	12	1297.68859863	-9.86829281			
527	b	13	1426.73120117	-9.89425278			
527	b	14	1540.77416992	-9.96578407			
527	b	15	1639.84252930	-9.96578407			
527	y	1	147.11276245	-7.18149233			
527	y	2	246.18116760	-8.92967892			
527	y	3	360.22409058	-7.46115446			
527	y	4	489.26669312	-7.04403973			
527	y	5	602.35076904	-8.59673214			
527	y	6	703.39843750	-7.18782854			
527	y	7	818.42535400	-7.82867098			
527	y	8	931.50939941	-9.05138779			
527	y	9	1028.56213379	-4.85428095			
527	y	10	1157.60473633	-6.99580622			
527	y	11	1228.64184570	-6.22656775			
527	y	12	1357.68444824	-6.32336140			
527	y	13	1470.76855469	-8.87190819			
527	y	14	1571.81628418	-8.41503620			
527	y	15	1684.90039062	-9.96578407			
